Order_ID,Order_Date,Customer_ID,Customer_City,Customer_Age,Product,Category,Quantity,Unit_Price,Discount_Percent,Payment_Method,Order_Status,Customer_Rating
ORD000001,2026-10-07,CUST01441,Chennai,35.0,USB-C Fast Charger,Electronics,2,932.92,15.7,Debit Card,Delivered,2.5
ORD000002,,CUST01522,Delhi,19.0,Resistance Bands,Sports & Fitness,1,588.71,7.6,Debit Card,Delivered,4.3
ORD000003,2026-05-04,CUST00045,Mangaluru,30.0,Indian History,Books,2,534.58,4.1,Cash on Delivery,Delivered,4.1
ORD000004,2026-01-01,CUST01542,Surat,24.0,Men's Casual Shirt,Fashion,1,1162.86,16.1,UPI,Delivered,3.2
ORD000005,,CUST01584,Bengaluru,29.0,Resistance Bands,Sports & Fitness,1,608.37,16.8,UPI,Delivered,5.0
ORD000006,2026-02-06,CUST01816,Delhi,31.0,Rich Dad Poor Dad,Books,2,513.57,6.0,Credit Card,Delivered,4.3
ORD000007,,CUST01665,Chennai,23.0,Coffee 500g,Grocery,1,431.6,4.4,UPI,Delivered,4.4
ORD000008,,CUST00150,Jaipur,18.0,Protein Oats 1kg,Grocery,2,361.56,10.4,Credit Card,Returned,
ORD000009,,CUST00930,Surat,30.0,Non-Stick Fry Pan,Home & Kitchen,2,1257.02,14.3,Debit Card,Delivered,5.0
ORD000010,,CUST01252,Kochi,31.0,Basmati Rice 5kg,Grocery,2,700.67,11.6,Credit Card,Delivered,4.1
ORD000011,,CUST01927,Chennai,31.0,Dry Fruits Mix 500g,Grocery,1,610.26,4.3,Cash on Delivery,Delivered,3.7
ORD000012,,CUST01585,Kolkata,45.0,Mechanical Keyboard,Electronics,2,3036.02,4.8,UPI,Delivered,
ORD000013,2025-09-10,CUST01663,Chennai,19.0,Football,Sports & Fitness,2,953.51,9.4,Cash on Delivery,Delivered,4.2
ORD000014,,CUST01470,Jaipur,26.0,Laptop Backpack,Electronics,2,1842.22,10.7,UPI,Delivered,3.7
ORD000015,2025-03-09,CUST00756,Mangaluru,22.0,Skipping Rope,Sports & Fitness,1,308.42,3.0,Debit Card,Delivered,3.7
ORD000016,,CUST00804,Ahmedabad,34.0,Rich Dad Poor Dad,Books,4,470.8,5.3,UPI,Delivered,2.5
ORD000017,,CUST00141,Delhi,49.0,Almonds 500g,Grocery,2,531.6,4.6,Credit Card,Delivered,4.5
ORD000018,2026-09-01,CUST00451,Hyderabad,38.0,Dry Fruits Mix 500g,Grocery,1,605.44,10.8,Credit Card,Delivered,5.0
ORD000019,,CUST01900,Delhi,25.0,Skipping Rope,Sports & Fitness,2,310.97,9.6,Cash on Delivery,Delivered,4.0
ORD000020,,CUST01365,Kochi,39.0,Python Programming,Books,3,743.72,7.1,UPI,Returned,3.0
ORD000021,,CUST01659,Pune,52.0,Wireless Earbuds,Electronics,1,2521.22,13.9,UPI,Delivered,4.0
ORD000022,,CUST00126,Pune,31.0,Yoga Mat,Sports & Fitness,1,876.62,10.4,UPI,Delivered,5.0
ORD000023,,CUST01376,Chandigarh,25.0,Electric Kettle,Home & Kitchen,2,1612.26,3.9,UPI,Delivered,5.0
ORD000024,2026-07-03,CUST01908,Mangaluru,38.0,Data Structures,Books,2,817.03,4.7,Debit Card,Delivered,5.0
ORD000025,,CUST00957,Delhi,24.0,Men's Casual Shirt,Fashion,2,1171.35,15.3,UPI,Delivered,3.9
ORD000026,2026-10-04,CUST01026,Kochi,50.0,Denim Jeans,Fashion,2,1720.39,8.7,Debit Card,Delivered,4.5
ORD000027,,CUST00252,Bengaluru,33.0,Dry Fruits Mix 500g,Grocery,2,598.88,8.7,UPI,Delivered,4.5
ORD000028,,CUST00407,Chennai,23.0,SQL for Beginners,Books,1,671.09,6.7,UPI,Returned,2.8
ORD000029,,CUST00846,Pune,18.0,Cotton T-Shirt,Fashion,1,676.73,13.1,UPI,Delivered,5.0
ORD000030,,CUST01546,Hyderabad,25.0,Running Shoes,Fashion,2,2496.45,8.7,Debit Card,Delivered,3.3
ORD000031,,CUST00829,Ahmedabad,22.0,Men's Casual Shirt,Fashion,1,1133.42,6.5,UPI,Delivered,2.1
ORD000032,,CUST01912,Chennai,35.0,Wireless Earbuds,Electronics,1,2337.13,2.9,UPI,Delivered,3.4
ORD000033,,CUST00456,Surat,29.0,Cotton T-Shirt,Fashion,2,683.68,14.1,UPI,Delivered,4.1
ORD000034,,CUST00464,Bengaluru,18.0,Cotton T-Shirt,Fashion,3,701.3,10.7,UPI,Cancelled,
ORD000035,,CUST00064,Surat,30.0,Wireless Earbuds,Electronics,1,2437.02,16.0,UPI,Delivered,3.7
ORD000036,,CUST01004,Delhi,22.0,Lipstick,Beauty,3,605.24,10.0,Credit Card,Pending,
ORD000037,,CUST00920,Mysuru,44.0,Indian History,Books,2,532.65,4.2,Cash on Delivery,Delivered,3.3
ORD000038,,CUST02028,Mumbai,27.0,Denim Jeans,Fashion,1,1864.11,7.5,UPI,Delivered,3.5
ORD000039,,CUST00867,Hyderabad,27.0,Almonds 500g,Grocery,1,511.61,15.1,Wallet,Delivered,
ORD000040,2025-09-10,CUST01442,Chandigarh,35.0,Yoga Mat,Unknown,2,773.94,9.0,Credit Card,Delivered,5.0
ORD000041,,CUST01822,Hyderabad,30.0,Almonds 500g,Grocery,3,516.93,4.7,Credit Card,Returned,5.0
ORD000042,,CUST01050,Pune,39.0,Running Shoes,Fashion,2,2588.65,6.9,Debit Card,Delivered,
ORD000043,,CUST00557,Jaipur,33.0,Cooking Oil 5L,Grocery,3,797.24,5.6,UPI,Delivered,4.9
ORD000044,2026-08-01,CUST01209,Ahmedabad,44.0,Cotton T-Shirt,Fashion,2,673.29,11.9,Cash on Delivery,Delivered,3.0
ORD000045,2026-08-03,CUST00608,Kolkata,33.0,Water Bottle,Home & Kitchen,2,658.02,5.1,UPI,Delivered,5.0
ORD000046,2026-12-06,CUST00012,Chennai,37.0,Wireless Earbuds,Electronics,1,2460.28,9.8,UPI,Delivered,3.6
ORD000047,,CUST01024,Bengaluru,23.0,Smartwatch,Electronics,1,3309.68,13.4,UPI,Delivered,3.7
ORD000049,,CUST00078,Hyderabad,18.0,Hair Serum,Beauty,1,515.81,13.0,UPI,Delivered,3.8
ORD000050,,CUST01717,Kolkata,41.0,Sunscreen SPF 50,Beauty,1,718.29,8.3,Cash on Delivery,Delivered,
ORD000051,,CUST00951,Bengaluru,37.0,Water Bottle,Home & Kitchen,2,728.34,10.2,UPI,Delivered,4.8
ORD000052,,CUST01210,Chandigarh,31.0,Green Tea 100 Bags,Grocery,2,348.54,11.5,Debit Card,Delivered,3.7
ORD000053,,CUST00823,Bengaluru,27.0,Rich Dad Poor Dad,Books,1,538.43,15.3,UPI,Delivered,4.4
ORD000054,,CUST00916,Chennai,53.0,Women's Kurti,Fashion,2,968.07,11.5,Cash on Delivery,Returned,4.0
ORD000055,,CUST00671,Chennai,18.0,Shampoo,Beauty,3,541.22,12.2,Credit Card,Delivered,2.2
ORD000056,,CUST00194,Ahmedabad,22.0,USB-C Fast Charger,Electronics,1,971.7,8.2,UPI,Delivered,3.6
ORD000057,,CUST01121,Pune,28.0,Bluetooth Speaker,Electronics,2,1752.1,10.8,Credit Card,Cancelled,
ORD000058,2025-01-11,CUST00343,Bengaluru,27.0,Cotton T-Shirt,Fashion,2,705.19,13.9,UPI,Delivered,3.3
ORD000059,,CUST01158,Kolkata,34.0,Face Wash,Beauty,1,405.4,9.3,Credit Card,Pending,
ORD000060,2026-04-06,CUST00886,Delhi,18.0,Cotton T-Shirt,Fashion,1,722.59,12.2,Credit card ,Delivered,3.3
ORD000061,,CUST00520,Ahmedabad,35.0,Cotton T-Shirt,Fashion,1,681.28,5.2,UPI,Delivered,3.6
ORD000062,,CUST01232,Lucknow,36.0,Hair Serum,Beauty,1,515.17,9.7,Credit Card,Delivered,5.0
ORD000063,2026-03-01,CUST00475,Hyderabad,24.0,Basmati Rice 5kg,Grocery,1,725.1,9.9,UPI,Delivered,4.8
ORD000064,,CUST01181,Bengaluru,27.0,Power Bank 20000mAh,Electronics,2,1608.03,,Debit Card,Delivered,5.0
ORD000065,,CUST01054,Bengaluru,23.0,Almonds 500g,Grocery,2,480.45,9.9,UPI,Delivered,4.3
ORD000066,2026-09-07,CUST01074,Pune,18.0,Laptop Backpack,Electronics,2,1907.36,9.5,UPI,Delivered,3.4
ORD000067,,CUST00062,Surat,29.0,Women's Kurti,Fashion,2,993.12,8.1,Credit Card,Delivered,3.8
ORD000068,,CUST01245,Mumbai,32.0,Laptop Backpack,Electronics,1,1981.03,10.7,UPI,Delivered,2.9
ORD000069,,CUST01244,Delhi,32.0,Storage Container Set,Home & Kitchen,1,897.31,6.2,Debit Card,Delivered,4.2
ORD000070,2025-08-10,CUST00230,Bengaluru,27.0,Denim Jeans,Fashion,1,1857.71,15.2,UPI,Cancelled,
ORD000071,2025-03-11,CUST00056,Ahmedabad,20.0,Men's Casual Shirt,Fashion,2,1202.66,10.7,Debit Card,Delivered,3.9
ORD000072,,CUST00384,Surat,31.0,Atomic Habits,Books,3,568.65,2.6,Credit Card,Delivered,4.2
ORD000073,,CUST00181,Hyderabad,32.0,Cushion Set,Home & Kitchen,2,796.5,10.1,UPI,Delivered,4.9
ORD000074,,CUST02004,Pune,25.0,Protein Oats 1kg,Grocery,1,382.59,5.2,UPI,Delivered,4.1
ORD000075,,CUST01832,Surat,29.0,Men's Casual Shirt,Fashion,2,1196.05,13.0,Credit Card,Delivered,4.2
ORD000076,,CUST01315,Kolkata,35.0,Face Wash,Beauty,2,396.15,3.4,UPI,Delivered,4.6
ORD000077,2026-11-06,CUST00642,Delhi,25.0,Dry Fruits Mix 500g,Grocery,4,576.39,6.2,UPI,Returned,
ORD000078,,CUST00781,Chennai,40.0,Laptop Backpack,Electronics,2,1854.83,6.8,Credit Card,Delivered,4.2
ORD000079,,CUST00127,Mysuru,31.0,Non-Stick Fry Pan,Home & Kitchen,1,1227.3,8.3,UPI,Delivered,3.9
ORD000080,,CUST00762,Mysuru,37.0,Gym Gloves,Sports & Fitness,3,505.31,0.0,Credit Card,Delivered,5.0
ORD000081,,CUST01842,Bengaluru,32.0,Cooking Oil 5L,Grocery,2,872.43,10.6,upi,Returned,2.7
ORD000082,2026-05-05,CUST00709,Delhi,40.0,Storage Container Set,Home & Kitchen,3,929.66,1.8,UPI,Delivered,4.1
ORD000083,,CUST00097,Hyderabad,34.0,Coffee 500g,Grocery,2,445.39,6.9,Credit Card,Delivered,4.3
ORD000084,2025-02-12,CUST00121,Mangaluru,33.0,Water Bottle,Home & Kitchen,3,691.83,12.4,UPI,Delivered,
ORD000085,,CUST01993,Surat,22.0,Coffee 500g,Grocery,1,416.35,10.7,UPI,Returned,2.5
ORD000086,,CUST01497,Hyderabad,18.0,Non-Stick Fry Pan,Home & Kitchen,2,1207.04,0.0,Debit Card,Delivered,4.8
ORD000087,2025-12-10,CUST02036,Mysuru,32.0,Competitive Aptitude,Books,1,417.38,14.0,Credit Card,Delivered,4.3
ORD000088,,CUST00651,Kolkata,37.0,Water Bottle,Home & Kitchen,3,706.6,11.9,UPI,Delivered,5.0
ORD000089,,CUST00251,Chennai,33.0,Wireless Earbuds,Electronics,1,2377.32,11.2,Wallet,Delivered,3.4
ORD000090,,CUST01148,Chennai,33.0,Men's Casual Shirt,Fashion,3,1276.25,7.1,UPI,Delivered,3.8
ORD000091,,CUST00046,Surat,30.0,Data Structures,Books,3,753.63,,UPI,Delivered,4.2
ORD000092,,CUST01417,Hyderabad,24.0,Machine Learning Basics,Books,2,933.45,12.6,Credit Card,Delivered,3.9
ORD000093,,CUST01783,Mumbai,35.0,Cotton T-Shirt,Fashion,1,755.54,9.6,Debit Card,Delivered,
ORD000094,2026-07-03,CUST00355,Hyderabad,39.0,Protein Oats 1kg,Grocery,1,397.8,3.0,Wallet,Delivered,4.7
ORD000095,,CUST02004,Pune,25.0,Resistance Bands,Sports & Fitness,3,650.14,4.4,Net Banking,Delivered,4.9
ORD000096,2026-10-08,CUST00665,Mumbai,34.0,Green Tea 100 Bags,Grocery,1,342.61,15.1,Debit Card,Delivered,4.5
ORD000097,,CUST01217,Mumbai,39.0,Mechanical Keyboard,Electronics,2,3077.88,14.5,Net Banking,Pending,
ORD000098,2026-01-05,CUST00786,Chennai,39.0,1080p Webcam,Electronics,1,2223.45,6.8,Credit Card,Delivered,4.2
ORD000099,,CUST00657,Kolkata,36.0,Dumbbell Set 10kg,Sports & Fitness,2,2041.58,11.0,,Delivered,5.0
ORD000100,,CUST01004,delhi,22.0,Face Wash,Beauty,1,397.45,9.7,UPI,Delivered,4.2
ORD000101,,CUST00606,Bengaluru,18.0,Body Lotion,Beauty,1,445.01,6.2,UPI,Delivered,3.1
ORD000102,2026-05-03,CUST01493,Mysuru,43.0,Protein Oats 1kg,Grocery,2,396.25,2.6,Credit Card,Returned,2.8
ORD000103,2026-03-07,CUST01149,Hyderabad,25.0,Wireless Earbuds,Electronics,2,2449.48,,Credit Card,Delivered,4.3
ORD000104,2026-09-04,CUST00856,Kochi,39.0,Coffee 500g,Grocery,1,433.4,11.3,Credit Card,Delivered,5.0
ORD000105,,CUST00752,Chandigarh,21.0,Power Bank 20000mAh,Electronics,1,1415.23,9.0,UPI,Cancelled,
ORD000106,2025-06-10,CUST01497,Hyderabad,18.0,Wireless Earbuds,Electronics,2,2272.65,7.8,Debit Card,Delivered,5.0
ORD000107,2026-08-04,CUST00837,Ahmedabad,27.0,USB-C Fast Charger,Electronics,1,967.06,11.9,Net Banking,Delivered,3.3
ORD000108,2026-03-05,CUST01699,Bengaluru,36.0,Women's Kurti,Fashion,2,1007.51,14.0,UPI,Delivered,2.8
ORD000109,,CUST00562,Kolkata,32.0,Unknown,Home & Kitchen,2,1639.8,12.7,Credit Card,Delivered,4.9
ORD000110,,CUST00078,Hyderabad,18.0,Moisturizer,Beauty,2,671.78,8.5,UPI,Delivered,3.7
ORD000111,,CUST00319,Delhi,31.0,Hair Serum,Beauty,1,476.78,0.1,Wallet,Delivered,3.8
ORD000112,,CUST00813,Bengaluru,26.0,Python Programming,Books,2,694.98,1.9,UPI,Delivered,3.9
ORD000113,,CUST01274,Hyderabad,30.0,Perfume,Beauty,3,1268.33,8.7,UPI,Delivered,4.6
ORD000114,,CUST00020,Delhi,34.0,Denim Jeans,Fashion,3,1803.72,8.3,UPI,Delivered,5.0
ORD000115,,CUST01252,Kochi,31.0,Mechanical Keyboard,Electronics,2,2816.0,5.9,UPI,Delivered,5.0
ORD000116,,CUST01392,Bengaluru,43.0,Bluetooth Speaker,Electronics,1,1792.8,11.3,Cash on Delivery,Delivered,3.9
ORD000117,2025-03-09,CUST00486,Pune,36.0,SQL for Beginners,Books,1,640.89,4.9,UPI,Delivered,
ORD000118,,CUST01264,Kolkata,25.0,Python Programming,Books,3,676.72,13.0,,Delivered,4.5
ORD000119,,CUST00616,Lucknow,38.0,Atomic Habits,Books,2,604.35,2.5,Net Banking,Delivered,3.2
ORD000120,,CUST00506,Jaipur,21.0,Bedsheet Set,Home & Kitchen,1,1618.65,4.4,UPI,Returned,
ORD000121,2026-02-02,CUST01265,Hyderabad,38.0,Laptop Backpack,Electronics,1,1838.35,7.7,Debit Card,Delivered,3.8
ORD000122,,CUST00506,Jaipur,21.0,Protein Oats 1kg,Grocery,2,391.08,6.1,Credit Card,Delivered,4.1
ORD000123,,CUST00651,Kolkata,37.0,Bluetooth Speaker,Electronics,2,1746.79,8.0,Credit Card,Delivered,4.0
ORD000124,,CUST01907,Lucknow,29.0,Laptop Backpack,Electronics,2,1822.21,6.9,Net Banking,Delivered,4.8
ORD000125,,CUST01772,Lucknow,,USB-C Fast Charger,Electronics,2,1018.07,10.9,Credit Card,Delivered,4.5
ORD000126,,CUST00251,Chennai,33.0,Laptop Backpack,Electronics,2,1938.82,2.8,Cash on Delivery,Delivered,3.3
ORD000127,2026-06-07,CUST00292,Ahmedabad,37.0,Wireless Earbuds,Electronics,2,2541.3,13.8,UPI,Delivered,4.7
ORD000128,,CUST01238,Chennai,18.0,Storage Container Set,Home & Kitchen,1,902.52,7.4,UPI,Delivered,3.2
ORD000129,2026-05-03,CUST00283,Delhi,18.0,Green Tea 100 Bags,Grocery,1,354.11,8.0,Net Banking,Returned,2.7
ORD000130,,CUST00272,Bengaluru,34.0,Men's Casual Shirt,Fashion,1,1261.16,13.3,UPI,Delivered,5.0
ORD000131,,CUST01878,Bengaluru,18.0,Shampoo,Beauty,3,553.78,8.0,Credit Card,Delivered,4.3
ORD000132,,CUST00043,Chennai,31.0,Machine Learning Basics,Books,1,911.77,14.4,UPI,Delivered,5.0
ORD000133,,CUST01406,Delhi,28.0,Saree,Fashion,1,2109.45,4.1,Cash on Delivery,Delivered,3.5
ORD000134,2026-02-05,CUST01027,Lucknow,37.0,Skipping Rope,Sports & Fitness,1,302.07,0.1,UPI,Delivered,4.0
ORD000135,2025-05-12,CUST01508,Mysuru,36.0,Rich Dad Poor Dad,Books,1,504.5,10.0,UPI,Delivered,4.3
ORD000136,2026-06-08,CUST00639,Surat,27.0,Yoga Mat,Sports & Fitness,2,832.62,9.8,UPI,Delivered,4.3
ORD000137,,CUST00933,Delhi,36.0,Basmati Rice 5kg,Grocery,3,784.17,0.9,UPI,Cancelled,
ORD000138,,CUST01736,Ahmedabad,40.0,Coffee 500g,Grocery,1,424.77,5.7,UPI,Returned,3.5
ORD000139,,CUST00572,Jaipur,27.0,Protein Oats 1kg,Grocery,1,425.94,8.9,Net Banking,Delivered,
ORD000140,,CUST01569,,25.0,Non-Stick Fry Pan,Home & Kitchen,1,1286.8,2.2,UPI,Delivered,3.9
ORD000141,,CUST01748,Mumbai,21.0,Basmati Rice 5kg,Grocery,1,787.1,16.9,Debit Card,Delivered,3.3
ORD000142,,CUST01761,Mumbai,34.0,Basmati Rice 5kg,Grocery,2,820.15,8.0,Credit Card,Delivered,4.0
ORD000143,,CUST00656,Delhi,33.0,Non-Stick Fry Pan,Home & Kitchen,1,1299.69,17.0,UPI,Delivered,3.0
ORD000144,,CUST01442,Chandigarh,35.0,Rich Dad Poor Dad,Books,2,508.17,5.4,Wallet,Delivered,4.2
ORD000145,,CUST00444,Mumbai,32.0,Cotton T-Shirt,Fashion,2,722.57,9.7,Credit Card,Delivered,3.6
ORD000146,2026-04-01,CUST01761,Mumbai,34.0,Bluetooth Speaker,Electronics,1,1841.63,11.3,UPI,Delivered,4.6
ORD000147,2026-08-08,CUST00657,Kolkata,36.0,Body Lotion,Beauty,1,442.37,13.4,Cash on Delivery,Delivered,5.0
ORD000148,,CUST01466,Pune,27.0,Mechanical Keyboard,Electronics,2,2819.13,13.8,Credit Card,Delivered,4.4
ORD000149,,CUST00222,Pune,28.0,Protein Oats 1kg,Grocery,1,401.86,6.4,Cash on Delivery,Delivered,4.6
ORD000150,,CUST00981,Jaipur,34.0,LED Desk Lamp,Home & Kitchen,2,965.3,5.2,Debit Card,Delivered,3.0
ORD000151,,CUST01479,Hyderabad,,Organic Honey 500g,Grocery,3,423.52,12.0,UPI,Delivered,5.0
ORD000152,,CUST01657,Kolkata,34.0,USB-C Fast Charger,Electronics,2,1036.87,13.8,UPI,Cancelled,
ORD000153,,CUST00194,Ahmedabad,22.0,Atomic Habits,Books,3,611.54,9.5,UPI,Delivered,
ORD000154,,CUST01414,Kolkata,33.0,Football,Sports & Fitness,1,860.18,3.3,Credit Card,Delivered,3.7
ORD000155,,CUST01408,Delhi,37.0,Women's Kurti,Fashion,1,0.0,7.8,UPI,Returned,2.3
ORD000156,2026-03-07,CUST01401,Lucknow,29.0,Electric Kettle,Home & Kitchen,2,1661.19,14.7,UPI,Delivered,3.9
ORD000157,2026-02-06,CUST00545,Bengaluru,22.0,Football,Sports & Fitness,3,1040.34,5.5,Credit Card,Delivered,4.5
ORD000158,,CUST01929,Jaipur,31.0,Moisturizer,Beauty,3,659.21,10.5,UPI,Cancelled,
ORD000159,2025-05-11,CUST00450,Kochi,42.0,Sunscreen SPF 50,Beauty,2,668.16,8.4,UPI,Delivered,4.9
ORD000160,,CUST00784,Delhi,20.0,Face Wash,Beauty,1,396.74,7.2,Debit Card,Delivered,4.0
ORD000161,,CUST00340,Surat,40.0,1080p Webcam,Electronics,2,2213.52,8.9,Credit Card,Delivered,3.3
ORD000162,,CUST00715,Ahmedabad,35.0,Non-Stick Fry Pan,Home & Kitchen,2,1303.48,4.6,UPI,Delivered,
ORD000163,2026-03-07,CUST00697,Chandigarh,30.0,Bluetooth Speaker,Electronics,1,1849.42,8.9,Wallet,Delivered,
ORD000164,,CUST00378,Kolkata,25.0,Cooking Oil 5L,Grocery,3,817.95,8.1,UPI,Cancelled,0.0
ORD000165,,CUST00771,Mysuru,38.0,Yoga Mat,Sports & Fitness,1,761.61,8.7,Credit Card,Delivered,3.4
ORD000166,2026-10-02,CUST00933,Delhi,36.0,Cushion Set,Home & Kitchen,3,828.56,13.0,Cash on Delivery,Delivered,3.4
ORD000167,2026-02-03,CUST01590,Bengaluru,23.0,Coffee 500g,Grocery,2,423.13,8.8,UPI,Delivered,3.9
ORD000168,2025-03-12,CUST00027,Bengaluru,36.0,Dumbbell Set 10kg,Sports & Fitness,2,1996.58,1.2,UPI,Delivered,4.0
ORD000169,2025-05-12,CUST00952,Kolkata,33.0,Resistance Bands,Sports & Fitness,1,578.54,3.5,UPI,Delivered,4.3
ORD000170,2026-02-05,CUST00728,Bengaluru,35.0,Smartwatch,Electronics,2,3342.74,17.2,UPI,Delivered,3.8
ORD000171,,CUST00437,Chennai,20.0,Backpack,Fashion,1,1282.43,9.3,Credit Card,Delivered,4.3
ORD000172,2026-03-06,CUST00933,,36.0,Backpack,Fashion,3,1382.84,8.7,Debit Card,Delivered,5.0
ORD000173,2025-09-09,CUST01466,Pune,27.0,Water Bottle,Home & Kitchen,2,689.8,10.7,UPI,Delivered,4.5
ORD000174,,CUST00531,Mysuru,31.0,Non-Stick Fry Pan,Home & Kitchen,2,1282.23,9.9,Credit Card,Delivered,4.1
ORD000175,2026-02-05,CUST00166,Mangaluru,46.0,Yoga Mat,Sports & Fitness,1,772.05,3.7,UPI,Delivered,5.0
ORD000176,2026-06-03,CUST01056,Kolkata,32.0,Running Shoes,Fashion,2,2399.51,8.0,UPI,Delivered,
ORD000177,,CUST01330,Bengaluru,42.0,USB-C Fast Charger,Electronics,1,1043.38,9.3,Credit Card,Delivered,
ORD000178,,CUST01902,Mumbai,27.0,Indian History,Books,2,520.02,12.6,UPI,Delivered,3.9
ORD000179,,CUST01079,Hyderabad,29.0,Running Shoes,Fashion,2,2554.69,8.2,Net Banking,Delivered,3.5
ORD000180,2026-01-04,CUST00223,Pune,33.0,Basmati Rice 5kg,Grocery,3,724.05,8.6,Cash on Delivery,Delivered,4.6
ORD000181,,CUST01519,Bengaluru,35.0,Hair Serum,Beauty,1,469.8,8.0,Debit Card,Delivered,4.1
ORD000182,2026-09-03,CUST01520,Kolkata,28.0,Cotton T-Shirt,Fashion,1,663.71,3.4,UPI,Delivered,3.3
ORD000183,2026-04-06,CUST01910,Lucknow,33.0,Cotton T-Shirt,Fashion,3,711.03,11.9,Debit Card,Delivered,3.0
ORD000184,,CUST00179,Bengaluru,23.0,Machine Learning Basics,Books,2,912.63,5.7,Credit Card,Delivered,3.3
ORD000185,2026-04-08,CUST00884,Mumbai,32.0,Power Bank 20000mAh,Electronics,2,1518.66,3.3,Debit Card,Returned,2.9
ORD000186,2026-08-02,CUST01149,Hyderabad,25.0,Rich Dad Poor Dad,Books,2,505.72,9.4,UPI,Delivered,4.0
ORD000187,,CUST01802,Pune,23.0,Perfume,Beauty,1,1323.89,15.4,UPI,Delivered,
ORD000188,2026-05-08,CUST00526,Kochi,38.0,Data Structures,Books,1,787.23,10.5,UPI,Delivered,3.3
ORD000189,,CUST02024,Chennai,33.0,LED Desk Lamp,Home & Kitchen,1,967.94,4.8,Wallet,Delivered,4.1
ORD000190,,CUST00734,Surat,34.0,Power Bank 20000mAh,Electronics,2,1408.15,6.1,Cash on Delivery,Delivered,4.3
ORD000191,,CUST01793,Mysuru,35.0,Gym Gloves,Sports & Fitness,3,451.01,7.0,UPI,Delivered,3.5
ORD000192,2026-04-06,CUST00100,Pune,24.0,Shampoo,Beauty,1,557.86,15.0,Net Banking,Delivered,3.6
ORD000193,,CUST01494,Ahmedabad,36.0,Denim Jeans,Fashion,2,1766.78,5.0,Cash on Delivery,Pending,
ORD000194,,CUST01323,Hyderabad,30.0,Women's Kurti,Fashion,2,1012.24,6.2,UPI,Delivered,4.1
ORD000195,2026-09-03,CUST00853,Lucknow,39.0,Mechanical Keyboard,Electronics,1,2888.68,9.6,UPI,Delivered,3.9
ORD000196,,CUST00274,Delhi,37.0,Python Programming,Books,2,722.18,7.7,UPI,Delivered,3.4
ORD000197,,CUST01799,delhi,23.0,Water Bottle,Home & Kitchen,2,687.4,9.9,Credit Card,Delivered,4.2
ORD000198,,CUST01336,Surat,42.0,Water Bottle,Home & Kitchen,2,687.1,14.5,Net Banking,Delivered,4.5
ORD000199,,CUST01002,Mumbai,33.0,Non-Stick Fry Pan,Home & Kitchen,2,1384.35,1.6,Debit Card,Delivered,4.8
ORD000200,2026-08-08,CUST01002,Mumbai,33.0,Coffee 500g,Grocery,1,442.89,14.4,Wallet,Delivered,5.0
ORD000201,,CUST00031,Hyderabad,32.0,Rich Dad Poor Dad,Books,2,510.19,4.9,Credit Card,Delivered,5.0
ORD000202,,CUST00178,Lucknow,34.0,Denim Jeans,Fashion,2,1654.36,8.8,Wallet,Delivered,3.8
ORD000203,,CUST00122,Chennai,32.0,LED Desk Lamp,Home & Kitchen,3,1004.4,1.8,Debit Card,Delivered,4.2
ORD000204,,CUST01740,Chennai,46.0,Almonds 500g,Grocery,1,504.56,10.6,UPI,Delivered,3.7
ORD000205,2026-12-01,CUST01606,Kolkata,39.0,Face Wash,Beauty,2,388.1,13.0,UPI,Delivered,3.4
ORD000206,,CUST01479,Hyderabad,30.0,LED Desk Lamp,Home & Kitchen,1,945.55,2.0,UPI,Delivered,5.0
ORD000207,,CUST01528,Jaipur,28.0,Data Structures,Books,2,-99.0,5.1,Credit Card,Delivered,4.9
ORD000208,,CUST00631,Pune,38.0,Electric Kettle,Home & Kitchen,1,1548.75,10.1,Credit Card,Delivered,3.6
ORD000209,2026-12-08,CUST01680,Chennai,26.0,Bluetooth Speaker,Electronics,1,1756.35,9.4,Credit card ,Delivered,5.0
ORD000210,2025-11-12,CUST01015,Mumbai,36.0,Indian History,Books,1,563.39,3.1,UPI,Delivered,4.8
ORD000211,2026-09-04,CUST01190,Kochi,33.0,Cooking Oil 5L,Grocery,2,800.75,12.9,Debit Card,Delivered,2.7
ORD000212,2025-11-10,CUST00855,Lucknow,41.0,Shampoo,Beauty,3,546.95,9.5,Cash on Delivery,Delivered,3.5
ORD000213,,CUST00134,Unknown,40.0,Women's Kurti,Fashion,2,1006.13,7.6,Debit Card,Delivered,
ORD000214,,CUST01613,Delhi,30.0,Gym Gloves,Sports & Fitness,3,471.36,14.2,UPI,Delivered,4.0
ORD000215,2025-11-12,CUST01252,Kochi,31.0,Competitive Aptitude,Books,2,438.47,7.9,Debit Card,Delivered,3.5
ORD000216,,CUST00046,Surat,30.0,Resistance Bands,Sports & Fitness,1,593.83,10.0,Debit Card,Delivered,5.0
ORD000217,2026-08-06,CUST00194,Ahmedabad,22.0,Power Bank 20000mAh,Electronics,2,1426.02,4.2,UPI,Cancelled,
ORD000218,,CUST00726,Mangaluru,25.0,Python Programming,Books,1,697.27,2.6,UPI,Delivered,3.1
ORD000219,2026-06-06,CUST01096,Mangaluru,42.0,Atomic Habits,Books,2,581.28,6.4,Cash on Delivery,Delivered,4.7
ORD000220,,CUST00569,Bengaluru,18.0,Cotton T-Shirt,Fashion,1,712.03,3.1,UPI,Pending,
ORD000221,,CUST00600,Ahmedabad,26.0,Python Programming,Books,2,764.46,0.0,Credit Card,Delivered,3.4
ORD000222,,CUST00520,Ahmedabad,35.0,Indian History,Books,3,567.54,3.2,UPI,Delivered,0.0
ORD000223,2026-03-01,CUST01419,Hyderabad,32.0,Mechanical Keyboard,Electronics,2,3001.83,8.5,UPI,Delivered,4.7
ORD000224,2026-10-04,CUST00139,Delhi,34.0,Dry Fruits Mix 500g,Grocery,2,589.59,10.7,Credit Card,Delivered,5.0
ORD000225,2025-07-09,CUST00112,Kolkata,34.0,Smartwatch,Electronics,1,3243.65,12.4,UPI,Delivered,4.5
ORD000226,,CUST00145,Chandigarh,30.0,Protein Oats 1kg,Grocery,1,369.75,14.3,UPI,Delivered,4.7
ORD000227,,CUST00897,Surat,26.0,Resistance Bands,Sports & Fitness,1,559.94,14.1,Credit Card,Delivered,4.6
ORD000228,,CUST01233,Mumbai,22.0,Coffee 500g,Grocery,1,430.14,8.0,UPI,Delivered,5.0
ORD000229,2025-08-10,CUST01467,Kolkata,42.0,Protein Oats 1kg,Grocery,1,397.26,9.8,Wallet,Delivered,4.8
ORD000230,,CUST00756,Mangaluru,22.0,Cotton T-Shirt,Fashion,3,667.94,12.1,Credit Card,Delivered,3.1
ORD000231,,CUST00920,Mysuru,44.0,Denim Jeans,Fashion,2,1875.46,5.7,Credit Card,Delivered,3.8
ORD000232,,CUST01734,Surat,22.0,Cricket Bat,Sports & Fitness,3,2428.85,6.3,UPI,Delivered,4.6
ORD000233,2026-04-04,CUST01632,Delhi,34.0,Power Bank 20000mAh,Electronics,1,1496.03,9.9,Net Banking,Delivered,5.0
ORD000234,,CUST00934,Chennai,19.0,Denim Jeans,Fashion,3,1804.36,11.0,UPI,Delivered,
ORD000235,,CUST01589,Chennai,32.0,Cotton T-Shirt,Fashion,1,718.7,11.4,UPI,Delivered,4.8
ORD000236,2026-03-08,CUST00459,Delhi,19.0,Perfume,Beauty,3,1308.27,4.7,UPI,Cancelled,
ORD000237,,CUST01045,Mangaluru,23.0,Bedsheet Set,Home & Kitchen,1,1625.07,13.7,Credit Card,Delivered,3.7
ORD000238,2026-09-08,CUST01408,Delhi,37.0,Denim Jeans,Fashion,1,1770.34,10.2,Wallet,Delivered,4.6
ORD000239,,CUST00642,Delhi,25.0,Indian History,Books,3,541.55,8.4,Credit Card,Cancelled,
ORD000240,,CUST00891,Kolkata,29.0,Atomic Habits,Books,3,594.79,7.3,UPI,Cancelled,
ORD000241,,CUST00117,Mysuru,19.0,Water Bottle,Home & Kitchen,2,676.35,6.4,UPI,Delivered,3.5
ORD000242,,CUST02016,Chennai,30.0,USB-C Fast Charger,Electronics,2,1004.68,8.9,Cash on Delivery,Delivered,4.4
ORD000243,2025-07-12,CUST01784,Bengaluru,19.0,Women's Kurti,Fashion,2,1016.55,11.8,UPI,Cancelled,
ORD000244,,CUST00011,Chandigarh,26.0,Cotton T-Shirt,Fashion,1,676.43,17.2,Net Banking,Delivered,4.6
ORD000245,,CUST00330,Ahmedabad,26.0,Resistance Bands,Sports & Fitness,2,591.77,12.8,Cash on Delivery,Delivered,2.9
ORD000246,,CUST01678,Kochi,33.0,Hair Serum,Beauty,3,490.42,9.5,Cash on Delivery,Delivered,5.0
ORD000247,2025-12-12,CUST01170,Mumbai,41.0,Water Bottle,Home & Kitchen,2,721.72,13.0,UPI,Delivered,3.2
ORD000248,,CUST00942,Kolkata,33.0,Denim Jeans,Fashion,2,1711.93,4.8,UPI,Delivered,
ORD000249,2025-12-10,CUST00044,Mangaluru,44.0,Atomic Habits,Books,3,598.35,9.3,UPI,Delivered,3.9
ORD000250,,CUST01153,Pune,36.0,Men's Casual Shirt,Fashion,2,1280.86,12.1,Debit Card,Cancelled,
ORD000251,2026-07-04,CUST01151,Bengaluru,19.0,Coffee 500g,Grocery,1,440.68,0.6,UPI,Returned,2.6
ORD000252,,CUST00065,Mumbai,38.0,Python Programming,Books,2,708.84,16.7,Net Banking,Delivered,3.7
ORD000253,,CUST00989,Ahmedabad,33.0,Skipping Rope,Sports & Fitness,3,297.11,4.6,Debit Card,Delivered,4.2
ORD000254,,CUST00360,Surat,18.0,Competitive Aptitude,Books,2,425.42,17.9,Credit Card,Delivered,3.4
ORD000255,,CUST01353,Ahmedabad,22.0,Shampoo,Beauty,1,584.62,8.0,UPI,Delivered,5.0
ORD000256,,CUST00379,Mumbai,24.0,Competitive Aptitude,Books,1,449.31,13.1,Net Banking,Delivered,2.6
ORD000257,,CUST01713,Ahmedabad,33.0,Indian History,Books,1,511.35,11.7,Credit Card,Delivered,4.2
ORD000258,2026-10-01,CUST01735,Delhi,31.0,Protein Oats 1kg,Grocery,2,396.47,13.4,Cash on Delivery,Delivered,3.2
ORD000259,,CUST01951,Mumbai,29.0,Smartwatch,Electronics,1,3489.71,8.0,Credit Card,Delivered,3.6
ORD000260,,CUST00061,Ahmedabad,27.0,Bluetooth Speaker,Electronics,2,1751.16,8.6,Cash on Delivery,Pending,
ORD000261,,CUST00941,Chandigarh,42.0,Smartwatch,Electronics,2,3286.31,5.2,Credit Card,Delivered,5.0
ORD000262,,CUST00157,Hyderabad,27.0,Backpack,Fashion,2,1321.11,9.3,Cash on Delivery,Delivered,
ORD000263,2025-07-10,CUST01612,Delhi,23.0,Coffee 500g,Grocery,1,449.28,13.7,UPI,Delivered,4.5
ORD000264,2025-08-10,CUST00966,Hyderabad,21.0,Face Wash,Beauty,2,383.44,2.8,Credit Card,Delivered,5.0
ORD000265,2026-02-04,CUST00871,Unknown,43.0,Saree,Fashion,3,2441.03,7.7,UPI,Delivered,4.4
ORD000266,,CUST01004,Delhi,22.0,Running Shoes,Fashion,1,2496.68,9.4,UPI,Delivered,3.7
ORD000267,2026-08-01,CUST00272,Bengaluru,34.0,Smartwatch,Electronics,2,3281.1,13.4,Credit Card,Delivered,4.3
ORD000268,,CUST01691,Jaipur,33.0,Basmati Rice 5kg,Grocery,1,737.42,14.7,Credit Card,Delivered,5.0
ORD000269,,CUST01573,Jaipur,26.0,Rich Dad Poor Dad,Books,2,476.98,14.4,Cash on Delivery,Delivered,4.4
ORD000270,2025-06-10,CUST01793,Mysuru,35.0,Running Shoes,Fashion,3,2374.35,12.1,Debit Card,Delivered,4.5
ORD000271,2026-01-07,CUST00968,Hyderabad,18.0,Men's Casual Shirt,Fashion,3,1133.35,13.0,UPI,Delivered,3.9
ORD000272,,CUST01381,Bengaluru,28.0,Lipstick,Beauty,2,652.35,9.6,Credit Card,Delivered,4.0
ORD000273,,CUST00141,Delhi,49.0,Skipping Rope,Sports & Fitness,1,300.37,9.7,UPI,Delivered,4.0
ORD000274,2026-10-01,CUST01132,Bengaluru,31.0,Body Lotion,Beauty,3,468.69,12.0,Credit Card,Delivered,4.5
ORD000275,,CUST00543,Ahmedabad,32.0,Laptop Backpack,Electronics,2,1775.11,9.0,Cash on Delivery,Delivered,3.9
ORD000276,,CUST01765,Chandigarh,18.0,Denim Jeans,Fashion,1,1785.68,7.3,Credit Card,Returned,1.8
ORD000277,2026-10-01,CUST00211,Lucknow,41.0,Coffee 500g,Grocery,1,430.64,3.4,UPI,Delivered,4.5
ORD000278,,CUST00494,Mumbai,28.0,Skipping Rope,Sports & Fitness,1,324.62,4.8,UPI,Delivered,3.3
ORD000279,2026-02-03,CUST00765,Mysuru,26.0,Shampoo,Beauty,1,533.41,13.6,UPI,Delivered,2.8
ORD000280,2026-05-07,CUST01500,Chandigarh ,27.0,Competitive Aptitude,Books,1,447.52,7.2,UPI,Delivered,4.6
ORD000281,,CUST01144,Hyderabad,18.0,Water Bottle,Home & Kitchen,2,681.76,12.1,Credit Card,Delivered,3.9
ORD000282,,CUST00445,Jaipur,25.0,Rich Dad Poor Dad,Books,1,452.69,,Debit Card,Delivered,3.4
ORD000283,,CUST00945,Mysuru,44.0,Laptop Backpack,Electronics,2,1794.58,8.6,UPI,Delivered,3.9
ORD000284,,CUST01466,Pune,27.0,Non-Stick Fry Pan,Home & Kitchen,2,1381.37,9.9,Wallet,Delivered,
ORD000285,2026-08-05,CUST00935,Lucknow,31.0,Backpack,Fashion,1,1252.7,6.7,Debit Card,Pending,
ORD000286,,CUST00677,Chandigarh,24.0,Sports Track Pants,Fashion,1,1263.41,8.1,UPI,Delivered,3.5
ORD000287,,CUST00945,Mysuru,44.0,Storage Container Set,Home & Kitchen,1,909.7,13.5,Credit Card,Delivered,4.4
ORD000288,,CUST00613,Mumbai,23.0,Bedsheet Set,Home & Kitchen,1,1725.81,9.8,Net Banking,Delivered,
ORD000289,,CUST00656,Delhi,33.0,Water Bottle,Home & Kitchen,1,698.25,10.7,Debit Card,Delivered,4.9
ORD000290,,CUST01611,Chandigarh,31.0,Backpack,Fashion,1,1327.27,8.4,Credit Card,Delivered,5.0
ORD000291,2026-04-01,CUST00337,Lucknow,,USB-C Fast Charger,Electronics,1,1006.85,3.7,Wallet,Returned,
ORD000292,2026-10-07,CUST01270,Delhi,36.0,Cotton T-Shirt,Fashion,2,713.56,8.0,UPI,Delivered,3.3
ORD000293,,CUST01347,Lucknow,52.0,Protein Oats 1kg,Grocery,2,399.97,7.7,Cash on Delivery,Cancelled,
ORD000294,,CUST01076,Ahmedabad,32.0,Cotton T-Shirt,Fashion,2,681.2,15.0,Wallet,Delivered,3.8
ORD000295,,CUST01253,Pune,35.0,LED Desk Lamp,Home & Kitchen,2,936.24,8.1,UPI,Delivered,3.2
ORD000296,,CUST00294,Mysuru,31.0,Women's Kurti,Fashion,2,1019.43,4.9,Net Banking,Delivered,4.8
ORD000297,,CUST01252,Kochi,,Running Shoes,Fashion,3,2503.93,7.3,UPI,Delivered,3.7
ORD000298,,CUST01158,Kolkata,34.0,USB-C Fast Charger,Electronics,1,971.91,7.3,Wallet,Delivered,4.3
ORD000299,,CUST01348,Kochi,29.0,Power Bank 20000mAh,Electronics,1,1453.89,3.6,UPI,Delivered,3.7
ORD000300,,CUST00163,Hyderabad,27.0,Protein Oats 1kg,Grocery,2,388.83,2.8,Credit Card,Delivered,5.0
ORD000301,2026-01-03,CUST00403,Pune,30.0,Wireless Earbuds,Electronics,1,2516.57,7.6,Wallet,Delivered,4.8
ORD000302,2026-03-01,CUST01446,Mumbai,25.0,Electric Kettle,Home & Kitchen,1,1740.38,12.1,Credit Card,Delivered,4.3
ORD000303,,CUST01304,Lucknow,33.0,Mixer Grinder,Home & Kitchen,1,3484.35,8.0,UPI,Delivered,5.0
ORD000304,,CUST00940,Bengaluru,31.0,Dumbbell Set 10kg,Sports & Fitness,2,2125.12,4.4,UPI,Cancelled,
ORD000305,,CUST01401,Lucknow,29.0,Organic Honey 500g,Grocery,2,425.44,13.0,UPI,Delivered,4.4
ORD000306,,CUST00170,Kolkata,31.0,Hair Serum,Beauty,2,476.93,11.0,UPI,Delivered,3.2
ORD000307,2026-12-06,CUST00651,Kolkata,37.0,Almonds 500g,Grocery,2,460.58,0.0,UPI,Delivered,
ORD000308,,CUST01236,Chennai,41.0,Backpack,Fashion,1,1285.36,10.2,Credit Card,Delivered,4.5
ORD000309,2026-06-04,CUST02005,Mumbai,41.0,Laptop Backpack,Electronics,1,2086.66,2.2,Wallet,Delivered,3.7
ORD000310,2025-10-10,CUST00627,Jaipur,32.0,Skipping Rope,Sports & Fitness,2,313.08,11.2,UPI,Delivered,5.0
ORD000311,2026-02-05,CUST01613,Delhi,30.0,Running Shoes,Fashion,1,2360.13,17.1,Cash on Delivery,Pending,
ORD000312,2026-10-08,CUST01530,Chandigarh,31.0,Wireless Earbuds,Electronics,2,2520.75,16.7,UPI,Delivered,3.9
ORD000313,2026-07-04,CUST00866,Surat,38.0,Men's Casual Shirt,Fashion,2,1151.33,5.7,Cash on Delivery,Delivered,3.4
ORD000314,,CUST00054,Mumbai,34.0,1080p Webcam,Electronics,2,2466.29,13.8,,Cancelled,
ORD000315,2026-11-05,CUST00130,Mysuru,29.0,Bedsheet Set,Home & Kitchen,3,1659.71,12.1,UPI,Delivered,4.4
ORD000316,,CUST00721,Surat,43.0,USB-C Fast Charger,Electronics,2,924.69,16.5,UPI,Delivered,
ORD000317,,CUST00389,Hyderabad,22.0,Mechanical Keyboard,Electronics,1,2826.28,8.2,UPI,Delivered,4.2
ORD000318,2025-03-12,CUST00084,Hyderabad,23.0,Lipstick,Beauty,2,628.0,6.2,Debit Card,Delivered,4.7
ORD000319,,CUST00930,Surat,30.0,Women's Kurti,Fashion,3,946.61,8.2,UPI,Delivered,
ORD000320,,CUST01688,Bengaluru,23.0,Coffee 500g,Grocery,2,458.49,9.8,Credit Card,Delivered,4.7
ORD000321,,CUST01004,Delhi,22.0,Storage Container Set,Home & Kitchen,1,878.56,8.6,UPI,Delivered,4.0
ORD000322,2025-12-12,CUST00712,Pune,28.0,Atomic Habits,Books,1,598.01,5.0,UPI,Delivered,4.2
ORD000323,,CUST00836,Surat,24.0,Dry Fruits Mix 500g,Grocery,1,583.76,7.8,Credit Card,Delivered,5.0
ORD000324,2026-04-08,CUST01422,Chennai,23.0,Mixer Grinder,Home & Kitchen,2,3296.14,10.7,UPI,Delivered,3.6
ORD000325,2025-09-12,CUST01405,Pune,21.0,1080p Webcam,Electronics,1,2186.78,10.1,UPI,Delivered,4.5
ORD000326,2026-09-07,CUST00886,Delhi,18.0,Sports Track Pants,Fashion,1,1335.79,8.7,UPI,Delivered,3.4
ORD000327,2026-10-06,CUST00196,Ahmedabad,38.0,Men's Casual Shirt,Fashion,1,1137.79,15.1,UPI,Delivered,3.6
ORD000328,,CUST00930,Surat,30.0,Smartwatch,Electronics,2,3054.72,5.6,Debit Card,Delivered,3.0
ORD000329,,CUST01384,Bengaluru,27.0,Cushion Set,Home & Kitchen,2,864.25,14.3,Debit Card,Delivered,4.4
ORD000330,,CUST00934,Chennai,19.0,Saree,Fashion,1,2178.4,12.1,Credit Card,Returned,4.4
ORD000331,2026-05-05,CUST01382,Jaipur,19.0,Storage Container Set,Home & Kitchen,1,872.23,8.6,Credit Card,Delivered,4.1
ORD000332,2026-05-01,CUST01985,Surat,41.0,Non-Stick Fry Pan,Home & Kitchen,1,1258.48,3.1,UPI,Delivered,5.0
ORD000333,,CUST01821,Hyderabad,29.0,Green Tea 100 Bags,Grocery,1,344.58,5.9,UPI,Delivered,4.7
ORD000334,2026-10-07,CUST01557,Kochi,33.0,Wireless Earbuds,Electronics,2,2577.47,7.8,UPI,Delivered,3.1
ORD000335,,CUST00470,Delhi,30.0,LED Desk Lamp,Home & Kitchen,1,1016.19,7.3,UPI,Cancelled,
ORD000336,2025-09-11,CUST00992,Mumbai,23.0,Bluetooth Speaker,Electronics,2,1720.05,13.8,UPI,Delivered,4.1
ORD000337,2026-12-05,CUST00891,Kolkata,29.0,Body Lotion,Beauty,2,415.49,6.8,Cash on Delivery,Delivered,5.0
ORD000338,,CUST00735,Mysuru,31.0,Almonds 500g,Grocery,2,527.8,8.8,UPI,Delivered,5.0
ORD000339,2026-01-01,CUST01744,Kochi,28.0,Yoga Mat,Sports & Fitness,1,804.39,7.1,Credit Card,Delivered,4.9
ORD000340,2025-11-12,CUST01842,Bengaluru,32.0,Denim Jeans,Fashion,3,1862.53,12.5,Credit Card,Returned,
ORD000341,,CUST00929,Surat,33.0,Body Lotion,Beauty,3,443.19,11.6,UPI,Delivered,4.4
ORD000342,2026-11-08,CUST00292,Ahmedabad,37.0,Non-Stick Fry Pan,Home & Kitchen,2,1216.62,8.8,Credit Card,Delivered,5.0
ORD000343,2025-02-09,CUST00473,Mumbai,35.0,Bluetooth Speaker,Electronics,2,1914.04,7.3,Credit Card,Delivered,3.4
ORD000344,,CUST00334,Mysuru,30.0,Atomic Habits,Books,1,577.16,4.0,Wallet,Delivered,4.1
ORD000345,,CUST00047,Hyderabad,33.0,Denim Jeans,Fashion,1,1765.75,17.4,Debit Card,Delivered,4.2
ORD000346,2025-05-11,CUST00878,Mumbai,36.0,Machine Learning Basics,Books,1,956.83,10.2,Credit Card,Delivered,
ORD000347,2026-01-06,CUST00544,Kolkata,35.0,Women's Kurti,Fashion,3,993.19,4.5,UPI,Delivered,3.4
ORD000348,,CUST01744,Kochi,28.0,Power Bank 20000mAh,Electronics,1,1548.23,12.6,UPI,Delivered,
ORD000349,,CUST01537,Mumbai,46.0,Rich Dad Poor Dad,Books,1,507.42,9.2,UPI,Delivered,4.9
ORD000350,,CUST00608,Kolkata,33.0,Basmati Rice 5kg,Grocery,2,732.12,9.6,UPI,Delivered,
ORD000351,2025-05-11,CUST00803,Kochi,34.0,USB-C Fast Charger,Electronics,2,963.08,18.7,Debit Card,Cancelled,
ORD000352,,CUST00430,Mumbai,33.0,Dumbbell Set 10kg,Sports & Fitness,1,2048.16,8.1,UPI,Delivered,4.4
ORD000353,,CUST01475,Pune,26.0,Protein Oats 1kg,Grocery,1,387.54,9.4,UPI,Delivered,3.2
ORD000354,2025-04-11,CUST01904,Jaipur,30.0,SQL for Beginners,Books,1,642.68,7.4,UPI,Delivered,3.1
ORD000355,2026-07-05,CUST01851,,29.0,Resistance Bands,Sports & Fitness,1,592.98,11.9,UPI,Delivered,
ORD000356,,CUST00492,Jaipur,46.0,Running Shoes,Fashion,2,2458.42,8.2,Net Banking,Delivered,4.4
ORD000357,,CUST00127,Mysuru,31.0,Power Bank 20000mAh,Electronics,2,1433.83,17.1,Credit Card,Delivered,4.3
ORD000358,2026-02-03,CUST00943,Lucknow,44.0,Cricket Bat,Sports & Fitness,2,2282.74,3.9,Cash on Delivery,Pending,
ORD000359,,CUST00689,Hyderabad,24.0,Storage Container Set,Home & Kitchen,1,868.39,13.0,UPI,Delivered,3.3
ORD000360,2026-04-02,CUST01647,Kochi,27.0,Mechanical Keyboard,Electronics,1,2709.74,0.4,Credit Card,Delivered,4.2
ORD000361,,CUST01304,Lucknow,33.0,Bedsheet Set,Home & Kitchen,2,1661.94,9.0,Credit Card,Delivered,4.2
ORD000362,2026-05-07,CUST01494,Ahmedabad,36.0,Python Programming,Books,1,660.31,12.0,Debit Card,Delivered,4.9
ORD000363,2026-09-05,CUST01496,Mumbai,30.0,Cycling Helmet,Sports & Fitness,1,1613.69,11.4,UPI,Delivered,3.5
ORD000364,2026-11-08,CUST01644,Surat,18.0,Running Shoes,Fashion,2,2525.67,7.0,UPI,Delivered,4.5
ORD000365,2026-07-03,CUST01312,Delhi,30.0,Women's Kurti,Fashion,2,1079.27,4.4,Credit Card,Delivered,3.8
ORD000366,,CUST00764,Kolkata,34.0,Hair Serum,Beauty,2,465.06,15.2,Net Banking,Delivered,5.0
ORD000367,,CUST00811,Mysuru,24.0,Green Tea 100 Bags,Grocery,1,355.19,2.3,Debit Card,Delivered,
ORD000368,2026-06-03,CUST00047,Hyderabad,33.0,Body Lotion,Beauty,1,438.85,11.2,UPI,Delivered,
ORD000369,2026-09-01,CUST00941,Chandigarh,42.0,Green Tea 100 Bags,Grocery,1,322.45,2.0,Debit Card,Delivered,3.8
ORD000370,,CUST00612,Chandigarh,32.0,Water Bottle,Home & Kitchen,2,647.36,7.8,Cash On Delivery,Delivered,5.0
ORD000371,,CUST00937,Surat,31.0,USB-C Fast Charger,Electronics,1,986.39,11.3,UPI,Delivered,4.2
ORD000372,2025-06-12,CUST00226,Hyderabad,29.0,Laptop Backpack,Electronics,1,1901.86,18.7,credit card,Returned,3.2
ORD000373,,CUST00551,Bengaluru,51.0,Python Programming,Books,1,705.84,11.1,Debit Card,Delivered,5.0
ORD000374,,CUST00837,Ahmedabad,27.0,Cotton T-Shirt,Fashion,2,695.41,12.6,Net Banking,Delivered,4.4
ORD000375,2026-01-02,CUST01436,Delhi,18.0,Skipping Rope,Sports & Fitness,1,331.97,15.2,Credit Card,Delivered,4.6
ORD000376,2026-10-08,CUST01377,Bengaluru,48.0,Rich Dad Poor Dad,Books,1,524.68,12.3,Credit Card,Delivered,3.8
ORD000377,,CUST00716,Pune,34.0,Basmati Rice 5kg,Grocery,1,705.8,7.3,Debit Card,Delivered,5.0
ORD000378,,CUST01109,Surat,37.0,Skipping Rope,Sports & Fitness,3,291.45,3.0,UPI,Delivered,5.0
ORD000379,2025-08-10,CUST00389,Hyderabad,22.0,LED Desk Lamp,Home & Kitchen,1,981.52,10.4,Cash on Delivery,Delivered,4.4
ORD000380,2026-09-07,CUST00451,Hyderabad,38.0,Protein Oats 1kg,Grocery,1,373.04,6.1,UPI,Delivered,3.7
ORD000381,2026-05-07,CUST01904,Jaipur,30.0,Sports Track Pants,Fashion,2,1280.19,13.2,UPI,Delivered,
ORD000382,,CUST01355,Delhi,24.0,Python Programming,Books,1,692.67,9.0,Net Banking,Delivered,
ORD000383,,CUST01072,Hyderabad,38.0,Moisturizer,Beauty,2,649.55,17.1,UPI,Delivered,
ORD000384,,CUST01178,Mumbai,29.0,LED Desk Lamp,Home & Kitchen,1,1039.69,4.3,UPI,Delivered,4.2
ORD000385,,CUST00951,Bengaluru,37.0,Football,Sports & Fitness,2,879.33,,Debit Card,Delivered,
ORD000386,2025-10-11,CUST00731,Jaipur,32.0,Rich Dad Poor Dad,Books,3,473.71,9.9,Credit Card,Delivered,2.4
ORD000387,,CUST00908,Lucknow,33.0,Water Bottle,Home & Kitchen,2,653.6,11.1,UPI,Delivered,4.9
ORD000388,,CUST01263,Surat,24.0,Storage Container Set,Home & Kitchen,2,820.61,11.8,Debit Card,Delivered,4.7
ORD000389,,CUST00249,Chennai,35.0,SQL for Beginners,Books,2,640.3,11.5,UPI,Delivered,4.0
ORD000390,2026-11-08,CUST00786,Chennai,39.0,LED Desk Lamp,Home & Kitchen,3,993.36,8.1,UPI,Delivered,4.9
ORD000391,,CUST01036,Chennai,30.0,Cushion Set,Home & Kitchen,1,787.85,2.2,Net Banking,Delivered,4.6
ORD000392,,CUST01995,Hyderabad,18.0,Women's Kurti,Fashion,1,989.76,14.3,Net Banking,Delivered,4.7
ORD000393,2025-09-10,CUST00047,Hyderabad,33.0,Cricket Bat,Sports & Fitness,1,2375.1,8.8,UPI,Delivered,3.0
ORD000394,,CUST00693,Mysuru,23.0,Non-Stick Fry Pan,Home & Kitchen,1,1259.17,7.5,Net Banking,Delivered,5.0
ORD000395,,CUST00657,Kolkata,36.0,Water Bottle,Home & Kitchen,1,663.4,11.0,UPI,Cancelled,
ORD000396,,CUST01651,Pune,20.0,Mechanical Keyboard,Electronics,1,2871.64,9.3,Cash on Delivery,Delivered,5.0
ORD000397,,CUST01047,Jaipur,23.0,Backpack,Fashion,2,1187.8,15.0,Credit Card,Delivered,4.6
ORD000398,,CUST01660,Hyderabad,18.0,Bedsheet Set,Home & Kitchen,1,1616.82,4.1,Debit Card,Delivered,5.0
ORD000399,,CUST00241,Mysuru,29.0,Lipstick,Beauty,3,567.8,9.7,Credit Card,Delivered,3.2
ORD000400,,CUST01936,Pune,36.0,Rich Dad Poor Dad,Books,1,525.84,10.6,UPI,Delivered,4.1
ORD000401,,CUST01874,Hyderabad,31.0,Backpack,Fashion,1,1278.72,20.9,Credit Card,Pending,
ORD000402,,CUST00113,Ahmedabad,28.0,Almonds 500g,Grocery,3,485.11,4.0,Credit Card,Delivered,5.0
ORD000403,2026-09-05,CUST00303,Delhi,28.0,Indian History,Books,4,564.03,3.6,UPI,Cancelled,
ORD000404,,CUST01285,Mangaluru,47.0,Laptop Backpack,Electronics,1,1823.37,6.8,UPI,Returned,4.9
ORD000405,,CUST01056,Kolkata,32.0,Protein Oats 1kg,Grocery,2,387.11,9.4,UPI,Delivered,4.8
ORD000406,2026-08-05,CUST01700,Mumbai,21.0,Electric Kettle,Home & Kitchen,1,1564.06,6.6,Wallet,Returned,3.3
ORD000407,,CUST01031,Delhi,18.0,Non-Stick Fry Pan,Home & Kitchen,1,1301.56,0.0,UPI,Delivered,4.2
ORD000408,2025-10-11,CUST00947,Chennai,40.0,Dumbbell Set 10kg,Sports & Fitness,2,2029.74,8.0,UPI,Delivered,
ORD000409,,CUST01128,Kochi,30.0,USB-C Fast Charger,Electronics,1,1001.39,4.4,Credit Card,Delivered,4.2
ORD000410,,CUST01622,Bengaluru,21.0,Women's Kurti,Fashion,2,1002.71,4.2,UPI,Delivered,
ORD000411,,CUST00581,Mumbai,29.0,Machine Learning Basics,Books,2,945.83,14.5,UPI,Delivered,5.0
ORD000412,,CUST00455,Kolkata,22.0,Sports Track Pants,Fashion,1,1180.21,12.8,Cash on Delivery,Returned,
ORD000413,2026-03-04,CUST01833,Mumbai,43.0,Coffee 500g,Grocery,1,443.8,4.0,Cash on Delivery,Delivered,
ORD000414,2025-04-12,CUST00027,Bengaluru,36.0,Men's Casual Shirt,Fashion,1,1309.44,11.8,UPI,Delivered,3.5
ORD000415,2026-11-04,CUST01924,Mumbai,24.0,Denim Jeans,Fashion,1,1873.65,8.7,UPI,Delivered,4.2
ORD000416,2026-02-04,CUST01007,Mumbai,18.0,Dry Fruits Mix 500g,Grocery,2,631.54,2.9,Net Banking,Pending,
ORD000417,2026-09-07,CUST01262,Hyderabad,,USB-C Fast Charger,Electronics,1,998.43,0.0,UPI,Delivered,4.0
ORD000418,2025-05-10,CUST01904,Jaipur,30.0,Storage Container Set,Home & Kitchen,1,905.32,8.6,Cash on Delivery,Delivered,4.9
ORD000419,,CUST01756,Bengaluru,38.0,Resistance Bands,Sports & Fitness,2,611.48,5.8,UPI,Delivered,4.8
ORD000420,2026-05-01,CUST01104,Mangaluru,25.0,Backpack,Fashion,1,1251.05,7.1,UPI,Delivered,2.5
ORD000421,2025-01-11,CUST01790,Kolkata,34.0,Atomic Habits,Books,2,632.19,12.5,UPI,Delivered,4.8
ORD000422,2026-10-02,CUST01780, Mumbai ,27.0,Mechanical Keyboard,Electronics,1,3123.44,12.4,Credit Card,Delivered,4.3
ORD000423,,CUST01233,Mumbai,22.0,Saree,Fashion,1,2313.9,10.0,UPI,Delivered,4.6
ORD000424,,CUST01414,Kolkata,33.0,Cooking Oil 5L,Grocery,2,777.67,9.1,Credit Card,Delivered,3.6
ORD000425,,CUST01780,Mumbai,27.0,Men's Casual Shirt,Fashion,1,1232.92,11.5,Credit Card,Delivered,4.8
ORD000426,,CUST00868,Delhi,54.0,Denim Jeans,Fashion,1,1683.3,9.3,Cash on Delivery,Delivered,4.2
ORD000427,2025-02-11,CUST00992,Mumbai,23.0,Face Wash,Beauty,3,409.74,10.5,Cash on Delivery,Delivered,4.5
ORD000428,2026-03-03,CUST01881,Mumbai,34.0,Cotton T-Shirt,Fashion,2,748.21,1.9,UPI,Delivered,4.6
ORD000429,2026-07-08,CUST00104,Surat,41.0,Smartwatch,Electronics,1,3268.1,16.8,UPI,Delivered,4.2
ORD000430,2026-02-02,CUST00941,Chandigarh,42.0,Rich Dad Poor Dad,Books,1,526.32,4.7,Net Banking,Delivered,3.3
ORD000431,2026-03-05,CUST00865,Mysuru,,Cushion Set,Home & Kitchen,3,711.51,0.4,UPI,Delivered,3.6
ORD000432,2026-06-02,CUST01317,Kolkata,45.0,Cotton T-Shirt,Fashion,2,643.58,12.2,UPI,Delivered,4.0
ORD000433,,CUST01554,Kolkata,35.0,Resistance Bands,Sports & Fitness,1,570.62,9.8,Credit Card,Delivered,4.7
ORD000434,,CUST00976,Bengaluru,,Cooking Oil 5L,Grocery,2,761.66,7.6,Credit Card,Delivered,4.6
ORD000435,2026-11-03,CUST00236,Mysuru,23.0,Sunscreen SPF 50,Beauty,3,677.01,3.8,Credit Card,Delivered,3.8
ORD000436,,CUST00181,Hyderabad,32.0,Electric Kettle,Home & Kitchen,1,1559.95,14.1,UPI,Delivered,3.9
ORD000437,2026-05-01,CUST00029,Pune,18.0,Mechanical Keyboard,Electronics,1,2854.1,8.1,Cash on Delivery,Delivered,4.3
ORD000438,,CUST00092,Chennai,30.0,Skipping Rope,Sports & Fitness,2,284.21,1.9,Cash on Delivery,Delivered,3.5
ORD000439,,CUST00379,Mumbai,24.0,Mechanical Keyboard,Electronics,2,3038.52,17.5,UPI,Delivered,
ORD000440,2026-05-08,CUST01433,Delhi,22.0,Moisturizer,Beauty,3,663.34,12.4,UPI,Delivered,3.5
ORD000441,2025-02-10,CUST00379,Mumbai,24.0,Shampoo,Beauty,1,600.92,20.2,Credit Card,Delivered,5.0
ORD000442,2026-10-05,CUST00689,Hyderabad,24.0,Electric Kettle,Home & Kitchen,2,1596.11,9.5,Net Banking,Delivered,3.6
ORD000443,2025-09-12,CUST01532,Mysuru,48.0,USB-C Fast Charger,Electronics,2,987.81,7.2,UPI,Delivered,3.7
ORD000444,2026-03-03,CUST00012,Chennai,37.0,Saree,Fashion,1,2271.25,7.1,Credit Card,Delivered,4.0
ORD000445,,CUST00079,Delhi,39.0,Cooking Oil 5L,Grocery,1,789.73,5.3,UPI,Delivered,3.9
ORD000446,,CUST00937,Surat,31.0,Non-Stick Fry Pan,Home & Kitchen,1,1292.15,1.3,Debit Card,Delivered,3.2
ORD000447,,CUST00068,Kolkata,34.0,Lipstick,Beauty,1,582.74,10.7,UPI,Delivered,4.0
ORD000448,,CUST00951,Bengaluru,37.0,Cooking Oil 5L,Grocery,3,839.68,5.2,Cash on Delivery,Delivered,
ORD000449,,CUST00163,Hyderabad,27.0,Green Tea 100 Bags,Grocery,3,325.69,16.9,Wallet,Delivered,3.5
ORD000450,2025-12-10,CUST00011,Chandigarh,26.0,Competitive Aptitude,Books,1,452.23,14.3,UPI,Delivered,3.8
ORD000451,2025-09-10,CUST01900,Delhi,25.0,Water Bottle,Home & Kitchen,1,709.81,7.3,UPI,Delivered,4.0
ORD000452,,CUST00819,Pune,18.0,Almonds 500g,Grocery,5,514.55,11.0,UPI,Returned,
ORD000453,,CUST00129,Mysuru,,SQL for Beginners,Books,1,653.92,11.9,Net Banking,Delivered,4.1
ORD000454,2026-08-06,CUST01973,Lucknow,34.0,Electric Kettle,Home & Kitchen,1,1545.85,1.9,Net Banking,Pending,
ORD000455,,CUST00698,Chennai,25.0,Moisturizer,Beauty,2,656.12,14.9,Credit Card,Delivered,3.2
ORD000456,2025-01-12,CUST01117,Mumbai,28.0,USB-C Fast Charger,Electronics,2,998.76,11.2,UPI,Delivered,3.5
ORD000457,2026-05-04,CUST00796,Kolkata,18.0,Bedsheet Set,Home & Kitchen,2,1569.22,4.3,Credit Card,Delivered,3.5
ORD000458,,CUST01132,Bengaluru,31.0,Python Programming,Books,1,689.83,14.5,Debit Card,Delivered,3.8
ORD000459,,CUST00662,Chandigarh,28.0,Men's Casual Shirt,Fashion,1,1210.47,7.4,Credit Card,Delivered,3.3
ORD000460,2025-02-10,CUST01037,Delhi,39.0,Bluetooth Speaker,Electronics,1,1863.09,13.5,Wallet,Delivered,3.8
ORD000461,,CUST01225,Chandigarh,30.0,Python Programming,Books,1,705.1,9.7,Cash On Delivery,Delivered,4.5
ORD000462,,CUST00110,Kochi,26.0,Wireless Earbuds,Electronics,1,2456.92,19.7,UPI,Delivered,4.3
ORD000463,2026-03-06,CUST00163,Hyderabad,27.0,Denim Jeans,Fashion,2,1767.69,10.6,Credit Card,Delivered,4.9
ORD000464,2026-06-04,CUST01365,Kochi,39.0,Storage Container Set,Home & Kitchen,1,907.96,6.7,Credit Card,Delivered,4.6
ORD000465,2026-01-02,CUST00046,Surat,30.0,Shampoo,Beauty,1,574.18,9.3,UPI,Delivered,4.1
ORD000466,2025-11-10,CUST01396,Mumbai,33.0,Gym Gloves,Sports & Fitness,2,513.83,12.3,UPI,Delivered,5.0
ORD000467,2026-04-05,CUST00466,Mysuru,30.0,Rich Dad Poor Dad,Books,2,511.72,,Cash on Delivery,Delivered,4.1
ORD000468,,CUST00342,Delhi,38.0,Machine Learning Basics,Books,1,978.64,9.4,UPI,Delivered,4.1
ORD000469,,CUST01965,Jaipur,41.0,Smartwatch,Electronics,1,3167.62,8.6,UPI,Delivered,4.2
ORD000470,2025-05-12,CUST00012,Chennai,37.0,SQL for Beginners,Books,3,615.46,8.8,Credit Card,Delivered,4.9
ORD000471,,CUST00823,Bengaluru,27.0,Face Wash,Beauty,1,398.08,7.3,UPI,Delivered,3.5
ORD000472,,CUST00715,Ahmedabad,35.0,Running Shoes,Fashion,1,2302.69,19.1,Net Banking,Delivered,3.1
ORD000473,,CUST00670, Hyderabad ,33.0,Non-Stick Fry Pan,Home & Kitchen,1,1314.1,6.1,UPI,Cancelled,
ORD000474,,CUST00493,Mumbai,18.0,Shampoo,Beauty,1,575.34,14.4,Cash on Delivery,Delivered,3.9
ORD000475,,CUST00304,Chennai,48.0,Wireless Earbuds,Electronics,2,2412.98,6.2,UPI,Delivered,4.7
ORD000476,2026-04-04,CUST00480,Delhi,33.0,Saree,Fashion,2,2179.99,5.0,Net Banking,Delivered,4.6
ORD000477,,CUST00949,Pune,32.0,Dumbbell Set 10kg,Sports & Fitness,3,2101.65,5.4,UPI,Returned,4.0
ORD000478,,CUST00305,Mumbai,26.0,Smartwatch,Electronics,2,3530.66,10.9,Debit Card,Delivered,5.0
ORD000479,,CUST00799,Kochi,33.0,Bedsheet Set,Home & Kitchen,2,1744.09,10.3,UPI,Delivered,4.0
ORD000480,2026-02-06,CUST01702,Ahmedabad,36.0,Water Bottle,Home & Kitchen,1,668.71,4.6,UPI,Delivered,4.2
ORD000481,,CUST01270,Delhi,36.0,Face Wash,Beauty,1,407.01,16.8,Cash on Delivery,Delivered,4.5
ORD000482,,CUST00498,Delhi,31.0,SQL for Beginners,Books,1,627.76,12.4,UPI,Delivered,4.8
ORD000483,,CUST00725,Kochi,31.0,Mechanical Keyboard,Electronics,1,2801.49,4.7,Cash on Delivery,Cancelled,
ORD000484,,CUST00582,Hyderabad,37.0,Sports Track Pants,Fashion,3,1327.81,8.9,UPI,Delivered,4.8
ORD000485,2026-04-05,CUST01045,Mangaluru,23.0,Cotton T-Shirt,Fashion,1,673.6,9.4,Net Banking,Returned,4.5
ORD000486,2026-03-08,CUST01798,Kolkata,37.0,Atomic Habits,Books,1,577.13,10.3,UPI,Delivered,4.4
ORD000487,,CUST01748,Mumbai,21.0,Sunscreen SPF 50,Beauty,1,-99.0,6.1,Credit Card,Delivered,3.9
ORD000488,2026-02-06,CUST01036,Chennai,30.0,Water Bottle,Home & Kitchen,1,688.62,10.4,Cash on Delivery,Returned,3.0
ORD000489,,CUST00393,Chandigarh,21.0,Non-Stick Fry Pan,Home & Kitchen,2,1223.96,3.1,Credit Card,Delivered,4.4
ORD000490,2026-11-03,CUST01072,Hyderabad,38.0,USB-C Fast Charger,Electronics,2,985.74,11.7,Wallet,Delivered,4.0
ORD000491,2026-10-03,CUST00494,Mumbai,,Laptop Backpack,Electronics,2,1953.76,13.2,UPI,Delivered,3.1
ORD000492,,CUST02019,Delhi,29.0,Yoga Mat,Sports & Fitness,3,779.06,11.1,Debit Card,Delivered,3.4
ORD000493,2026-09-06,CUST01459,Jaipur,31.0,Resistance Bands,Sports & Fitness,1,606.33,2.4,UPI,Delivered,3.1
ORD000494,,CUST00283,Delhi,18.0,Coffee 500g,Grocery,4,414.84,7.9,Wallet,Delivered,3.6
ORD000495,,CUST01469,Mumbai,23.0,Backpack,Fashion,1,1361.39,10.8,UPI,Delivered,4.7
ORD000496,,CUST00154,Mysuru,42.0,USB-C Fast Charger,Electronics,2,972.75,9.2,Net Banking,Delivered,3.8
ORD000497,,CUST01590,Bengaluru,23.0,Dry Fruits Mix 500g,Grocery,1,649.27,18.0,Wallet,Delivered,
ORD000498,,CUST01793,Mysuru,35.0,Machine Learning Basics,Books,3,858.48,10.9,UPI,Delivered,5.0
ORD000499,,CUST00840,Chennai,21.0,Shampoo,Beauty,2,535.44,10.4,Credit Card,Delivered,4.6
ORD000500,,CUST01325,Lucknow,39.0,Smartwatch,Electronics,1,3234.51,11.4,UPI,Delivered,4.1
ORD000501,,CUST02014,Delhi,28.0,Competitive Aptitude,Books,1,448.87,3.9,Debit Card,Delivered,5.0
ORD000502,,CUST00725,Kochi,31.0,Running Shoes,Fashion,3,2419.83,21.6,UPI,Delivered,4.7
ORD000503,2025-06-11,CUST00922,Pune,26.0,Electric Kettle,Home & Kitchen,1,1706.65,10.7,UPI,Delivered,3.9
ORD000504,,CUST00486,Pune,36.0,Cricket Bat,Sports & Fitness,1,2369.73,7.1,UPI,Delivered,3.9
ORD000505,,CUST00701,Delhi,37.0,Mixer Grinder,Home & Kitchen,2,3366.43,12.9,Credit Card,Delivered,3.9
ORD000506,,CUST00283,Delhi,18.0,Storage Container Set,Home & Kitchen,3,959.46,11.3,Wallet,Delivered,4.1
ORD000507,,CUST00916,Chennai,53.0,Bluetooth Speaker,Electronics,2,1746.51,12.7,Credit Card,Delivered,4.0
ORD000508,2025-11-09,CUST01436,Delhi,18.0,Lipstick,Beauty,1,571.38,8.0,UPI,Delivered,3.4
ORD000509,,CUST00488,Chennai,34.0,Mechanical Keyboard,Electronics,2,2953.07,6.2,UPI,Delivered,4.2
ORD000510,2025-04-12,CUST00207,Lucknow,48.0,Non-Stick Fry Pan,Home & Kitchen,2,1286.1,4.3,Credit Card,Delivered,4.7
ORD000511,,CUST01238,Chennai,18.0,Coffee 500g,Grocery,2,442.4,10.1,UPI,Returned,4.4
ORD000512,,CUST01228,Kochi,22.0,Cotton T-Shirt,Fashion,2,687.43,10.5,UPI,Delivered,4.2
ORD000513,2026-05-01,CUST00772,Lucknow,32.0,Mixer Grinder,Home & Kitchen,3,3293.11,12.2,UPI,Delivered,
ORD000514,2026-12-06,CUST00872,Hyderabad,46.0,Laptop Backpack,Electronics,1,1945.84,6.1,Credit Card,Pending,
ORD000515,,CUST00771,Mysuru,38.0,Electric Kettle,Home & Kitchen,2,1649.05,7.8,Wallet,Delivered,4.7
ORD000516,,CUST00646,Kolkata,,Dry Fruits Mix 500g,Grocery,3,560.85,8.4,UPI,Delivered,4.1
ORD000517,,CUST00121,Mangaluru,33.0,Protein Oats 1kg,Grocery,1,406.83,0.6,Credit Card,Delivered,4.6
ORD000518,,CUST00887,Hyderabad,34.0,SQL for Beginners,Books,1,632.06,7.7,Credit Card,Delivered,4.8
ORD000519,,CUST00222,Pune,28.0,Smartwatch,Electronics,2,3320.45,0.0,Debit Card,Delivered,3.7
ORD000520,,CUST00271,Hyderabad,31.0,USB-C Fast Charger,Electronics,1,963.5,11.1,Cash on Delivery,Delivered,4.0
ORD000521,,CUST00181,Hyderabad,32.0,Cooking Oil 5L,Grocery,1,791.96,10.9,UPI,Delivered,3.9
ORD000522,,CUST00555,Delhi,24.0,Cotton T-Shirt,Fashion,1,659.39,8.0,UPI,Delivered,3.7
ORD000523,,CUST00291,Mysuru,,Competitive Aptitude,Books,2,414.26,2.6,Cash on Delivery,Delivered,4.8
ORD000524,,CUST01408,Delhi,37.0,Water Bottle,Home & Kitchen,1,707.68,4.8,Credit Card,Delivered,5.0
ORD000525,,CUST01808,Ahmedabad,26.0,Basmati Rice 5kg,Grocery,3,739.77,11.5,UPI,Delivered,4.0
ORD000526,2025-05-12,CUST01076,Ahmedabad,32.0,Atomic Habits,Books,2,563.26,9.9,UPI,Delivered,5.0
ORD000527,,CUST01078,Lucknow,21.0,Gym Gloves,Sports & Fitness,1,485.36,7.3,Cash on Delivery,Delivered,4.1
ORD000528,,CUST01437,Hyderabad,18.0,Dry Fruits Mix 500g,Grocery,3,584.87,10.3,UPI,Cancelled,
ORD000529,,CUST01233,Mumbai,22.0,Bluetooth Speaker,Electronics,2,1809.59,8.1,UPI,Delivered,4.2
ORD000530,,CUST00992,Mumbai,23.0,Skipping Rope,Sports & Fitness,3,310.54,13.2,Credit Card,Delivered,4.4
ORD000531,,CUST00221,Lucknow,18.0,Face Wash,Beauty,1,384.88,12.0,Debit Card,Pending,
ORD000532,,CUST01904,Jaipur,30.0,Moisturizer,Beauty,2,652.17,11.6,Net Banking,Delivered,
ORD000533,,CUST00212,Kolkata,35.0,Cooking Oil 5L,Grocery,2,763.29,5.1,UPI,Delivered,5.0
ORD000534,,CUST00477,Lucknow,43.0,Data Structures,Books,1,797.43,8.6,Cash on Delivery,Cancelled,
ORD000535,2026-06-05,CUST00058,Surat,43.0,Laptop Backpack,Electronics,1,1874.95,7.6,Net Banking,Delivered,4.3
ORD000536,2025-05-09,CUST00233,Chandigarh,30.0,Unknown,Home & Kitchen,1,3276.73,18.5,Debit Card,Delivered,4.4
ORD000537,,CUST00725,Kochi,31.0,Face Wash,Beauty,2,404.75,13.3,UPI,Delivered,5.0
ORD000538,,CUST01092,Kolkata,40.0,Water Bottle,Home & Kitchen,1,681.36,7.7,Credit Card,Delivered,4.7
ORD000539,,CUST01436,Delhi,18.0,Dumbbell Set 10kg,Sports & Fitness,2,2036.0,10.2,Debit Card,Delivered,3.4
ORD000540,,CUST00424,Bengaluru,39.0,Python Programming,Books,1,722.28,2.2,UPI,Delivered,4.0
ORD000541,,CUST00155,Chennai,24.0,Yoga Mat,Sports & Fitness,1,816.3,8.2,,Delivered,3.1
ORD000542,2025-05-10,CUST00385,Mangaluru,34.0,Coffee 500g,Grocery,1,443.98,11.5,Debit Card,Delivered,3.9
ORD000543,2026-05-07,CUST01769,Jaipur,32.0,Cooking Oil 5L,Grocery,1,835.5,9.3,UPI,Delivered,3.2
ORD000544,2026-04-03,CUST01932,Delhi ,36.0,Basmati Rice 5kg,Grocery,3,748.73,11.3,Credit Card,Delivered,3.5
ORD000545,,CUST00437,Chennai,20.0,Cotton T-Shirt,Fashion,3,685.11,12.9,Credit Card,Delivered,3.2
ORD000546,2025-05-09,CUST00031,Hyderabad,32.0,Storage Container Set,Home & Kitchen,2,881.96,11.3,Debit Card,Delivered,2.8
ORD000547,2025-07-12,CUST01254,Kochi,22.0,Men's Casual Shirt,Fashion,2,1165.09,,Credit Card,Delivered,3.9
ORD000548,,CUST00862,Jaipur,32.0,Dry Fruits Mix 500g,Grocery,4,561.05,6.6,UPI,Delivered,3.9
ORD000549,,CUST01944,Hyderabad,35.0,Data Structures,Books,1,762.62,11.6,Credit Card,Delivered,3.5
ORD000550,,CUST00179,Bengaluru,23.0,Shampoo,Beauty,1,533.2,8.2,Credit Card,Delivered,
ORD000551,,CUST00111,Mumbai,20.0,Mechanical Keyboard,Electronics,2,3234.17,14.8,UPI,Delivered,4.1
ORD000552,2026-03-04,CUST01760,Hyderabad,33.0,Men's Casual Shirt,Fashion,1,1192.4,12.3,Cash on Delivery,Delivered,3.7
ORD000553,,CUST00937,Surat,31.0,Skipping Rope,Sports & Fitness,1,286.23,12.9,UPI,Delivered,3.8
ORD000554,,CUST00820,Pune,18.0,Denim Jeans,Fashion,2,1835.41,12.5,Wallet,Delivered,4.3
ORD000555,,CUST00828,Lucknow,21.0,Gym Gloves,Sports & Fitness,2,457.51,5.1,UPI,Pending,
ORD000556,,CUST00956,Bengaluru,33.0,Shampoo,Beauty,3,578.9,10.9,UPI,Delivered,0.0
ORD000557,,CUST01377,Bengaluru,48.0,Data Structures,Books,2,867.67,8.5,UPI,Returned,2.2
ORD000558,2025-05-10,CUST00627,Jaipur,32.0,Perfume,Beauty,2,1325.68,12.7,UPI,Returned,1.2
ORD000559,,CUST00868,Delhi,54.0,Lipstick,Beauty,4,569.85,7.9,UPI,Cancelled,
ORD000560,,CUST02007,Chennai,,Bedsheet Set,Home & Kitchen,1,1685.14,0.0,Debit Card,Cancelled,
ORD000561,,CUST00494,Mumbai,28.0,Face Wash,Beauty,3,393.43,11.3,UPI,Delivered,4.6
ORD000562,2026-05-05,CUST01612,Delhi,23.0,Bluetooth Speaker,Electronics,1,1931.14,6.3,Cash on Delivery,Delivered,3.2
ORD000563,2026-09-06,CUST00068,Kolkata,34.0,Cooking Oil 5L,Grocery,1,781.89,0.3,Debit Card,Delivered,4.7
ORD000564,,CUST00786,Chennai,39.0,Rich Dad Poor Dad,Books,2,478.17,10.4,UPI,Delivered,4.5
ORD000565,,CUST00229,Kolkata,33.0,Shampoo,Beauty,1,541.7,16.7,UPI,Delivered,3.6
ORD000566,2025-11-11,CUST00827,Lucknow,46.0,Lipstick,Beauty,1,589.05,10.3,UPI,Delivered,3.3
ORD000567,,CUST01417,Hyderabad,24.0,Cooking Oil 5L,Grocery,3,802.88,9.9,UPI,Delivered,3.5
ORD000568,,CUST01089,Pune,38.0,Cotton T-Shirt,Fashion,2,709.9,10.3,UPI,Delivered,3.6
ORD000569,,CUST01240,Surat,41.0,USB-C Fast Charger,Electronics,1,980.56,12.5,UPI,Delivered,4.9
ORD000570,2026-01-05,CUST01117,Mumbai,28.0,Coffee 500g,Grocery,1,446.44,14.1,UPI,Delivered,
ORD000571,,CUST01732,Bengaluru,31.0,Bedsheet Set,Home & Kitchen,3,1768.99,8.9,UPI,Delivered,4.4
ORD000572,2026-08-06,CUST01128,Kochi,30.0,Power Bank 20000mAh,Electronics,1,1490.78,6.4,UPI,Delivered,4.8
ORD000573,,CUST02001,Surat,26.0,Cotton T-Shirt,Fashion,1,703.36,5.8,Cash on Delivery,Delivered,5.0
ORD000574,,CUST01200,Kolkata,21.0,Bedsheet Set,Home & Kitchen,2,1751.98,11.1,Net Banking,Delivered,4.6
ORD000575,2025-08-10,CUST00608,Kolkata,33.0,USB-C Fast Charger,Electronics,2,924.85,14.6,UPI,Delivered,4.2
ORD000576,2026-03-02,CUST01477,Jaipur,28.0,Shampoo,Beauty,2,542.99,15.5,UPI,Delivered,2.9
ORD000577,2026-04-08,CUST01281,Delhi,32.0,Basmati Rice 5kg,Grocery,3,747.79,12.6,UPI,Delivered,3.0
ORD000578,,CUST00483,Delhi,37.0,Cotton T-Shirt,Fashion,3,678.57,10.1,UPI,Delivered,4.2
ORD000579,,CUST01290,Mangaluru,43.0,USB-C Fast Charger,Electronics,1,1021.78,7.7,UPI,Delivered,4.1
ORD000580,,CUST00819,Pune,18.0,Skipping Rope,Sports & Fitness,1,303.58,13.9,UPI,Delivered,
ORD000581,2025-10-09,CUST01026,Kochi,50.0,Cushion Set,Home & Kitchen,1,802.79,6.4,Debit Card,Delivered,3.4
ORD000582,2026-12-03,CUST01072,Hyderabad,38.0,Women's Kurti,Fashion,1,937.17,11.5,UPI,Delivered,
ORD000583,2026-09-02,CUST00574,Mumbai,21.0,Electric Kettle,Home & Kitchen,3,1606.61,5.2,UPI,Delivered,5.0
ORD000584,,CUST01039,Jaipur,38.0,Mixer Grinder,Home & Kitchen,2,3407.89,9.1,UPI,Delivered,4.7
ORD000585,,CUST01619,Chandigarh,37.0,Sports Track Pants,Fashion,3,1297.49,2.8,Credit Card,Delivered,4.1
ORD000586,,CUST00194,Ahmedabad,22.0,USB-C Fast Charger,Electronics,2,991.57,4.4,Credit Card,Delivered,4.0
ORD000587,,CUST01384,Bengaluru,27.0,Football,Sports & Fitness,1,918.39,5.8,UPI,Delivered,4.0
ORD000588,2026-10-02,CUST01413,Kolkata,38.0,Coffee 500g,Grocery,1,415.01,6.3,Credit Card,Delivered,4.9
ORD000589,2026-11-08,CUST00618,Pune,39.0,Smartwatch,Electronics,2,3407.37,18.2,UPI,Delivered,4.3
ORD000590,2026-10-02,CUST00850,Hyderabad,41.0,Rich Dad Poor Dad,Books,1,488.95,6.7,Credit Card,Delivered,4.9
ORD000591,,CUST00622,Kochi,33.0,Coffee 500g,Grocery,3,416.03,9.7,UPI,Delivered,4.9
ORD000592,2026-02-08,CUST01955,Mumbai,36.0,Cotton T-Shirt,Fashion,2,737.11,9.2,Credit Card,Delivered,4.4
ORD000593,,CUST01471,Kochi,31.0,Sports Track Pants,Fashion,1,1266.58,7.2,UPI,Delivered,
ORD000594,2025-04-09,CUST00743,Chennai,36.0,Smartwatch,Electronics,2,3294.59,12.0,Wallet,Delivered,2.9
ORD000595,,CUST01611,Chandigarh,31.0,Yoga Mat,Sports & Fitness,1,811.88,7.5,UPI,Delivered,4.0
ORD000596,,CUST01209,Ahmedabad,44.0,Green Tea 100 Bags,Grocery,2,344.43,12.5,UPI,Delivered,4.5
ORD000597,2025-10-10,CUST00413,Pune,36.0,Atomic Habits,Books,1,622.65,5.6,Net Banking,Delivered,4.5
ORD000598,2025-11-12,CUST00342,Delhi,38.0,Cycling Helmet,Sports & Fitness,1,1661.09,5.0,Credit Card,Delivered,3.9
ORD000599,,CUST01065,Mysuru,28.0,Dumbbell Set 10kg,Sports & Fitness,2,1889.21,3.6,UPI,Cancelled,
ORD000600,2025-05-10,CUST00588,Jaipur,37.0,Backpack,Fashion,3,1329.61,9.4,Cash on Delivery,Delivered,3.6
ORD000601,2026-08-05,CUST01365,Kochi,39.0,Green Tea 100 Bags,Grocery,1,334.1,11.3,UPI,Delivered,4.9
ORD000602,2025-03-12,CUST00764,Kolkata,34.0,USB-C Fast Charger,Electronics,1,960.88,3.9,Debit Card,Delivered,3.7
ORD000603,,CUST00888,Lucknow,25.0,Skipping Rope,Sports & Fitness,2,279.34,3.9,UPI,Delivered,3.5
ORD000604,,CUST00078,Hyderabad,18.0,Cotton T-Shirt,Fashion,3,719.66,9.9,UPI,Delivered,4.1
ORD000605,2026-02-01,CUST00179,Bengaluru,23.0,Python Programming,Books,3,709.89,14.7,UPI,Delivered,4.4
ORD000606,2025-11-12,CUST00716,Pune,34.0,Cotton T-Shirt,Fashion,1,663.2,7.8,UPI,Delivered,2.5
ORD000607,,CUST00607,Surat,34.0,LED Desk Lamp,Home & Kitchen,1,960.3,2.2,Debit Card,Delivered,
ORD000608,2025-09-09,CUST00618,Pune,39.0,Python Programming,Books,1,707.05,3.5,Credit Card,Delivered,4.9
ORD000609,,CUST01325,Lucknow,39.0,Cooking Oil 5L,Grocery,2,774.46,10.2,UPI,Delivered,5.0
ORD000610,,CUST00651,Kolkata,37.0,Skipping Rope,Sports & Fitness,1,284.95,9.5,UPI,Delivered,4.1
ORD000611,,CUST01802,Pune,23.0,Electric Kettle,Home & Kitchen,3,1650.3,12.2,UPI,Delivered,4.3
ORD000612,2026-03-01,CUST01453,Chennai,,Face Wash,Beauty,1,405.57,10.4,UPI,Delivered,4.6
ORD000613,,CUST01466,Pune,27.0,Backpack,Fashion,1,1260.73,12.0,Net Banking,Delivered,4.5
ORD000614,2026-11-06,CUST01634,Delhi,28.0,Protein Oats 1kg,Grocery,1,389.51,3.6,UPI,Delivered,6.0
ORD000615,,CUST01248,Bengaluru,22.0,Bluetooth Speaker,Electronics,2,1821.64,6.3,Debit Card,Delivered,3.7
ORD000616,,CUST01081,Pune,25.0,Hair Serum,Beauty,3,489.92,5.1,Cash on Delivery,Delivered,4.1
ORD000617,,CUST01896,Pune,31.0,Skipping Rope,Sports & Fitness,1,312.64,21.0,Credit Card,Delivered,5.0
ORD000618,2025-03-12,CUST00394,Kolkata,19.0,Cricket Bat,Sports & Fitness,2,2354.2,4.5,Debit Card,Returned,2.8
ORD000619,2025-03-10,CUST01592,Delhi,35.0,Coffee 500g,Grocery,1,406.0,5.7,UPI,Cancelled,
ORD000620,,CUST01900,Delhi,25.0,Face Wash,Beauty,2,393.28,10.5,Debit Card,Delivered,4.7
ORD000621,2025-12-11,CUST01607,Ahmedabad,35.0,Almonds 500g,Grocery,2,495.38,7.3,debit card,Delivered,
ORD000622,2025-04-10,CUST01621,Jaipur,18.0,Green Tea 100 Bags,Grocery,2,362.98,5.2,Credit Card,Delivered,4.3
ORD000623,,CUST01004,Delhi,22.0,Rich Dad Poor Dad,Books,1,498.57,11.2,UPI,Delivered,4.4
ORD000624,2026-07-04,CUST01187,Delhi,26.0,Smartwatch,Electronics,1,3384.83,4.3,Net Banking,Delivered,4.9
ORD000625,,CUST00611,Ahmedabad,18.0,Women's Kurti,Fashion,1,983.97,15.3,Credit Card,Delivered,4.1
ORD000626,,CUST00617,Lucknow,30.0,Data Structures,Books,2,725.74,19.9,Cash on Delivery,Delivered,4.1
ORD000627,,CUST00091,Chandigarh,29.0,Cooking Oil 5L,Grocery,3,814.68,3.5,UPI,Delivered,3.8
ORD000628,,CUST01397,Bengaluru,34.0,Atomic Habits,Books,2,612.56,9.5,Cash on Delivery,Delivered,3.9
ORD000629,2025-01-10,CUST01674,Kolkata,33.0,Saree,Fashion,3,2117.71,12.3,Cash on Delivery,Delivered,4.4
ORD000630,,CUST01971,Chennai,20.0,Smartwatch,Electronics,2,3072.77,8.0,Cash on Delivery,Delivered,4.2
ORD000631,2026-04-08,CUST00494,Mumbai,,Cooking Oil 5L,Grocery,2,843.83,5.7,UPI,Delivered,3.9
ORD000632,,CUST00328,Kochi,40.0,Rich Dad Poor Dad,Books,4,464.45,4.7,Credit Card,Delivered,4.3
ORD000633,,CUST01977,Lucknow,37.0,Storage Container Set,Home & Kitchen,1,870.01,3.9,UPI,Delivered,4.0
ORD000634,2026-05-05,CUST00593,Mumbai,28.0,Organic Honey 500g,Grocery,1,480.47,9.2,UPI,Delivered,4.0
ORD000635,,CUST00449,Ahmedabad,30.0,Face Wash,Beauty,3,386.23,7.7,Credit Card,Delivered,3.2
ORD000636,2026-05-04,CUST00076,Hyderabad,29.0,Non-Stick Fry Pan,Home & Kitchen,1,1321.51,5.6,UPI,Cancelled,
ORD000637,2026-12-03,CUST00498,Delhi,31.0,Laptop Backpack,Electronics,2,1931.46,8.9,Debit Card,Delivered,4.2
ORD000638,2025-01-12,CUST00056,Ahmedabad,20.0,Skipping Rope,Sports & Fitness,1,302.86,10.7,Debit Card,Delivered,
ORD000639,,CUST00794,Surat,37.0,USB-C Fast Charger,Electronics,2,960.39,9.2,credit card,Delivered,3.0
ORD000640,2025-05-09,CUST01770,Jaipur,28.0,Denim Jeans,Fashion,1,1745.18,12.2,UPI,Delivered,4.1
ORD000641,,CUST01873,Mysuru,32.0,Shampoo,Beauty,1,529.52,7.1,Debit Card,Delivered,4.0
ORD000642,,CUST00945,Mysuru,44.0,Gym Gloves,Sports & Fitness,3,494.01,7.0,Credit Card,Delivered,2.8
ORD000643,2026-02-04,CUST01036,Chennai,30.0,Laptop Backpack,Electronics,1,1921.32,17.3,Debit Card,Delivered,3.2
ORD000644,,CUST00511,Surat,25.0,Bedsheet Set,Home & Kitchen,2,1630.69,8.7,UPI,Delivered,4.6
ORD000645,2026-11-05,CUST00407,Chennai,23.0,Men's Casual Shirt,Fashion,1,1150.47,14.9,UPI,Delivered,3.6
ORD000646,2026-10-06,CUST00234,Delhi,31.0,Electric Kettle,Home & Kitchen,1,1587.15,4.8,UPI,Delivered,4.0
ORD000647,,CUST01679,Jaipur,39.0,Gym Gloves,Sports & Fitness,1,489.46,1.5,UPI,Delivered,4.8
ORD000648,,CUST01204,Chandigarh,38.0,Basmati Rice 5kg,Grocery,2,730.4,9.2,UPI,Delivered,2.7
ORD000649,2026-11-01,CUST00735,Mysuru,31.0,Wireless Earbuds,Electronics,2,2433.66,11.0,Net Banking,Delivered,3.3
ORD000650,2026-11-07,CUST01780,Mumbai,27.0,Rich Dad Poor Dad,Books,3,514.19,5.5,Cash on Delivery,Cancelled,
ORD000651,2026-11-05,CUST01053,Delhi,30.0,Coffee 500g,Grocery,1,453.05,12.3,Credit Card,Delivered,3.4
ORD000652,2026-10-07,CUST00602,Lucknow,37.0,Cotton T-Shirt,Fashion,2,717.77,13.1,UPI,Delivered,
ORD000653,,CUST01129,Mumbai,38.0,Mechanical Keyboard,Electronics,2,2992.76,7.3,UPI,Cancelled,
ORD000654,,CUST01238,Chennai,18.0,Shampoo,Beauty,1,522.86,11.3,Net Banking,Delivered,4.6
ORD000655,,CUST01240,Surat,41.0,Organic Honey 500g,Grocery,5,451.89,10.1,Debit Card,Delivered,
ORD000656,,CUST00817,Kolkata,33.0,,Fashion,1,1143.12,10.9,Debit Card,Delivered,2.6
ORD000657,2026-03-07,CUST02007,Chennai,28.0,Backpack,Fashion,2,1364.54,17.8,UPI,Delivered,4.1
ORD000658,2025-06-11,CUST00934,Chennai,19.0,Mechanical Keyboard,Electronics,2,2890.05,14.2,Debit Card,Delivered,4.4
ORD000659,,CUST01004,Delhi,22.0,Power Bank 20000mAh,Electronics,2,1507.48,2.6,Net Banking,Delivered,4.4
ORD000660,,CUST01206,Pune,27.0,Electric Kettle,Home & Kitchen,2,1628.77,12.8,Debit Card,Delivered,4.1
ORD000661,2026-02-06,CUST00280,Pune,27.0,Skipping Rope,Sports & Fitness,1,289.58,9.0,Credit Card,Delivered,3.7
ORD000662,,CUST01886,Chandigarh,38.0,Saree,Fashion,1,2261.65,6.6,UPI,Delivered,3.8
ORD000663,,CUST02016,Chennai,30.0,Almonds 500g,Grocery,3,500.05,6.4,Cash on Delivery,Delivered,3.5
ORD000664,2025-01-09,CUST00490,Ahmedabad,42.0,Skipping Rope,Sports & Fitness,1,302.08,2.2,Debit Card,Delivered,
ORD000665,,CUST01121,Pune,28.0,Backpack,Fashion,1,1328.77,18.7,Credit Card,Delivered,3.7
ORD000666,,CUST01370,Bengaluru,20.0,Cooking Oil 5L,Grocery,1,809.04,3.6,Credit Card,Delivered,5.0
ORD000667,,CUST00068,Kolkata,34.0,Wireless Earbuds,Electronics,2,2454.23,7.3,UPI,Delivered,5.0
ORD000668,,CUST00662,Chandigarh,28.0,Dumbbell Set 10kg,Sports & Fitness,1,1922.73,6.6,UPI,Delivered,4.2
ORD000669,,CUST01907,Lucknow,29.0,Electric Kettle,Home & Kitchen,2,1549.1,10.9,UPI,Delivered,4.6
ORD000670,,CUST01663,Chennai,19.0,Bluetooth Speaker,Electronics,2,1647.79,8.6,Cash on Delivery,Delivered,4.1
ORD000671,2025-10-12,CUST01202,Kolkata,35.0,Basmati Rice 5kg,Grocery,1,717.06,4.6,UPI,Delivered,3.4
ORD000672,,CUST00930,Surat,30.0,Electric Kettle,Home & Kitchen,2,1536.79,9.6,Credit Card,Delivered,4.3
ORD000673,,CUST00204,Hyderabad,23.0,Cushion Set,Home & Kitchen,1,790.05,9.6,Credit Card,Delivered,3.8
ORD000674,,CUST00194,Ahmedabad,22.0,SQL for Beginners,Books,2,595.14,11.9,UPI,Delivered,3.9
ORD000675,2025-07-09,CUST01296,Chandigarh,24.0,Body Lotion,Beauty,4,446.03,15.4,UPI,Delivered,3.8
ORD000676,2025-12-10,CUST01425,Kolkata,26.0,Python Programming,Books,4,695.61,7.5,Wallet,Pending,
ORD000677,2026-11-06,CUST00852,Kochi,50.0,Dry Fruits Mix 500g,Grocery,1,554.85,9.2,UPI,Delivered,5.0
ORD000678,,CUST01820,Hyderabad,19.0,Non-Stick Fry Pan,Home & Kitchen,1,1296.94,11.2,Credit Card,Delivered,4.0
ORD000679,2026-05-03,CUST00349,Delhi,18.0,Cotton T-Shirt,Fashion,1,707.86,11.1,UPI,Delivered,4.2
ORD000680,,CUST00697,Chandigarh,30.0,Rich Dad Poor Dad,Books,2,528.03,0.2,Credit Card,Delivered,4.6
ORD000681,,CUST00100,Pune,24.0,Laptop Backpack,Electronics,1,1890.97,10.2,UPI,Delivered,4.2
ORD000682,,CUST00352,Mumbai,28.0,Perfume,Beauty,1,1323.52,14.3,Wallet,Delivered,5.0
ORD000683,,CUST00092,Chennai,30.0,Indian History,Books,1,532.31,11.4,UPI,Delivered,3.8
ORD000684,,CUST00791,Unknown,42.0,Indian History,Books,1,556.09,2.8,Cash on Delivery,Delivered,4.3
ORD000685,2025-01-10,CUST01190,Kochi,33.0,Men's Casual Shirt,Fashion,1,1119.8,17.1,UPI,Cancelled,
ORD000686,2026-11-01,CUST01821,Hyderabad,29.0,Python Programming,Books,1,708.19,7.9,UPI,Delivered,4.5
ORD000687,2026-06-07,CUST00391,Chennai,18.0,USB-C Fast Charger,Electronics,1,962.91,5.2,UPI,Delivered,3.3
ORD000688,2026-12-06,CUST00651,Kolkata,37.0,Denim Jeans,Fashion,2,1746.73,7.2,UPI,Delivered,3.6
ORD000689,,CUST00924,Mangaluru,42.0,Moisturizer,Beauty,2,646.27,7.4,Cash on Delivery,Delivered,4.0
ORD000690,,CUST01312,Delhi,30.0,Organic Honey 500g,Grocery,1,435.02,15.8,Cash on Delivery,Cancelled,
ORD000691,,CUST02039,Surat,41.0,Basmati Rice 5kg,Grocery,1,788.31,15.5,Credit Card,Delivered,3.9
ORD000692,,CUST00219,Hyderabad,28.0,Women's Kurti,Fashion,1,990.89,8.2,UPI,Delivered,3.2
ORD000693,,CUST01292,Mumbai,25.0,Running Shoes,Fashion,3,2648.96,12.8,UPI,Cancelled,
ORD000694,2026-03-04,CUST00194,Ahmedabad,22.0,Saree,Fashion,2,2063.07,7.1,UPI,Delivered,3.6
ORD000695,2026-08-06,CUST01831,Ahmedabad,24.0,Sports Track Pants,Fashion,1,1273.78,11.2,UPI,Delivered,3.4
ORD000696,2025-09-11,CUST00194,Ahmedabad,22.0,Moisturizer,Beauty,1,661.23,8.1,Debit Card,Delivered,2.8
ORD000697,2025-05-12,CUST01959,Chennai,27.0,Gym Gloves,Sports & Fitness,1,492.05,6.3,Wallet,Delivered,4.6
ORD000698,,CUST00677,Chandigarh,24.0,LED Desk Lamp,Home & Kitchen,2,942.92,10.7,UPI,Delivered,3.8
ORD000699,,CUST01796,Delhi,39.0,Python Programming,Books,1,718.09,6.8,UPI,Returned,3.9
ORD000700,,CUST00995,,37.0,Laptop Backpack,Electronics,2,1785.77,10.4,Debit Card,Delivered,4.1
ORD000701,2026-06-08,CUST01315,Kolkata,35.0,Basmati Rice 5kg,Grocery,3,781.75,12.5,UPI,Delivered,3.3
ORD000702,,CUST01139,Ahmedabad,26.0,Data Structures,Books,2,746.67,7.6,Credit Card,Delivered,3.3
ORD000703,2026-07-06,CUST01500,Chandigarh,27.0,Denim Jeans,Fashion,1,1841.21,4.2,Cash on Delivery,Delivered,5.0
ORD000704,,CUST01157,Hyderabad,35.0,Yoga Mat,Sports & Fitness,2,817.14,9.2,Cash on Delivery,Pending,
ORD000705,2025-07-10,CUST01940,Mangaluru,32.0,Unknown,Beauty,1,526.53,10.2,Cash on Delivery,Delivered,3.2
ORD000706,2026-09-01,CUST01613,Delhi,30.0,Running Shoes,Fashion,2,2486.01,7.7,UPI,Delivered,5.0
ORD000707,,CUST00891,Kolkata,29.0,Men's Casual Shirt,Fashion,1,1161.11,9.2,Debit Card,Delivered,5.0
ORD000708,2026-04-07,CUST00087,Mumbai,22.0,Women's Kurti,Fashion,1,1005.28,10.9,UPI,Delivered,5.0
ORD000709,,CUST00823,Bengaluru,27.0,Storage Container Set,Home & Kitchen,2,920.51,9.1,UPI,Delivered,3.6
ORD000710,,CUST00546,Chennai,25.0,Cooking Oil 5L,Grocery,4,777.06,8.2,UPI,Cancelled,
ORD000711,2026-03-08,CUST00917,Kochi,24.0,Dry Fruits Mix 500g,Grocery,2,587.79,10.4,Net Banking,Delivered,4.2
ORD000712,,CUST00407,Chennai,23.0,Basmati Rice 5kg,Grocery,1,734.81,11.8,Credit Card,Delivered,5.0
ORD000713,,CUST01708,Mangaluru,29.0,Power Bank 20000mAh,Electronics,1,1508.89,9.8,UPI,Delivered,3.2
ORD000714,2026-10-07,CUST00355,Unknown,39.0,Yoga Mat,Sports & Fitness,3,771.23,8.0,Net Banking,Cancelled,
ORD000715,,CUST01491,Chennai,40.0,Bluetooth Speaker,Electronics,1,1745.72,10.4,Credit Card,Cancelled,
ORD000716,,CUST00353,Mangaluru,33.0,Football,Sports & Fitness,2,858.58,6.4,UPI,Delivered,3.5
ORD000717,,CUST01436,Delhi,18.0,Basmati Rice 5kg,Grocery,3,744.08,7.9,UPI,Delivered,2.8
ORD000718,,CUST01341,Kochi,26.0,Almonds 500g,Grocery,1,502.52,3.7,UPI,Pending,
ORD000719,2025-08-09,CUST00027,Bengaluru,36.0,Competitive Aptitude,Books,2,484.63,8.6,UPI,Delivered,5.0
ORD000720,,CUST00751,Bengaluru,27.0,USB-C Fast Charger,Electronics,2,995.62,5.3,UPI,Delivered,3.4
ORD000721,,CUST01399,Mumbai,41.0,Cycling Helmet,Sports & Fitness,1,1556.07,6.7,UPI,Delivered,5.0
ORD000722,2026-04-02,CUST00352,Mumbai,28.0,Laptop Backpack,Electronics,1,1897.02,6.5,Debit Card,Delivered,3.0
ORD000723,2026-10-07,CUST01088,Chandigarh,33.0,Face Wash,Beauty,1,403.7,9.0,Debit Card,Delivered,4.1
ORD000724,,CUST00373,Delhi,35.0,Wireless Earbuds,Electronics,1,2499.57,11.0,UPI,Delivered,3.7
ORD000725,,CUST01736,Ahmedabad,40.0,Water Bottle,Home & Kitchen,2,675.66,9.7,Net Banking,Delivered,3.6
ORD000726,,CUST00407,Chennai,23.0,Almonds 500g,Grocery,2,478.61,3.1,UPI,Delivered,4.8
ORD000727,,CUST00330,Ahmedabad,26.0,Rich Dad Poor Dad,Books,1,523.12,7.0,UPI,Cancelled,
ORD000728,2026-05-07,CUST00323,Pune,25.0,Basmati Rice 5kg,Grocery,3,754.43,8.6,UPI,Delivered,5.0
ORD000729,,CUST00896,Chennai,27.0,Rich Dad Poor Dad,Books,2,468.14,14.8,UPI,Delivered,
ORD000730,2025-09-09,CUST00610,Chennai,43.0,Basmati Rice 5kg,Grocery,3,776.64,10.4,UPI,Delivered,2.9
ORD000731,,CUST01671,,49.0,Wireless Earbuds,Electronics,2,2446.7,9.4,UPI,Delivered,4.9
ORD000732,,CUST01699,Bengaluru,36.0,Sports Track Pants,Fashion,2,1343.91,13.3,Cash on Delivery,Cancelled,
ORD000733,2026-09-06,CUST00657,Kolkata,36.0,Backpack,Fashion,2,1265.05,8.7,UPI,Delivered,3.9
ORD000734,2026-10-03,CUST01290,Mangaluru,43.0,Non-Stick Fry Pan,Home & Kitchen,2,1315.05,10.5,UPI,Delivered,4.2
ORD000735,,CUST00479,Surat,18.0,Smartwatch,Electronics,2,3339.05,5.6,Credit Card,Delivered,4.2
ORD000736,2026-08-06,CUST00657,Kolkata,36.0,Cushion Set,Home & Kitchen,2,759.01,5.4,Credit Card,Delivered,4.4
ORD000737,,CUST00994,Bengaluru,28.0,Smartwatch,Electronics,2,3465.25,6.9,UPI,Delivered,4.3
ORD000738,,CUST01950,Kochi,24.0,Data Structures,Books,1,779.5,10.3,UPI,Delivered,4.5
ORD000739,,CUST00198,Pune,29.0,Men's Casual Shirt,Fashion,3,1203.22,15.0,UPI,Delivered,4.4
ORD000740,2026-08-02,CUST00523,Surat,40.0,Backpack,Fashion,2,1268.04,8.8,UPI,Delivered,3.9
ORD000741,2026-08-03,CUST00172,Surat,23.0,Bluetooth Speaker,Electronics,2,1763.18,9.1,UPI,Delivered,2.6
ORD000742,,CUST01993,Surat,22.0,Bedsheet Set,Home & Kitchen,2,1629.79,7.9,UPI,Delivered,3.4
ORD000743,2026-05-08,CUST00092,Chennai,30.0,Mixer Grinder,Home & Kitchen,2,3505.71,8.1,Cash on Delivery,Delivered,4.9
ORD000744,2025-04-10,CUST01620,Chennai,40.0,Machine Learning Basics,Books,1,859.61,19.4,UPI,Delivered,4.3
ORD000745,,CUST01167,Kochi,38.0,Cushion Set,Home & Kitchen,1,752.45,0.0,UPI,Delivered,4.0
ORD000746,,CUST00611,Ahmedabad,18.0,Rich Dad Poor Dad,Books,2,488.74,6.5,Credit Card,Delivered,4.1
ORD000747,2026-01-05,CUST00337,Lucknow,29.0,Women's Kurti,Fashion,1,950.52,,UPI,Delivered,4.1
ORD000748,,CUST00880,Unknown,22.0,Atomic Habits,Books,1,608.11,3.7,Net Banking,Cancelled,
ORD000749,,CUST00820,Pune,18.0,Sports Track Pants,Fashion,2,1327.23,9.5,Credit Card,Delivered,3.8
ORD000750,,CUST01573,Jaipur,26.0,Face Wash,Beauty,2,393.74,8.0,UPI,Delivered,5.0
ORD000751,2025-04-12,CUST01733,Bengaluru,25.0,Basmati Rice 5kg,Grocery,1,794.78,11.2,UPI,Returned,3.1
ORD000752,2026-12-08,CUST00608,Kolkata,33.0,Coffee 500g,Grocery,1,426.46,3.7,UPI,Delivered,3.2
ORD000753,2026-03-04,CUST00595,Hyderabad,33.0,Competitive Aptitude,Books,3,434.13,8.8,Cash on Delivery,Delivered,4.3
ORD000754,,CUST00556,Kochi,29.0,Mechanical Keyboard,Electronics,1,2744.11,8.9,Cash on Delivery,Pending,
ORD000755,,CUST01065,Mysuru,28.0,Rich Dad Poor Dad,Books,1,469.02,4.9,UPI,Delivered,4.8
ORD000756,2026-01-06,CUST00933,Delhi,36.0,Electric Kettle,Home & Kitchen,1,1625.77,16.8,UPI,Delivered,3.8
ORD000757,2025-10-10,CUST00823,Bengaluru,27.0,Sunscreen SPF 50,Beauty,1,705.03,12.1,Cash on Delivery,Delivered,
ORD000758,2025-11-11,CUST01797,Mysuru,34.0,Data Structures,Books,2,795.14,14.8,Credit Card,Delivered,4.4
ORD000759,,CUST01613,Delhi,30.0,Water Bottle,Home & Kitchen,1,709.71,10.0,Credit Card,Delivered,4.8
ORD000760,,CUST00832,Surat,,,Home & Kitchen,1,722.78,8.0,UPI,Delivered,4.2
ORD000761,2026-09-02,CUST01056,Kolkata,32.0,Coffee 500g,Grocery,2,399.9,16.2,Cash on Delivery,Delivered,4.7
ORD000762,,CUST00491,Kolkata,22.0,Basmati Rice 5kg,Grocery,2,701.01,7.6,Wallet,Delivered,3.7
ORD000763,2026-03-05,CUST00221,Lucknow,18.0,Running Shoes,Fashion,2,2462.29,10.0,Wallet,Returned,2.4
ORD000764,,CUST01204,Chandigarh,38.0,Mechanical Keyboard,Electronics,1,2783.51,8.8,UPI,Delivered,3.9
ORD000765,2026-12-01,CUST00373,Delhi,35.0,USB-C Fast Charger,Electronics,1,1009.82,10.6,UPI,Delivered,4.9
ORD000766,,CUST01515,Mumbai,36.0,Cooking Oil 5L,Grocery,2,837.48,14.5,Debit Card,Delivered,4.1
ORD000767,,CUST01609,Bengaluru,31.0,Smartwatch,Electronics,2,3411.09,0.6,UPI,Delivered,3.6
ORD000768,,CUST00690,Mangaluru,37.0,Almonds 500g,Grocery,2,471.99,16.4,Credit Card,Delivered,4.0
ORD000769,2026-01-04,CUST00868,Delhi,54.0,Cooking Oil 5L,Grocery,3,807.03,9.8,UPI,Delivered,4.1
ORD000770,,CUST00323,Pune,25.0,Dry Fruits Mix 500g,Grocery,2,597.55,6.7,Cash on Delivery,Delivered,3.5
ORD000771,,CUST01679,Jaipur,39.0,Laptop Backpack,Electronics,2,1796.14,12.7,Wallet,Delivered,3.8
ORD000772,2026-09-02,CUST00207,Lucknow,48.0,Wireless Earbuds,Electronics,1,2442.29,4.4,Net Banking,Delivered,5.0
ORD000773,2026-01-01,CUST01849,Bengaluru,26.0,Yoga Mat,Sports & Fitness,1,824.02,5.1,UPI,Delivered,4.3
ORD000774,,CUST00392,Chandigarh,34.0,Competitive Aptitude,Books,3,409.59,5.7,UPI,Delivered,5.0
ORD000775,,CUST01695,Kolkata,40.0,Women's Kurti,Fashion,3,982.84,9.5,UPI,Delivered,3.5
ORD000776,,CUST00930,Surat,30.0,Moisturizer,Beauty,2,618.15,8.0,UPI,Returned,3.4
ORD000777,,CUST01194,Mysuru,28.0,Bedsheet Set,Home & Kitchen,2,1706.65,4.4,Debit Card,Delivered,4.0
ORD000778,,CUST01541,Surat,31.0,Cushion Set,Home & Kitchen,1,817.89,3.3,Cash on Delivery,Cancelled,
ORD000779,2026-09-07,CUST01243,Hyderabad,29.0,Protein Oats 1kg,Grocery,1,411.13,8.9,UPI,Cancelled,
ORD000780,,CUST01735,Delhi,31.0,USB-C Fast Charger,Electronics,2,1022.55,11.2,UPI,Delivered,
ORD000781,2026-10-01,CUST00902,Hyderabad,27.0,Atomic Habits,Books,3,587.69,19.3,Credit Card,Delivered,4.6
ORD000782,,CUST02044,Mumbai,37.0,Bluetooth Speaker,Electronics,2,1832.11,1.6,Credit Card,Delivered,4.0
ORD000783,2025-12-11,CUST00937,Surat,31.0,Basmati Rice 5kg,Grocery,4,752.99,13.8,Credit Card,Delivered,3.0
ORD000784,2025-07-12,CUST01656,Bengaluru,18.0,SQL for Beginners,Books,3,672.66,2.0,UPI,Delivered,4.4
ORD000785,,CUST00626,Jaipur,30.0,Wireless Earbuds,Electronics,2,2420.44,8.3,UPI,Delivered,3.5
ORD000786,,CUST00727,Mangaluru,28.0,Atomic Habits,Books,2,595.58,12.3,Cash on Delivery,Delivered,4.3
ORD000787,,CUST00407,Chennai,23.0,Coffee 500g,Grocery,1,419.97,7.0,Cash on Delivery,Delivered,4.3
ORD000788,,CUST00209,Mumbai,27.0,Cotton T-Shirt,Fashion,1,742.34,6.2,Credit Card,Delivered,4.6
ORD000789,,CUST00602,Lucknow,37.0,USB-C Fast Charger,Electronics,2,934.81,7.6,Debit Card,Delivered,4.6
ORD000790,2026-09-03,CUST01408,Delhi,37.0,Organic Honey 500g,Grocery,2,473.23,8.6,Credit Card,Delivered,4.3
ORD000791,,CUST01408,Delhi,37.0,Storage Container Set,Home & Kitchen,2,885.11,0.6,Credit Card,Delivered,2.5
ORD000792,,CUST01787,Delhi,25.0,Resistance Bands,Sports & Fitness,2,629.55,5.9,Cash on Delivery,Delivered,4.3
ORD000793,2025-07-12,CUST00514,Surat,31.0,Protein Oats 1kg,Grocery,2,424.43,9.1,,Delivered,3.9
ORD000794,,CUST01236,Chennai,41.0,Running Shoes,Fashion,2,2362.29,5.9,Debit Card,Delivered,4.2
ORD000795,,CUST01094,Hyderabad,33.0,Shampoo,Beauty,1,538.35,9.0,UPI,Delivered,4.2
ORD000796,,CUST00149,Mangaluru,18.0,Moisturizer,Beauty,2,666.51,11.6,UPI,Delivered,5.0
ORD000797,2026-07-02,CUST00933,Delhi,36.0,Basmati Rice 5kg,Grocery,1,747.19,16.2,,Delivered,2.9
ORD000798,,CUST00897,Surat,26.0,Wireless Earbuds,Electronics,2,2403.95,11.3,Debit Card,Delivered,4.9
ORD000799,,CUST00969,Pune,39.0,Running Shoes,Fashion,1,2550.23,8.2,UPI,Delivered,5.0
ORD000800,,CUST00013,Surat,30.0,Cooking Oil 5L,Grocery,1,734.05,7.5,Cash on Delivery,Delivered,3.9
ORD000801,2026-05-03,CUST01701,Kolkata,23.0,Cooking Oil 5L,Grocery,1,796.58,7.2,UPI,Delivered,4.7
ORD000802,2025-01-12,CUST00169,Jaipur,33.0,Gym Gloves,Sports & Fitness,1,502.85,12.8,UPI,Delivered,3.1
ORD000803,,CUST01150,Bengaluru,27.0,Cotton T-Shirt,Fashion,2,710.68,10.8,Credit Card,Delivered,4.2
ORD000804,2026-01-04,CUST01095,Ahmedabad,44.0,Water Bottle,Home & Kitchen,3,699.67,15.1,Debit Card,Delivered,2.5
ORD000805,2025-05-12,CUST01414,Kolkata,33.0,Laptop Backpack,Electronics,1,1836.32,10.4,Debit Card,Delivered,
ORD000806,,CUST01193,Kochi,30.0,Mechanical Keyboard,Electronics,1,2820.83,12.8,UPI,Pending,
ORD000807,,CUST00738,Chandigarh,18.0,Smartwatch,Electronics,1,3074.46,17.0,Cash on Delivery,Delivered,5.0
ORD000808,,CUST01197,Kolkata,48.0,Sports Track Pants,Fashion,1,1273.02,7.4,Credit Card,Delivered,3.6
ORD000809,,CUST00391,Chennai,,Storage Container Set,Home & Kitchen,1,898.15,6.4,UPI,Delivered,4.4
ORD000810,2025-10-09,CUST00267,Jaipur,36.0,Wireless Earbuds,Electronics,2,2532.93,10.3,UPI,Delivered,3.9
ORD000811,2025-05-10,CUST01330,Bengaluru,42.0,Mixer Grinder,Home & Kitchen,1,3594.72,10.3,UPI,Delivered,3.6
ORD000812,2026-08-02,CUST00145,Chandigarh,30.0,Power Bank 20000mAh,Electronics,1,1452.53,10.5, UPI ,Delivered,5.0
ORD000813,2026-04-08,CUST00048,Ahmedabad,22.0,1080p Webcam,Electronics,2,2259.61,16.1,Net Banking,Delivered,4.4
ORD000814,2025-02-09,CUST01677,Kochi,21.0,Sunscreen SPF 50,Beauty,3,695.86,4.5,Net Banking,Delivered,4.8
ORD000815,2025-05-09,CUST00796,Kolkata,18.0,SQL for Beginners,Books,2,665.1,,Debit Card,Delivered,4.3
ORD000816,,CUST00930,Surat,30.0,Lipstick,Beauty,2,573.05,15.1,Net Banking,Cancelled,
ORD000817,,CUST00323,Pune,25.0,Cotton T-Shirt,Fashion,2,692.67,16.1,Credit Card,Delivered,4.9
ORD000818,2026-10-01,CUST01723,Kochi,27.0,LED Desk Lamp,Home & Kitchen,1,1014.78,4.7,Cash on Delivery,Delivered,4.9
ORD000819,,CUST00338,Mangaluru,24.0,Cricket Bat,Sports & Fitness,1,2293.16,1.7,Debit Card,Delivered,3.2
ORD000820,2026-04-02,CUST00820,Pune,18.0,1080p Webcam,Electronics,2,2428.63,8.1,UPI,Delivered,3.7
ORD000821,2025-10-11,CUST01734,Surat,22.0,Mixer Grinder,Home & Kitchen,1,3323.0,3.6,Cash on Delivery,Delivered,3.3
ORD000822,2025-07-11,CUST00317,Bengaluru,32.0,Running Shoes,Fashion,2,2527.03,19.0,Cash on Delivery,Delivered,4.2
ORD000823,2026-05-08,CUST01615,Hyderabad,36.0,Storage Container Set,Home & Kitchen,2,874.58,1.5,UPI,Delivered,4.2
ORD000824,,CUST00092,Chennai,30.0,Backpack,Fashion,3,1319.25,12.5,UPI,Delivered,3.7
ORD000825,2026-12-08,CUST01665,Chennai,23.0,Electric Kettle,Home & Kitchen,2,1629.89,8.1,UPI,Delivered,4.2
ORD000826,2026-06-01,CUST01942,Surat,35.0,Green Tea 100 Bags,Grocery,2,331.38,11.3,UPI,Delivered,3.4
ORD000827,,CUST01508,Mysuru,36.0,Cooking Oil 5L,Grocery,1,790.03,3.8,Debit Card,Delivered,3.4
ORD000828,2026-11-06,CUST00490,Ahmedabad,42.0,,Grocery,1,351.81,8.1,UPI,Delivered,4.6
ORD000829,,CUST00933,Delhi,36.0,1080p Webcam,Electronics,2,2257.11,9.0,Debit Card,Delivered,4.6
ORD000830,2026-03-03,CUST01333,Delhi,18.0,Face Wash,Beauty,1,412.56,14.7,Net Banking,Delivered,4.2
ORD000831,,CUST01162,Hyderabad,29.0,Basmati Rice 5kg,Grocery,3,734.7,4.3,Cash on Delivery,Delivered,3.8
ORD000832,,CUST00179,Bengaluru,23.0,Storage Container Set,Home & Kitchen,3,904.6,5.5,net banking,Delivered,3.7
ORD000833,,CUST01193,Kochi,30.0,Sunscreen SPF 50,Beauty,2,667.8,12.7,UPI,Delivered,3.3
ORD000834,,CUST01556,Pune,29.0,Smartwatch,Electronics,1,3231.98,10.3,Debit Card,Delivered,3.9
ORD000835,,CUST01446,Mumbai,25.0,Coffee 500g,Grocery,3,430.84,10.7,Net Banking,Delivered,
ORD000836,,CUST01660,Hyderabad,18.0,Wireless Earbuds,Electronics,1,2490.99,6.7,Debit Card,Delivered,4.6
ORD000837,,CUST01919,Mysuru,23.0,Power Bank 20000mAh,Electronics,2,1469.88,17.2,Net Banking,Returned,3.7
ORD000838,2026-06-08,CUST01149,Hyderabad,25.0,Moisturizer,Beauty,2,648.91,22.7,UPI,Delivered,3.9
ORD000839,,CUST00451,Hyderabad,38.0,Running Shoes,Fashion,1,2541.72,7.5,Cash on Delivery,Delivered,3.8
ORD000840,,CUST01037,Delhi,39.0,Face Wash,Beauty,2,428.19,14.0,UPI,Delivered,4.6
ORD000841,2026-05-02,CUST00595,Hyderabad,33.0,Yoga Mat,Sports & Fitness,1,799.59,1.0,UPI,Delivered,4.5
ORD000842,,CUST00930,Surat,30.0,Laptop Backpack,Electronics,1,-99.0,20.5,UPI,Delivered,4.3
ORD000843,,CUST01334,Hyderabad,43.0,Machine Learning Basics,Books,1,906.73,1.9,Debit Card,Delivered,2.4
ORD000844,,CUST00007,Surat,40.0,Face Wash,Beauty,1,406.63,12.2,Cash on Delivery,Cancelled,
ORD000845,2025-08-10,CUST00118,Mysuru,34.0,Mechanical Keyboard,Electronics,2,2869.04,10.0,UPI,Cancelled,
ORD000846,,CUST00888,Lucknow,25.0,Atomic Habits,Books,2,573.56,10.1,Cash on Delivery,Delivered,4.8
ORD000847,,CUST00316,Chandigarh,18.0,Non-Stick Fry Pan,Home & Kitchen,1,1322.48,12.1,Credit Card,Delivered,4.2
ORD000848,,CUST01047,Jaipur,23.0,Green Tea 100 Bags,Grocery,1,354.69,14.2,UPI,Delivered,4.6
ORD000849,,CUST00689,Hyderabad,24.0,USB-C Fast Charger,Electronics,1,1014.58,19.0,Credit Card,Delivered,4.7
ORD000850,,CUST01423,Pune,33.0,Football,Sports & Fitness,3,921.08,4.7,UPI,Cancelled,
ORD000851,,CUST00547,Delhi,20.0,Saree,Fashion,1,2068.89,7.0,Cash on Delivery,Delivered,3.3
ORD000852,,CUST02028,Mumbai,27.0,Backpack,Fashion,1,1308.53,11.4,UPI,Delivered,3.8
ORD000853,,CUST01526,Ahmedabad,36.0,Denim Jeans,Fashion,2,1769.62,7.6,UPI,Delivered,3.3
ORD000854,,CUST00348,Delhi,36.0,Electric Kettle,Home & Kitchen,1,1574.74,14.9,Cash on Delivery,Returned,1.6
ORD000855,,CUST00084,Hyderabad,23.0,Shampoo,Beauty,1,543.67,11.5,UPI,Delivered,4.2
ORD000856,,CUST00551,Bengaluru,51.0,Atomic Habits,Books,1,636.66,4.8,Credit Card,Delivered,3.8
ORD000857,,CUST01067,Surat,36.0,Men's Casual Shirt,Fashion,2,1180.27,15.8,Credit Card,Delivered,4.9
ORD000858,2026-12-07,CUST00321,Pune,35.0,Rich Dad Poor Dad,Books,1,506.61,14.2,UPI,Delivered,3.5
ORD000859,2026-07-03,CUST01783,Mumbai,35.0,Power Bank 20000mAh,Electronics,1,1547.7,19.0,Credit Card,Delivered,3.8
ORD000860,2026-02-01,CUST01447,Lucknow,37.0,Moisturizer,Beauty,3,611.87,6.6,Credit Card,Delivered,4.0
ORD000861,2025-07-10,CUST01361,Pune,44.0,Saree,Fashion,2,2364.77,9.8,Net Banking,Cancelled,
ORD000862,,CUST00552,Pune,23.0,Organic Honey 500g,Grocery,1,458.92,16.4,Debit Card,Delivered,3.8
ORD000863,,CUST00758,Kolkata,20.0,Face Wash,Beauty,1,402.59,12.7,UPI,Delivered,4.3
ORD000864,2025-02-12,CUST01259,Ahmedabad,21.0,Bedsheet Set,Home & Kitchen,1,1639.97,8.2,UPI,Delivered,
ORD000865,,CUST00136,Chennai,32.0,Face Wash,Beauty,2,409.11,3.5,UPI,Delivered,
ORD000866,,CUST02013,Delhi,36.0,Water Bottle,Home & Kitchen,2,705.19,5.4,UPI,Delivered,4.6
ORD000867,2025-09-11,CUST00630,Mysuru,32.0,Basmati Rice 5kg,Grocery,2,780.35,10.2,Credit Card,Delivered,4.8
ORD000868,,CUST01668,Bengaluru,25.0,Python Programming,Books,2,696.46,3.9,UPI,Delivered,3.9
ORD000869,2026-01-06,CUST01356,Pune,38.0,Python Programming,Books,1,749.25,15.4,Debit Card,Delivered,5.0
ORD000870,,CUST01138,Chennai,18.0,Gym Gloves,Sports & Fitness,2,491.08,7.2,UPI,Delivered,4.3
ORD000871,2026-12-01,CUST00917,Kochi,24.0,Denim Jeans,Fashion,1,1724.91,0.4,Wallet,Delivered,4.5
ORD000872,,CUST01023,Chennai,32.0,Cooking Oil 5L,Grocery,2,797.16,13.1,UPI,Delivered,4.4
ORD000873,,CUST01832,Surat,29.0,1080p Webcam,Electronics,2,2222.64,1.3,UPI,Pending,
ORD000874,,CUST00897,Surat,26.0,Bedsheet Set,Home & Kitchen,2,1641.91,12.8,Credit Card,Delivered,4.2
ORD000875,,CUST01040,Ahmedabad,32.0,Cooking Oil 5L,Grocery,2,765.77,1.1,Credit Card,Delivered,4.3
ORD000876,,CUST01760,Hyderabad,33.0,Dry Fruits Mix 500g,Grocery,1,626.65,6.0,UPI,Pending,
ORD000877,2025-09-10,CUST00498,Delhi,31.0,Body Lotion,Beauty,1,449.52,14.7,Cash on Delivery,Delivered,5.0
ORD000878,2026-10-01,CUST00674,Bengaluru,24.0,Resistance Bands,Sports & Fitness,1,616.06,7.9,UPI,Delivered,4.7
ORD000879,2025-05-10,CUST00962,Bengaluru,32.0,Smartwatch,Electronics,1,3308.68,13.9,Net Banking,Cancelled,
ORD000880,2026-06-05,CUST00852,Kochi,50.0,Running Shoes,Fashion,1,2408.2,10.0,UPI,Cancelled,
ORD000881,,CUST00394,Kolkata,19.0,Yoga Mat,Sports & Fitness,1,770.58,9.4,Debit Card,Delivered,3.2
ORD000882,2026-04-01,CUST00838,Delhi,36.0,Saree,Fashion,2,2150.31,12.1,UPI,Delivered,3.1
ORD000883,,CUST00479,Surat,18.0,LED Desk Lamp,Home & Kitchen,2,998.98,12.4,UPI,Delivered,2.9
ORD000884,2025-12-12,CUST01442,Chandigarh,35.0,Water Bottle,Home & Kitchen,3,675.3,11.6,Credit Card,Pending,
ORD000885,2026-12-02,CUST01668,Bengaluru,25.0,Women's Kurti,Fashion,2,1056.94,7.2,Net Banking,Delivered,5.0
ORD000886,,CUST00316,Chandigarh,18.0,Laptop Backpack,Electronics,1,1760.41,8.4,UPI,Cancelled,
ORD000887,,CUST02036,Mysuru,32.0,Women's Kurti,Fashion,1,974.09,4.7,UPI,Delivered,3.8
ORD000888,,CUST02036,Mysuru,32.0,Electric Kettle,Home & Kitchen,1,1589.46,0.1,Debit Card,Delivered,4.0
ORD000889,2026-06-01,CUST01798,Kolkata,37.0,Women's Kurti,Fashion,2,993.26,7.1,Wallet,Delivered,
ORD000890,2026-08-03,CUST01537,Mumbai,46.0,Face Wash,Beauty,2,419.02,15.7,Net Banking,Delivered,4.2
ORD000891,,CUST01069,Mumbai,28.0,Body Lotion,Beauty,1,451.86,6.2,Credit Card,Delivered,4.4
ORD000892,,CUST00657,Kolkata,36.0,Green Tea 100 Bags,Grocery,1,353.22,3.4,UPI,Delivered,4.6
ORD000893,2025-07-11,CUST01780,Mumbai,27.0,Indian History,Books,1,591.95,8.1,Credit Card,Delivered,4.4
ORD000894,2025-05-11,CUST00373,Delhi,,Cushion Set,Home & Kitchen,3,823.28,3.9,Credit Card,Delivered,5.0
ORD000895,2025-03-10,CUST00759,Mumbai,43.0,Python Programming,Books,1,731.01,16.0,UPI,Delivered,3.6
ORD000896,,CUST01387,Surat,20.0,Moisturizer,Beauty,1,622.48,6.5,Debit Card,Delivered,3.8
ORD000897,,CUST00379,Mumbai,24.0,Competitive Aptitude,Books,2,465.53,5.1,UPI,Delivered,5.0
ORD000898,,CUST00105,Chandigarh,32.0,Body Lotion,Beauty,1,428.05,6.4,Credit Card,Delivered,5.0
ORD000899,,CUST01004,Delhi,22.0,Football,Sports & Fitness,2,941.82,11.4,UPI,Delivered,4.0
ORD000900,,CUST00351,Mumbai,24.0,Green Tea 100 Bags,Grocery,1,359.17,9.9,Credit Card,Cancelled,
ORD000901,,CUST01100,Ahmedabad,26.0,Skipping Rope,Sports & Fitness,2,289.98,10.0,Credit Card,Cancelled,
ORD000902,2026-04-07,CUST01974,Chennai,20.0,Storage Container Set,Home & Kitchen,1,904.69,5.9,UPI,Delivered,3.5
ORD000903,2026-11-08,CUST01643,Hyderabad,27.0,Bluetooth Speaker,Electronics,2,1846.84,6.3,Debit Card,Delivered,
ORD000904,,CUST00872,Hyderabad,46.0,Mechanical Keyboard,Electronics,2,2649.92,11.3,Net Banking,Delivered,3.7
ORD000905,,CUST00409,Kolkata,39.0,USB-C Fast Charger,Electronics,2,939.97,9.4,Credit Card,Delivered,3.1
ORD000906,,CUST00838,Delhi,36.0,Data Structures,Books,3,818.42,10.5,Cash on Delivery,Delivered,4.3
ORD000907,,CUST00843,Kochi,36.0,Protein Oats 1kg,Grocery,2,392.32,8.2,UPI,Delivered,3.2
ORD000908,,CUST01607,Ahmedabad,35.0,Men's Casual Shirt,Fashion,1,1167.31,13.9,Credit Card,Delivered,4.1
ORD000909,2025-10-12,CUST00126,Pune,31.0,Atomic Habits,Books,1,554.32,8.4,Debit Card,Delivered,4.5
ORD000910,,CUST01760,Hyderabad,33.0,Protein Oats 1kg,Grocery,2,404.57,7.9,Cash on Delivery,Delivered,5.0
ORD000911,,CUST01565,Mumbai,31.0,Protein Oats 1kg,Grocery,1,432.67,9.6,UPI,Delivered,4.9
ORD000912,2026-10-06,CUST00312,Mangaluru,31.0,,Electronics,1,2279.83,3.1,UPI,Delivered,3.6
ORD000913,,CUST01320,Chennai,26.0,Sports Track Pants,Fashion,2,1229.64,8.0,UPI,Delivered,3.9
ORD000914,,CUST01590,Bengaluru,23.0,Shampoo,Beauty,1,568.38,6.8,UPI,Delivered,3.0
ORD000915,,CUST00092,Chennai,30.0,Men's Casual Shirt,Fashion,2,1239.41,10.0,Credit Card,Delivered,
ORD000916,2026-01-08,CUST00712,Pune,28.0,Shampoo,Beauty,1,530.88,12.7,UPI,Delivered,
ORD000917,2026-01-02,CUST01842,Bengaluru,32.0,Competitive Aptitude,Books,1,481.65,12.0,UPI,Delivered,4.0
ORD000918,2025-11-11,CUST00316,Chandigarh,18.0,Men's Casual Shirt,Fashion,3,1116.69,12.8,Credit Card,Delivered,4.8
ORD000919,,CUST00493,Mumbai,18.0,Dry Fruits Mix 500g,Grocery,2,644.33,4.8,Cash on Delivery,Delivered,2.8
ORD000920,2026-11-03,CUST01702,Ahmedabad,36.0,Bedsheet Set,Home & Kitchen,2,1675.7,16.7,UPI,Delivered,5.0
ORD000921,,CUST01190,Kochi,33.0,Storage Container Set,Home & Kitchen,1,831.07,1.0,Cash on Delivery,Delivered,4.6
ORD000922,2026-03-08,CUST01932,Delhi,36.0,Backpack,Fashion,3,1353.37,16.6,UPI,Delivered,3.5
ORD000923,2026-02-03,CUST00650,Mangaluru,31.0,Water Bottle,Home & Kitchen,1,715.3,,UPI,Delivered,3.8
ORD000924,2026-06-07,CUST01413,Kolkata,38.0,USB-C Fast Charger,Electronics,2,916.32,12.8,UPI,Delivered,3.4
ORD000925,,CUST00412,Mysuru,30.0,Wireless Earbuds,Electronics,2,2422.02,8.8,UPI,Delivered,3.8
ORD000926,,CUST01406,Delhi,28.0,Bluetooth Speaker,Electronics,2,1874.66,9.5,Wallet,Delivered,4.5
ORD000927,2026-08-02,CUST01031,Delhi,18.0,Men's Casual Shirt,Fashion,2,1159.0,5.1,Cash on Delivery,Delivered,3.7
ORD000928,,CUST00770,Hyderabad,25.0,Face Wash,Beauty,2,374.56,11.0,upi,Delivered,5.0
ORD000929,2026-02-05,CUST01938,Lucknow,37.0,Electric Kettle,Home & Kitchen,1,1588.31,5.6,UPI,Delivered,
ORD000930,2026-06-02,CUST01783,Mumbai,35.0,Almonds 500g,Grocery,4,524.43,4.5,Credit Card,Delivered,3.9
ORD000931,,CUST01969,Hyderabad,34.0,Shampoo,Beauty,1,562.79,12.8,UPI,Delivered,4.0
ORD000932,,CUST00277,Chennai,29.0,Almonds 500g,Grocery,2,499.98,8.7,Credit Card,Delivered,3.9
ORD000933,,CUST01239,pune,18.0,Power Bank 20000mAh,Electronics,2,1492.96,14.3,UPI,Delivered,2.9
ORD000934,2026-02-02,CUST00362,Delhi,35.0,Rich Dad Poor Dad,Books,3,500.77,11.3,Net Banking,Delivered,5.0
ORD000935,,CUST00731,Jaipur,32.0,Men's Casual Shirt,Fashion,3,1215.9,10.6,Credit Card,Delivered,4.2
ORD000936,,CUST02026,Chandigarh,25.0,Storage Container Set,Home & Kitchen,1,876.5,13.6,Credit Card,Delivered,3.9
ORD000937,2025-11-10,CUST00362,Delhi,35.0,Data Structures,Books,2,781.65,10.4,UPI,Delivered,4.0
ORD000938,,CUST00409,Kolkata,39.0,Dumbbell Set 10kg,Sports & Fitness,3,1951.9,10.3,Credit Card,Delivered,
ORD000939,,CUST00627,Jaipur,32.0,Shampoo,Beauty,1,494.03,7.4,UPI,Delivered,3.4
ORD000940,,CUST01378,Jaipur,26.0,Saree,Fashion,1,2182.38,11.4,Cash on Delivery,Delivered,4.4
ORD000941,,CUST01115,Jaipur,49.0,Cotton T-Shirt,Fashion,2,644.21,9.9,UPI,Delivered,3.2
ORD000942,2025-03-12,CUST01175,Mumbai,22.0,Bluetooth Speaker,Electronics,2,1891.46,5.0,UPI,Delivered,4.5
ORD000943,2026-11-03,CUST01987,Mumbai,21.0,Hair Serum,Beauty,2,560.11,11.7,UPI,Delivered,5.0
ORD000944,,CUST01814,Surat,23.0,Cotton T-Shirt,Fashion,2,658.56,11.4,UPI,Delivered,4.0
ORD000945,,CUST02032,Mumbai,36.0,Backpack,Fashion,2,1376.52,9.0,Cash on Delivery,Delivered,4.5
ORD000946,,CUST01748,Mumbai,21.0,Electric Kettle,Home & Kitchen,2,1671.34,11.9,UPI,Delivered,4.4
ORD000947,,CUST00498,Delhi,31.0,USB-C Fast Charger,Electronics,1,1047.09,8.2,Cash on Delivery,Delivered,
ORD000948,,CUST00832,Surat,33.0,Women's Kurti,Fashion,3,965.03,12.4,Debit Card,Delivered,4.4
ORD000949,2025-02-11,CUST00297,Chennai,32.0,Mechanical Keyboard,Electronics,1,2916.24,15.1,Debit Card,Delivered,2.9
ORD000950,2026-01-05,CUST00667,Mumbai,37.0,Cycling Helmet,Sports & Fitness,3,1646.49,7.9,UPI,Delivered,3.6
ORD000951,,CUST01851,Surat,29.0,Men's Casual Shirt,Fashion,2,1215.45,13.9,UPI,Returned,
ORD000952,,CUST01118,Kochi,51.0,Dry Fruits Mix 500g,Grocery,2,585.84,6.8,UPI,Delivered,3.8
ORD000953,,CUST00342,Delhi,38.0,Men's Casual Shirt,Fashion,1,1229.01,7.1,UPI,Delivered,4.5
ORD000954,,CUST00796,Kolkata,18.0,Python Programming,Books,2,679.74,14.0,UPI,Delivered,4.2
ORD000955,,CUST00980,Surat,28.0,Power Bank 20000mAh,Electronics,1,1454.03,11.3,Credit Card,Delivered,4.5
ORD000956,,CUST00078,Hyderabad,18.0,Women's Kurti,Fashion,2,1012.81,9.9,Net Banking,Delivered,
ORD000957,2026-05-02,CUST00431,Mangaluru,37.0,Python Programming,Books,2,706.37,12.9,UPI,Pending,
ORD000958,2026-02-04,CUST01531,,25.0,Water Bottle,Home & Kitchen,1,754.68,6.6,UPI,Delivered,4.2
ORD000959,,CUST01824,Delhi,39.0,Men's Casual Shirt,Fashion,3,1203.25,14.2,Credit Card,Delivered,3.5
ORD000960,,CUST00072,Ahmedabad,40.0,Mechanical Keyboard,Electronics,2,2862.39,9.4,Credit Card,Delivered,4.3
ORD000961,2026-05-02,CUST00944,Mumbai,30.0,Cotton T-Shirt,Fashion,2,704.71,10.4,UPI,Delivered,4.1
ORD000962,,CUST00924,Mangaluru,42.0,Dumbbell Set 10kg,Sports & Fitness,1,2001.2,11.7,Net Banking,Delivered,2.6
ORD000963,2025-12-10,CUST00012,Chennai,37.0,Shampoo,Beauty,1,531.17,15.2,Wallet,Delivered,
ORD000964,2026-08-05,CUST00212,Kolkata,35.0,1080p Webcam,Electronics,2,2180.1,7.3,Net Banking,Delivered,4.5
ORD000965,,CUST01937,Chandigarh,18.0,Cooking Oil 5L,Grocery,2,820.69,4.3,Cash on Delivery,Delivered,5.0
ORD000966,,CUST00937,Surat,31.0,Cooking Oil 5L,Grocery,2,793.98,10.7,UPI,Delivered,3.5
ORD000967,,CUST00301,Kolkata,34.0,Atomic Habits,Books,2,571.36,13.1,Credit Card,Delivered,5.0
ORD000968,,CUST01774,Surat,29.0,Yoga Mat,Sports & Fitness,2,823.78,6.4,Net Banking,Pending,
ORD000969,,CUST01623,Hyderabad,19.0,Face Wash,Beauty,1,410.77,14.0,Debit Card,Cancelled,
ORD000970,,CUST01851,Surat,29.0,Face Wash,Beauty,1,369.54,10.2,UPI,Delivered,4.4
ORD000971,,CUST01997,Kochi,38.0,Atomic Habits,Books,2,560.36,8.7,UPI,Delivered,
ORD000972,2025-11-11,CUST01256,Chandigarh,22.0,Hair Serum,Beauty,2,493.22,13.9,Cash on Delivery,Delivered,2.8
ORD000973,2026-07-04,CUST00947,CHENNAI,40.0,Moisturizer,Beauty,2,599.43,12.6,UPI,Delivered,3.5
ORD000974,,CUST01967,Mumbai,32.0,Lipstick,Beauty,3,631.81,15.9,Credit Card,Delivered,
ORD000975,2026-06-01,CUST00231,,26.0,Python Programming,Books,1,676.42,5.3,UPI,Delivered,4.1
ORD000976,,CUST00292,Ahmedabad,,Bluetooth Speaker,Electronics,1,1722.76,6.6,Net Banking,Delivered,4.2
ORD000977,,CUST01229,Mysuru,21.0,Yoga Mat,Sports & Fitness,2,762.3,12.3,Cash on Delivery,Delivered,3.7
ORD000978,,CUST00714,Jaipur,31.0,Cooking Oil 5L,Grocery,1,764.28,6.9,Credit Card,Delivered,4.8
ORD000979,2025-06-10,CUST01798,Kolkata,37.0,Men's Casual Shirt,Fashion,2,1186.38,15.8,Cash on Delivery,Delivered,3.4
ORD000980,,CUST01996,Mumbai,31.0,Denim Jeans,Fashion,1,1902.68,11.3,Cash on Delivery,Delivered,5.0
ORD000981,2026-03-04,CUST00075,Bengaluru,33.0,Basmati Rice 5kg,Grocery,1,751.21,7.8,Credit Card,Delivered,2.9
ORD000982,2026-10-08,CUST00130,Mysuru,29.0,Bedsheet Set,Home & Kitchen,2,1655.78,8.4,UPI,Delivered,2.9
ORD000983,,CUST00522,Lucknow,21.0,Storage Container Set,Home & Kitchen,1,897.1,8.3,Debit Card,Delivered,2.9
ORD000984,,CUST01002,Mumbai,33.0,Body Lotion,Beauty,1,450.57,8.5,Credit Card,Delivered,3.9
ORD000985,,CUST00523,Surat,40.0,Atomic Habits,Books,1,558.82,3.8,UPI,Delivered,5.0
ORD000986,,CUST00607,Surat,34.0,Atomic Habits,Books,2,576.16,12.9,UPI,Cancelled,
ORD000987,,CUST00795,Mysuru,41.0,Coffee 500g,Grocery,1,420.51,10.0,Debit Card,Delivered,4.7
ORD000988,,CUST00245,Surat,37.0,Cricket Bat,Sports & Fitness,2,2415.41,10.4,UPI,Cancelled,
ORD000989,2025-07-12,CUST00069,Lucknow,26.0,Football,Sports & Fitness,2,886.09,1.3,UPI,Returned,
ORD000990,,CUST01834,Kolkata,26.0,Women's Kurti,Fashion,1,995.98,14.8,Credit Card,Delivered,5.0
ORD000991,,CUST01058,Chennai,23.0,Backpack,Fashion,1,1313.74,16.3,UPI,Delivered,3.3
ORD000992,2026-02-07,CUST01520,Kolkata,28.0,USB-C Fast Charger,Electronics,2,981.61,8.8,Wallet,Delivered,3.8
ORD000993,,CUST00742,Hyderabad,22.0,Saree,Fashion,3,2234.59,16.0,UPI,Delivered,3.1
ORD000994,,CUST00845,Surat,20.0,Storage Container Set,Home & Kitchen,2,843.18,1.8,UPI,Delivered,4.1
ORD000995,,CUST00657,Kolkata,36.0,Yoga Mat,Sports & Fitness,1,813.73,12.7,Credit Card,Delivered,4.6
ORD000996,,CUST00997,Mumbai,41.0,Protein Oats 1kg,Grocery,1,405.02,5.4,Debit Card,Delivered,3.7
ORD000997,,CUST00498,Delhi,31.0,Skipping Rope,Sports & Fitness,1,313.82,7.0,Credit Card,Delivered,4.6
ORD000998,,CUST01888,Lucknow,28.0,Sports Track Pants,Fashion,2,1269.47,14.2,UPI,Delivered,5.0
ORD000999,2025-01-10,CUST00084,Hyderabad,23.0,Moisturizer,Beauty,2,670.88,11.4,Cash on Delivery,Delivered,4.3
ORD001000,2026-04-06,CUST00410,Jaipur,20.0,Bluetooth Speaker,Electronics,1,1760.35,5.4,Wallet,Delivered,4.1
ORD001001,,CUST01376,Chandigarh,25.0,Smartwatch,Electronics,2,3187.73,4.7,Credit Card,Delivered,3.6
ORD001002,,CUST01430,Hyderabad,39.0,Cotton T-Shirt,Fashion,1,693.37,5.7,Cash on Delivery,Delivered,5.0
ORD001003,,CUST01294,Chennai,31.0,Competitive Aptitude,Books,2,432.21,17.0,Net Banking,Delivered,5.0
ORD001004,,CUST01053, Delhi ,30.0,Almonds 500g,Grocery,2,532.34,16.4,Wallet,Delivered,
ORD001005,2025-06-12,CUST01849,Bengaluru,26.0,SQL for Beginners,Books,1,647.26,12.1,UPI,Delivered,
ORD001006,,CUST01855,Delhi,33.0,Hair Serum,Beauty,1,500.59,11.1,Credit Card,Delivered,
ORD001007,,CUST01673,Bengaluru,28.0,USB-C Fast Charger,Electronics,1,1013.35,16.9,Credit Card,Delivered,3.6
ORD001008,2025-11-12,CUST00771,Mysuru,38.0,Competitive Aptitude,Books,1,437.61,1.9,Net Banking,Delivered,3.8
ORD001009,,CUST00657,Kolkata,36.0,Smartwatch,Electronics,2,3069.8,7.4,UPI,Delivered,3.5
ORD001010,2026-03-07,CUST01427,Mysuru,42.0,Water Bottle,Home & Kitchen,1,671.03,11.3,UPI,Delivered,3.9
ORD001011,2026-05-03,CUST01463,Hyderabad,31.0,Protein Oats 1kg,Grocery,1,403.15,5.2,UPI,Delivered,4.8
ORD001012,,CUST00719,Kolkata,18.0,Sports Track Pants,Fashion,2,1344.73,4.1,Credit Card,Delivered,3.6
ORD001013,,CUST01104,Mangaluru,25.0,Power Bank 20000mAh,Electronics,1,1510.44,15.2,UPI,Returned,4.1
ORD001014,2026-09-06,CUST00050,Mumbai,36.0,Lipstick,Beauty,2,615.12,8.7,Debit Card,Delivered,3.0
ORD001015,,CUST00152,Mumbai,26.0,Men's Casual Shirt,Fashion,2,1240.33,6.0,Credit Card,Delivered,4.5
ORD001016,,CUST00027,Bengaluru,36.0,Electric Kettle,Home & Kitchen,1,1595.85,14.7,UPI,Delivered,3.8
ORD001017,,CUST01134,Delhi,24.0,Lipstick,Beauty,1,587.4,10.0,UPI,Delivered,4.1
ORD001018,2026-01-01,CUST01575,Kochi,34.0,Smartwatch,Electronics,2,3423.81,5.1,UPI,Delivered,3.8
ORD001019,2026-02-07,CUST01120,Pune,28.0,Protein Oats 1kg,Grocery,1,395.22,10.3,UPI,Cancelled,
ORD001020,,CUST01053,Delhi,30.0,Indian History,Books,3,531.17,5.9,UPI,Delivered,4.4
ORD001021,,CUST00140,Delhi,24.0,Shampoo,Beauty,1,543.89,11.7,UPI,Delivered,4.0
ORD001022,2025-07-11,CUST00263,Kochi,29.0,USB-C Fast Charger,Electronics,1,1007.28,8.2,UPI,Delivered,3.8
ORD001023,2026-12-06,CUST00407,Chennai,23.0,Cricket Bat,Sports & Fitness,2,2245.77,6.0,Credit Card,Delivered,3.7
ORD001024,,CUST00316,Chandigarh,18.0,Python Programming,Books,1,697.51,11.6,UPI,Delivered,5.0
ORD001025,,CUST00238,Pune,32.0,USB-C Fast Charger,Electronics,1,1001.72,8.3,Cash on Delivery,Delivered,3.6
ORD001026,2025-06-09,CUST00230,Bengaluru,27.0,Coffee 500g,Grocery,2,434.37,10.2,UPI,Delivered,
ORD001027,,CUST00776,Lucknow,35.0,Body Lotion,Beauty,3,425.19,3.9,Wallet,Delivered,4.8
ORD001028,2026-12-05,CUST01026,Kochi,50.0,Water Bottle,Home & Kitchen,1,682.22,8.0,Net Banking,Delivered,3.5
ORD001029,2026-01-03,CUST00033,Pune,18.0,Women's Kurti,Fashion,3,967.7,4.8,UPI,Pending,
ORD001030,,CUST01793,Mysuru,35.0,Gym Gloves,Sports & Fitness,1,472.45,14.7,UPI,Returned,
ORD001031,,CUST00501,Chennai,43.0,Wireless Earbuds,Electronics,2,2303.9,7.3,Debit card ,Delivered,4.3
ORD001032,,CUST00765,Mysuru,26.0,Rich Dad Poor Dad,Books,1,464.51,2.4,Debit Card,Delivered,5.0
ORD001033,,CUST01387,surat,20.0,Saree,Fashion,3,2242.84,5.6,Credit Card,Delivered,4.8
ORD001034,,CUST01864,Mumbai,33.0,Bluetooth Speaker,Electronics,2,1943.82,9.6,UPI,Delivered,4.4
ORD001035,,CUST00706,Ahmedabad,30.0,SQL for Beginners,Books,1,609.89,11.0,Debit Card,Delivered,4.7
ORD001036,2025-02-10,CUST00933,Delhi,36.0,Competitive Aptitude,Books,2,462.01,13.3,UPI,Delivered,4.0
ORD001037,,CUST00364,Bengaluru,42.0,Water Bottle,Home & Kitchen,2,732.89,5.1,UPI,Delivered,5.0
ORD001038,2026-09-05,CUST01308,Ahmedabad,36.0,Protein Oats 1kg,Grocery,2,380.03,17.4,Wallet,Delivered,4.4
ORD001039,,CUST01816,Delhi,31.0,Hair Serum,Beauty,1,548.43,4.8,Credit Card,Returned,3.8
ORD001040,2026-09-02,CUST01002,Mumbai,33.0,Power Bank 20000mAh,Electronics,2,1536.15,11.8,UPI,Delivered,3.9
ORD001041,,CUST01716,Hyderabad,41.0,Rich Dad Poor Dad,Books,1,537.96,13.5,UPI,Delivered,3.8
ORD001042,2025-03-10,CUST01236,Chennai,41.0,Backpack,Fashion,1,1300.31,13.5,Cash on Delivery,Pending,
ORD001043,,CUST01180,Pune,33.0,Yoga Mat,Sports & Fitness,1,814.69,12.6,Credit Card,Delivered,4.1
ORD001044,,CUST01037,Delhi,39.0,Almonds 500g,Grocery,1,513.07,1.8,UPI,Delivered,
ORD001045,2026-05-03,CUST00866,Surat,38.0,Face Wash,Beauty,2,386.75,7.7,UPI,Delivered,5.0
ORD001046,2026-03-05,CUST00891,Kolkata,29.0,Denim Jeans,Fashion,1,1752.71,12.1,Credit Card,Delivered,4.9
ORD001047,,CUST01342,Hyderabad,38.0,Backpack,Fashion,2,1286.94,13.2,Credit Card,Delivered,4.6
ORD001048,2026-01-02,CUST00316,Chandigarh,18.0,Bluetooth Speaker,Electronics,2,1767.85,11.8,UPI,Delivered,4.2
ORD001049,,CUST00859,Mumbai,18.0,Moisturizer,Beauty,1,709.16,11.4,UPI,Delivered,4.5
ORD001050,2025-12-09,CUST01403,Mumbai,27.0,Almonds 500g,Grocery,2,503.07,8.7,UPI,Returned,4.0
ORD001051,,CUST00837,Ahmedabad,27.0,Water Bottle,Home & Kitchen,2,712.7,8.3,Cash on Delivery,Cancelled,
ORD001052,,CUST01668,Bengaluru,25.0,LED Desk Lamp,Home & Kitchen,3,997.65,5.7,Credit Card,Delivered,3.2
ORD001053,,CUST00230,Bengaluru,27.0,Organic Honey 500g,Grocery,1,471.74,8.5,Cash on Delivery,Delivered,
ORD001054,2026-05-04,CUST01273,Pune,25.0,Backpack,Fashion,1,1258.72,11.5,Wallet,Delivered,3.2
ORD001055,2026-11-05,CUST02028,Mumbai,27.0,Skipping Rope,Sports & Fitness,2,317.5,11.4,Debit Card,Delivered,3.3
ORD001056,,CUST00047,Hyderabad,33.0,Smartwatch,Electronics,2,3138.83,7.4,Net banking,Delivered,3.4
ORD001057,,CUST00835,Kolkata,32.0,Cushion Set,Home & Kitchen,1,745.36,9.2,UPI,Delivered,5.0
ORD001058,,CUST01247,Mumbai,29.0,Bedsheet Set,Home & Kitchen,3,1914.25,10.7,Cash on Delivery,Delivered,3.1
ORD001059,2025-01-11,CUST00670,Hyderabad,33.0,Rich Dad Poor Dad,Books,2,506.67,13.5,Credit card ,Delivered,4.9
ORD001060,2025-12-09,CUST01302,Delhi,18.0,Cotton T-Shirt,Fashion,2,694.92,11.0,Credit Card,Delivered,4.3
ORD001061,2026-01-02,CUST00717,Chennai,29.0,Mechanical Keyboard,Electronics,2,2706.29,8.2,UPI,Delivered,3.5
ORD001062,2026-03-08,CUST00448,Delhi,41.0,Denim Jeans,Fashion,1,1776.68,5.4,Credit Card,Delivered,3.8
ORD001063,,CUST01956,Unknown,41.0,Indian History,Books,2,535.66,11.9,UPI,Delivered,2.8
ORD001064,,CUST00129,Mysuru,18.0,Bluetooth Speaker,Electronics,1,1632.41,12.9,UPI,Delivered,3.1
ORD001065,,CUST00822,Chandigarh,27.0,Competitive Aptitude,Books,1,439.37,10.7,Net Banking,Delivered,5.0
ORD001066,,CUST00823,Bengaluru,27.0,Saree,Fashion,1,2307.01,7.2,UPI,Delivered,3.8
ORD001067,2026-12-08,CUST01007,Mumbai,18.0,Basmati Rice 5kg,Grocery,1,784.45,11.8,Net Banking,Delivered,5.0
ORD001068,,CUST01846,Hyderabad,18.0,Men's Casual Shirt,Fashion,2,1150.23,4.6,UPI,Delivered,3.7
ORD001069,2026-07-07,CUST01036,Chennai,30.0,Smartwatch,Electronics,2,3185.78,14.6,Wallet,Delivered,4.9
ORD001070,2026-02-06,CUST00373,Delhi,35.0,Perfume,Beauty,2,1304.08,15.0,Debit Card,Delivered,3.9
ORD001071,2026-01-02,CUST00573,Chennai,35.0,Men's Casual Shirt,Fashion,2,1267.58,0.0,Cash on Delivery,Delivered,0.0
ORD001072,,CUST01295,Mangaluru,33.0,Data Structures,Books,1,753.29,9.7,UPI,Delivered,3.5
ORD001073,2026-01-06,CUST00876,Ahmedabad,37.0,Moisturizer,Beauty,2,598.44,14.9,Credit Card,Delivered,
ORD001074,,CUST01945,Ahmedabad,35.0,Sunscreen SPF 50,Beauty,1,701.45,1.2,UPI,Delivered,3.8
ORD001075,2025-08-09,CUST00373,Delhi,35.0,Women's Kurti,Fashion,2,994.16,10.4,Cash on Delivery,Delivered,4.8
ORD001076,,CUST01391,Hyderabad,36.0,Men's Casual Shirt,Fashion,1,1231.92,10.7,Credit Card,Delivered,3.4
ORD001077,2025-04-11,CUST01546,Hyderabad,25.0,LED Desk Lamp,Home & Kitchen,3,1020.73,5.1,Cash on Delivery,Delivered,4.8
ORD001078,,CUST01408,Delhi,37.0,Cooking Oil 5L,Grocery,2,802.67,1.5,UPI,Delivered,3.9
ORD001079,,CUST01894,Lucknow,24.0,Perfume,Beauty,2,1204.68,8.4,UPI,Delivered,3.4
ORD001080,,CUST00662,Chandigarh,28.0,Power Bank 20000mAh,Electronics,2,1516.87,11.6,Cash on Delivery,Delivered,3.9
ORD001081,,CUST00511,Surat,25.0,Storage Container Set,Home & Kitchen,2,878.52,14.7,UPI,Delivered,4.2
ORD001082,,CUST00016,Surat,42.0,Denim Jeans,Fashion,1,1709.44,9.9,Credit Card,Delivered,4.2
ORD001083,2025-04-09,CUST01676,Delhi,23.0,Resistance Bands,Sports & Fitness,2,572.54,11.7,UPI,Delivered,
ORD001084,,CUST00994,Bengaluru,28.0,Wireless Earbuds,Electronics,2,2643.64,8.1,Net Banking,Delivered,
ORD001085,2026-05-03,CUST01522,Delhi,19.0,Power Bank 20000mAh,Electronics,2,1537.95,3.3,Net Banking,Returned,4.0
ORD001086,2026-12-06,CUST01807,Chennai,,Data Structures,Books,1,783.01,5.5,UPI,Delivered,4.3
ORD001087,,CUST01760,Hyderabad,33.0,Water Bottle,Home & Kitchen,3,712.88,5.1,UPI,Delivered,
ORD001088,,CUST00408,Chennai,34.0,Laptop Backpack,Electronics,1,1982.69,7.6,UPI,Delivered,4.3
ORD001089,2026-11-06,CUST00618,Pune,39.0,Machine Learning Basics,Books,3,889.02,6.9,UPI,Returned,1.8
ORD001090,,CUST01181,Bengaluru,27.0,Sports Track Pants,Fashion,2,1430.99,14.1,UPI,Returned,3.8
ORD001091,2026-03-02,CUST00370, Lucknow ,40.0,Backpack,Fashion,2,1208.39,12.9,Debit Card,Delivered,3.8
ORD001092,,CUST02004,Pune,25.0,Cooking Oil 5L,Grocery,2,859.84,8.2,Cash on Delivery,Returned,3.2
ORD001093,,CUST01924,Mumbai,24.0,Python Programming,Books,1,690.45,13.8,UPI,Delivered,
ORD001094,,CUST00832,Surat,33.0,Data Structures,Books,2,820.61,7.5,Cash on Delivery,Delivered,4.1
ORD001095,2026-08-07,CUST01233,Mumbai,22.0,Machine Learning Basics,Books,3,927.29,6.3,UPI,Delivered,3.7
ORD001096,2026-10-08,CUST00012,Chennai,37.0,Dumbbell Set 10kg,Sports & Fitness,2,1986.22,5.4,UPI,Delivered,5.0
ORD001097,,CUST01734,Surat,22.0,USB-C Fast Charger,Electronics,1,965.27,14.6,Cash on Delivery,Delivered,5.0
ORD001098,,CUST01160,Chennai,23.0,Men's Casual Shirt,Fashion,2,1168.76,9.7,Credit Card,Delivered,2.9
ORD001099,,CUST00510,Bengaluru,31.0,Mixer Grinder,Home & Kitchen,1,3688.58,8.7,Credit Card,Delivered,4.4
ORD001100,,CUST01255,Delhi,30.0,Cotton T-Shirt,Fashion,2,716.49,6.8,Wallet,Delivered,3.3
ORD001101,,CUST00110,Kochi,26.0,Wireless Earbuds,Electronics,1,2562.08,7.8,Wallet,Delivered,4.1
ORD001102,,CUST01613,Delhi,30.0,Basmati Rice 5kg,Grocery,1,771.41,10.4,Credit Card,Delivered,5.0
ORD001103,2026-05-06,CUST01610,Mumbai,36.0,Saree,Fashion,3,2307.79,10.9,UPI,Delivered,3.1
ORD001104,,CUST00820,Pune,18.0,Dry Fruits Mix 500g,Grocery,1,599.0,10.3,Net Banking,Delivered,3.5
ORD001105,,CUST00861,Kochi,40.0,Almonds 500g,Grocery,1,507.56,10.4,Debit Card,Delivered,2.9
ORD001106,,CUST01119,Delhi,41.0,Water Bottle,Home & Kitchen,1,664.37,7.3,Debit Card,Delivered,2.8
ORD001107,2026-03-08,CUST00352,Mumbai,28.0,Gym Gloves,Sports & Fitness,1,535.49,8.1,Wallet,Cancelled,
ORD001108,,CUST00607,Surat,34.0,Backpack,Fashion,1,1218.04,21.0,UPI,Pending,
ORD001109,,CUST01181,Bengaluru,27.0,Moisturizer,Beauty,3,686.61,8.3,Cash on Delivery,Delivered,4.9
ORD001110,,CUST01466,Pune,27.0,Mixer Grinder,Home & Kitchen,1,3621.8,16.2,Credit Card,Pending,
ORD001111,,CUST01158,Kolkata,34.0,Machine Learning Basics,Books,3,934.95,6.3,UPI,Delivered,
ORD001112,,CUST01735,Delhi,31.0,1080p Webcam,Electronics,2,2291.77,12.6,Debit Card,Delivered,3.0
ORD001113,2026-03-08,CUST01406,Delhi,28.0,Bedsheet Set,Home & Kitchen,3,1751.13,5.6,UPI,Delivered,3.6
ORD001114,2025-07-11,CUST01744,Kochi,28.0,Coffee 500g,Grocery,2,429.18,2.7,UPI,Delivered,4.9
ORD001115,2026-10-03,CUST00973,Pune,31.0,USB-C Fast Charger,Electronics,2,989.8,11.8,UPI,Delivered,4.7
ORD001116,2026-12-03,CUST01408,Delhi,37.0,Data Structures,Books,2,803.73,13.7,Wallet,Delivered,4.8
ORD001117,2025-05-12,CUST00845,Surat,20.0,Indian History,Books,1,540.39,7.8,Wallet,Delivered,
ORD001118,,CUST01294,Chennai,31.0,Running Shoes,Fashion,3,2467.53,14.2,UPI,Cancelled,
ORD001119,2026-10-08,CUST01912,Chennai,35.0,Men's Casual Shirt,Fashion,1,1161.73,13.9,UPI,Delivered,
ORD001120,,CUST00272,Bengaluru,34.0,Football,Sports & Fitness,2,974.92,15.2,Credit Card,Delivered,
ORD001121,,CUST01734,Surat,22.0,Men's Casual Shirt,Fashion,3,1145.82,11.0,Credit Card,Delivered,5.0
ORD001122,,CUST01181,Bengaluru,27.0,Coffee 500g,Grocery,3,458.05,8.2,UPI,Pending,
ORD001123,2026-07-07,CUST00530,Surat,35.0,Water Bottle,Home & Kitchen,2,678.65,10.9,UPI,Cancelled,
ORD001124,2026-10-07,CUST01175,Mumbai,22.0,Electric Kettle,Home & Kitchen,1,1787.21,7.1,Cash on Delivery,Delivered,4.0
ORD001125,,CUST01015,Mumbai,36.0,Wireless Earbuds,Electronics,1,2610.01,15.4,UPI,Delivered,4.9
ORD001126,2025-11-11,CUST01312,Delhi,30.0,Backpack,Fashion,1,1395.14,7.3,UPI,Delivered,3.8
ORD001127,,CUST00001,Surat,30.0,Running Shoes,Fashion,1,2400.44,9.5,Credit Card,Pending,
ORD001128,2025-02-10,CUST00853,Lucknow,39.0,LED Desk Lamp,Home & Kitchen,1,957.76,7.8,Cash on Delivery,Delivered,3.9
ORD001129,2026-05-05,CUST01054,Bengaluru,23.0,Dry Fruits Mix 500g,Grocery,4,619.73,1.8,Credit Card,Cancelled,
ORD001130,,CUST01855,Delhi,33.0,SQL for Beginners,Books,2,689.19,17.9,Debit Card,Delivered,3.4
ORD001131,2026-07-08,CUST01591,Pune,31.0,Cooking Oil 5L,Grocery,1,806.48,3.6,UPI,Cancelled,
ORD001132,,CUST00870,Kochi,31.0,Sunscreen SPF 50,Beauty,2,681.8,7.9,Credit Card,Delivered,4.1
ORD001133,2026-02-08,CUST00658,Chandigarh,27.0,,Home & Kitchen,1,627.98,10.1,UPI,Delivered,2.6
ORD001134,,CUST00124,Mysuru,38.0,Wireless Earbuds,Electronics,1,2582.29,10.7,UPI,Delivered,4.2
ORD001135,,CUST00833,Jaipur,36.0,Storage Container Set,Home & Kitchen,1,901.76,6.6,Cash on Delivery,Pending,
ORD001136,,CUST00544,Kolkata,35.0,Storage Container Set,Home & Kitchen,2,889.93,11.5,Credit Card,Returned,3.4
ORD001137,,CUST01791,Pune,18.0,Power Bank 20000mAh,Electronics,1,1444.75,10.3,Cash on Delivery,Delivered,3.6
ORD001138,2026-05-04,CUST01611,Chandigarh,31.0,Protein Oats 1kg,Grocery,2,392.98,11.7,UPI,Delivered,3.0
ORD001139,,CUST01734,Surat,22.0,Laptop Backpack,Electronics,2,1898.54,4.0,Net Banking,Delivered,4.8
ORD001140,,CUST00798,Bengaluru,29.0,Coffee 500g,Grocery,1,441.83,4.8,UPI,Delivered,4.0
ORD001141,,CUST00631,Pune,38.0,Power Bank 20000mAh,Electronics,2,1548.93,1.1,UPI,Delivered,3.9
ORD001142,2025-02-11,CUST00160,Ahmedabad,38.0,Indian History,Books,2,557.58,5.0,UPI,Delivered,3.4
ORD001143,2026-03-03,CUST00092,Chennai,30.0,Wireless Earbuds,Electronics,2,2628.34,9.1,UPI,Delivered,4.3
ORD001144,2025-12-09,CUST00470,Delhi,30.0,Water Bottle,Home & Kitchen,1,686.54,7.5,Debit Card,Delivered,4.9
ORD001145,2026-04-04,CUST00995,Kolkata,37.0,Basmati Rice 5kg,Grocery,2,784.42,14.9,UPI,Delivered,4.2
ORD001146,,CUST00814,Ahmedabad,28.0,Lipstick,Beauty,2,606.39,7.4,UPI,Delivered,4.0
ORD001147,,CUST00895,Mumbai,38.0,Wireless Earbuds,Electronics,2,2624.57,5.6,Credit Card,Delivered,5.0
ORD001148,,CUST00929,Surat,33.0,Bluetooth Speaker,Electronics,1,1808.28,12.1,Net Banking,Pending,
ORD001149,,CUST01808,Ahmedabad,26.0,Cotton T-Shirt,Fashion,3,667.63,13.4,Credit Card,Delivered,4.1
ORD001150,,CUST01350,Chennai,22.0,Dry Fruits Mix 500g,Grocery,1,583.0,10.5,UPI,Delivered,4.8
ORD001151,,CUST00933,Delhi,36.0,Power Bank 20000mAh,Electronics,2,1541.91,2.4,UPI,Delivered,3.7
ORD001152,,CUST01129,Mumbai,38.0,Cycling Helmet,Sports & Fitness,2,1608.08,2.8,Credit Card,Delivered,4.4
ORD001153,,CUST01085,Bengaluru,25.0,Python Programming,Books,2,713.17,11.6,UPI,Delivered,4.1
ORD001154,,CUST00047,Hyderabad,33.0,Sports Track Pants,Fashion,2,1296.44,5.1,UPI,Delivered,3.3
ORD001155,,CUST00248,chennai,57.0,Cotton T-Shirt,Fashion,3,691.95,11.7,UPI,Delivered,3.4
ORD001156,,CUST00838,Delhi,36.0,Almonds 500g,Grocery,2,494.12,9.3,Cash on Delivery,Delivered,3.3
ORD001157,2026-12-01,CUST02004,Pune,25.0,Men's Casual Shirt,Fashion,1,1183.86,7.5,Credit Card,Delivered,4.6
ORD001159,,CUST00342,Delhi,38.0,LED Desk Lamp,Home & Kitchen,2,1001.4,7.5,Credit Card,Delivered,4.2
ORD001160,,CUST01044,Bengaluru,24.0,LED Desk Lamp,Home & Kitchen,3,1084.72,14.1,UPI,Delivered,2.9
ORD001161,2025-08-10,CUST00549,Surat,18.0,Dry Fruits Mix 500g,Grocery,3,610.04,11.7,UPI,Delivered,3.0
ORD001162,2025-03-12,CUST00209,Mumbai,27.0,Data Structures,Books,3,800.87,10.1,Debit Card,Delivered,4.7
ORD001163,2026-09-04,CUST00451,Hyderabad,38.0,Wireless Earbuds,Electronics,2,2409.2,8.8,UPI,Delivered,3.6
ORD001164,2025-03-09,CUST01858,Kochi,38.0,Organic Honey 500g,Grocery,1,448.47,0.0,UPI,Delivered,4.8
ORD001165,2026-09-05,CUST00178,Lucknow,34.0,Cotton T-Shirt,Fashion,2,687.46,7.1,Debit Card,Delivered,3.9
ORD001166,2026-10-05,CUST00221,Lucknow,18.0,Atomic Habits,Books,1,616.28,9.7,UPI,Cancelled,
ORD001167,,CUST00642,Delhi,25.0,Football,Sports & Fitness,1,907.19,15.4,Debit Card,Delivered,4.5
ORD001168,2025-03-09,CUST01408,Delhi,37.0,Smartwatch,Electronics,1,3335.64,5.0,Debit Card,Delivered,4.3
ORD001169,,CUST00441,Ahmedabad,31.0,Rich Dad Poor Dad,Books,3,502.69,13.0,UPI,Delivered,4.3
ORD001170,,CUST00339,Mumbai,25.0,Protein Oats 1kg,Grocery,1,428.25,5.8,UPI,Delivered,3.9
ORD001171,,CUST01353,Ahmedabad,22.0,Non-Stick Fry Pan,Home & Kitchen,2,1291.44,4.4,UPI,Delivered,3.4
ORD001172,,CUST00349,Delhi,18.0,Men's Casual Shirt,Fashion,3,1246.7,8.2,Wallet,Delivered,4.3
ORD001173,,CUST01469,Mumbai,23.0,Denim Jeans,Fashion,1,1808.29,2.0,UPI,Delivered,4.0
ORD001174,2025-03-10,CUST01857,Mysuru,35.0,Water Bottle,Home & Kitchen,2,690.98,4.0,Credit Card,Delivered,3.7
ORD001175,2025-08-12,CUST01778,Pune,35.0,Bedsheet Set,Home & Kitchen,1,1730.53,8.8,Debit Card,Delivered,4.1
ORD001176,2025-05-09,CUST01023,Chennai,32.0,Cotton T-Shirt,Fashion,2,729.61,17.7,Net Banking,Delivered,
ORD001177,,CUST01800,Bengaluru,28.0,Python Programming,Books,3,706.3,10.3,UPI,Delivered,4.3
ORD001178,2026-04-04,CUST00362,Delhi,35.0,Bluetooth Speaker,Electronics,2,1686.86,2.1,Wallet,Delivered,3.1
ORD001179,,CUST01997,Kochi,38.0,SQL for Beginners,Books,1,635.9,14.9,Wallet,Delivered,3.7
ORD001180,,CUST01175,Mumbai,22.0,Atomic Habits,Books,2,604.4,6.6,Wallet,Delivered,4.2
ORD001181,,CUST00716,Pune,34.0,Cooking Oil 5L,Grocery,1,782.7,11.3,Debit Card,Delivered,4.6
ORD001182,2026-11-02,CUST00914,Kochi,26.0,Basmati Rice 5kg,Grocery,1,715.17,11.7,UPI,Delivered,3.7
ORD001183,,CUST01607,Ahmedabad,35.0,Shampoo,Beauty,2,551.53,10.3,Net Banking,Cancelled,
ORD001184,,CUST00283,Delhi,18.0,Water Bottle,Home & Kitchen,1,680.27,13.6,UPI,Delivered,3.7
ORD001185,2026-02-04,CUST00689,Hyderabad,24.0,Almonds 500g,Grocery,4,480.86,2.7,UPI,Delivered,4.2
ORD001186,,CUST01851,Surat,29.0,Hair Serum,Beauty,2,484.12,13.0,Net Banking,Delivered,5.0
ORD001187,,CUST00868,Delhi,54.0,SQL for Beginners,Books,2,635.92,10.0,UPI,Delivered,4.8
ORD001188,,CUST01406,Delhi,28.0,Almonds 500g,Grocery,2,496.14,5.0,Credit Card,Cancelled,
ORD001189,2026-08-01,CUST00449,Ahmedabad,30.0,Gym Gloves,Sports & Fitness,2,493.56,9.2,UPI,Delivered,4.6
ORD001190,2025-04-11,CUST00194,Ahmedabad,22.0,Atomic Habits,Books,3,571.39,12.6,UPI,Delivered,3.4
ORD001191,,CUST01191,Kochi,25.0,Dry Fruits Mix 500g,Grocery,2,584.13,6.8,Credit Card,Delivered,
ORD001192,2025-05-12,CUST01236,Chennai,41.0,Cooking Oil 5L,Grocery,2,798.26,9.9,Net Banking,Delivered,4.2
ORD001193,,CUST01772,Lucknow,37.0,Basmati Rice 5kg,Grocery,3,766.89,6.3,Credit Card,Delivered,4.4
ORD001194,2026-08-02,CUST00198,Pune,29.0,Water Bottle,Home & Kitchen,1,741.51,4.6,Net Banking,Delivered,3.7
ORD001195,,CUST01563,Jaipur,33.0,Dry Fruits Mix 500g,Grocery,3,582.93,13.6,Credit Card,Delivered,
ORD001196,,CUST01560,Surat,39.0,Dumbbell Set 10kg,Sports & Fitness,1,2108.79,10.8,UPI,Delivered,3.8
ORD001197,2025-06-11,CUST00960,Surat,33.0,Coffee 500g,Grocery,1,441.11,12.0,UPI,Pending,
ORD001198,2026-01-08,CUST01144,Hyderabad,18.0,Organic Honey 500g,Unknown,2,449.65,13.1,UPI,Delivered,4.1
ORD001199,,CUST00561,Chennai,24.0,Data Structures,Books,1,815.36,10.6,Cash on Delivery,Delivered,5.0
ORD001200,,CUST01370,Bengaluru,20.0,Body Lotion,Beauty,1,462.35,13.6,UPI,Delivered,4.7
ORD001201,2026-09-03,CUST00067,Delhi,35.0,Backpack,Fashion,2,1227.63,9.9,Credit Card,Delivered,
ORD001202,2026-02-06,CUST01167,Kochi,38.0,Almonds 500g,Grocery,2,492.78,10.5,Cash on Delivery,Delivered,2.9
ORD001203,2026-05-02,CUST00731,Jaipur,32.0,Body Lotion,Beauty,2,446.87,13.1,Credit Card,Delivered,4.9
ORD001204,,CUST00010,Hyderabad,,Cooking Oil 5L,Grocery,1,790.96,8.6,UPI,Delivered,3.1
ORD001205,,CUST01559,Lucknow,42.0,Power Bank 20000mAh,Electronics,2,1552.35,5.5,UPI,Delivered,3.8
ORD001206,,CUST01227,Ahmedabad,35.0,LED Desk Lamp,Home & Kitchen,1,1013.13,3.7,UPI,Cancelled,
ORD001207,2026-04-07,CUST00065,Mumbai,38.0,Saree,Fashion,1,2166.0,9.9,Credit Card,Delivered,3.2
ORD001208,2026-10-07,CUST00159,Pune,25.0,Backpack,Fashion,1,1270.41,11.6,UPI,Delivered,4.5
ORD001209,2026-12-05,CUST01826,Bengaluru,28.0,Men's Casual Shirt,Fashion,1,1224.79,11.3,UPI,Delivered,3.5
ORD001210,2025-12-10,CUST01725,Pune,35.0,Men's Casual Shirt,Fashion,2,1201.42,18.2,UPI,Delivered,4.3
ORD001211,,CUST01351,Kolkata,36.0,Football,Sports & Fitness,1,846.79,5.4,Wallet,Delivered,3.8
ORD001212,,CUST01596,Pune,25.0,Laptop Backpack,Electronics,2,1896.12,9.4,Debit Card,Delivered,4.2
ORD001213,,CUST00077,Mumbai,26.0,Atomic Habits,Books,1,633.32,11.3,UPI,Delivered,4.2
ORD001214,2026-01-07,CUST01463,Hyderabad,31.0,Men's Casual Shirt,Fashion,1,1248.42,7.6,UPI,Delivered,3.1
ORD001215,,CUST00664,Bengaluru,35.0,Sports Track Pants,Fashion,1,1402.35,9.5,UPI,Delivered,4.0
ORD001216,2025-09-11,CUST00647,Mangaluru,43.0,Shampoo,Beauty,4,550.66,18.7,UPI,Delivered,5.0
ORD001217,2025-10-10,CUST00742,Hyderabad,22.0,Almonds 500g,Grocery,1,504.63,8.6,Debit Card,Delivered,3.8
ORD001218,2025-08-11,CUST01469,Mumbai,23.0,Bluetooth Speaker,Electronics,1,1923.17,12.3,UPI,Pending,
ORD001219,,CUST00622,Kochi,33.0,USB-C Fast Charger,Electronics,1,955.51,6.0,UPI,Delivered,4.1
ORD001220,,CUST00308,Hyderabad,20.0,Cooking Oil 5L,Grocery,2,759.25,8.6,UPI,Delivered,4.8
ORD001221,,CUST00709,Delhi,,Bedsheet Set,Home & Kitchen,2,1694.35,13.6,Wallet,Delivered,3.4
ORD001222,,CUST00441,Ahmedabad,31.0,Cooking Oil 5L,Grocery,3,800.12,7.6,UPI,Delivered,3.7
ORD001223,,CUST00194,Ahmedabad,22.0,Dry Fruits Mix 500g,Grocery,2,590.48,10.9,Debit Card,Delivered,4.2
ORD001224,2026-05-05,CUST01500,Chandigarh,27.0,Skipping Rope,Sports & Fitness,3,281.03,8.9,UPI,Returned,4.3
ORD001225,,CUST00386,Pune,26.0,Sunscreen SPF 50,Beauty,1,732.57,8.5,,Delivered,
ORD001226,,CUST01991,Pune,23.0,Skipping Rope,Sports & Fitness,1,323.96,9.4,UPI,Delivered,4.2
ORD001227,2025-08-09,CUST01627,Kochi,25.0,Shampoo,Unknown,1,539.43,14.1,UPI,Cancelled,
ORD001228,,CUST02020,Mumbai,38.0,Coffee 500g,Grocery,1,484.22,8.7,Credit Card,Delivered,4.6
ORD001229,2026-07-02,CUST01957,Chandigarh,24.0,Cycling Helmet,Sports & Fitness,1,1538.96,14.4,Credit Card,Delivered,3.8
ORD001230,,CUST00027,Bengaluru,36.0,Storage Container Set,Home & Kitchen,1,902.18,10.4,Debit Card,Delivered,3.4
ORD001231,,CUST00292,Ahmedabad,37.0,Saree,Fashion,2,2170.29,11.4,UPI,Delivered,4.1
ORD001232,,CUST00449,Ahmedabad,30.0,Python Programming,Books,2,655.8,11.7,UPI,Delivered,3.9
ORD001233,,CUST00448,Delhi,41.0,Saree,Fashion,1,2296.85,10.2,UPI,Delivered,3.7
ORD001234,,CUST00006,Kochi,25.0,Cooking Oil 5L,Grocery,3,763.7,12.7,UPI,Delivered,3.7
ORD001235,,CUST00228, Mumbai ,31.0,Resistance Bands,Sports & Fitness,2,648.54,7.7,Debit Card,Delivered,3.9
ORD001236,,CUST00271,Hyderabad,31.0,Running Shoes,Fashion,3,2392.72,7.8,Debit Card,Delivered,5.0
ORD001237,,CUST00947,Chennai,,Saree,Fashion,1,1987.56,9.0,UPI,Delivered,3.5
ORD001238,,CUST00338,Mangaluru,24.0,Data Structures,Books,2,768.9,3.8,UPI,Delivered,3.5
ORD001239,,CUST01375,Lucknow,26.0,Basmati Rice 5kg,Grocery,2,707.79,12.2,UPI,Delivered,3.8
ORD001240,,CUST01239,Pune,,Perfume,Beauty,1,1384.8,11.8,UPI,Delivered,3.7
ORD001241,2026-10-07,CUST01753,Kolkata,31.0,Organic Honey 500g,Grocery,2,434.62,12.7,Debit Card,Delivered,3.1
ORD001242,,CUST00282,Pune,18.0,Coffee 500g,Grocery,5,438.98,3.3,Debit Card,Delivered,4.1
ORD001243,,CUST00726,Mangaluru,25.0,Men's Casual Shirt,Fashion,1,1193.47,13.1,Debit Card,Delivered,3.9
ORD001244,2026-12-01,CUST01387,Surat,20.0,Wireless Earbuds,Electronics,2,2462.28,16.2,UPI,Delivered,4.1
ORD001245,,CUST00795,Mysuru,41.0,Data Structures,Books,2,767.44,9.3,Credit Card,Delivered,4.9
ORD001246,,CUST01372,Mumbai,50.0,Water Bottle,Home & Kitchen,1,722.96,2.1,Net Banking,Delivered,4.2
ORD001247,2026-12-08,CUST00232,Bengaluru,28.0,Basmati Rice 5kg,Grocery,4,751.4,5.6,UPI,Delivered,5.0
ORD001248,,CUST02028,,27.0,Resistance Bands,Sports & Fitness,2,603.75,7.3,UPI,Delivered,4.5
ORD001249,2026-07-04,CUST00283,Delhi,18.0,Running Shoes,Fashion,1,2510.12,9.7,UPI,Delivered,4.3
ORD001250,2026-04-06,CUST01928,Chandigarh,25.0,Coffee 500g,Grocery,3,446.55,9.7,UPI,Delivered,4.7
ORD001251,2025-08-12,CUST00202,Surat,23.0,Mechanical Keyboard,Electronics,2,2930.9,8.6,Debit Card,Delivered,4.1
ORD001252,,CUST00784,Delhi,20.0,Atomic Habits,Books,1,635.54,12.7,UPI,Delivered,4.0
ORD001253,2025-06-12,CUST00544,Kolkata,35.0,Women's Kurti,Fashion,1,999.72,8.9,UPI,Delivered,3.4
ORD001254,2026-11-08,CUST01092,Kolkata,40.0,Dry Fruits Mix 500g,Grocery,3,601.83,11.4,UPI,Delivered,4.2
ORD001255,2025-03-10,CUST00645,Hyderabad,34.0,Mechanical Keyboard,Electronics,2,2893.08,12.9,UPI,Delivered,3.5
ORD001256,2026-12-04,CUST01559,Lucknow,42.0,LED Desk Lamp,Home & Kitchen,2,1020.25,3.3,Wallet,Delivered,5.0
ORD001257,,CUST01015,Mumbai,36.0,Electric Kettle,Home & Kitchen,1,1658.35,6.2,UPI,Delivered,4.7
ORD001258,,CUST00673,Chennai,27.0,Storage Container Set,Home & Kitchen,2,849.32,8.7,Credit Card,Delivered,3.7
ORD001259,2025-04-12,CUST01437, Hyderabad ,18.0,Bluetooth Speaker,Electronics,1,1826.55,12.8,UPI,Delivered,
ORD001260,,CUST01145,Chandigarh,28.0,Almonds 500g,Grocery,1,493.28,7.9,UPI,Delivered,4.5
ORD001261,,CUST00451,Hyderabad,38.0,Smartwatch,Electronics,2,3282.79,7.4,Wallet,Delivered,5.0
ORD001262,2025-07-12,CUST01365,Kochi,39.0,Power Bank 20000mAh,Electronics,2,1389.63,10.5,UPI,Delivered,4.0
ORD001263,,CUST00822,Chandigarh,27.0,Mixer Grinder,Home & Kitchen,3,3490.55,3.9,Debit Card,Delivered,
ORD001264,,CUST00685,Chandigarh,35.0,Protein Oats 1kg,Grocery,2,401.02,7.2,UPI,Delivered,
ORD001265,,CUST01230,Kochi,32.0,Mechanical Keyboard,Electronics,1,2834.5,17.6,Credit Card,Delivered,4.5
ORD001266,,CUST01085,Bengaluru,25.0,Football,Sports & Fitness,1,931.8,10.2,Credit Card,Delivered,4.2
ORD001267,,CUST01837,Surat,28.0,Rich Dad Poor Dad,Books,2,481.29,7.4,UPI,Delivered,4.0
ORD001268,2026-09-06,CUST01793,Mysuru,35.0,Wireless Earbuds,Electronics,1,2516.84,10.7,Net Banking,Delivered,4.0
ORD001270,,CUST01798,Kolkata,37.0,Men's Casual Shirt,Fashion,1,1144.85,5.2,UPI,Delivered,
ORD001271,2026-09-07,CUST01784,Bengaluru,19.0,Green Tea 100 Bags,Grocery,1,395.66,12.3,Debit Card,Delivered,4.8
ORD001272,2025-07-11,CUST01664,Chandigarh,27.0,Bluetooth Speaker,Electronics,2,1762.48,8.4,Credit Card,Delivered,
ORD001273,,CUST01233,Mumbai,22.0,Bluetooth Speaker,Electronics,1,1883.84,3.3,UPI,Delivered,3.1
ORD001274,,CUST01341,Kochi,26.0,Football,Sports & Fitness,2,891.15,12.9,Cash on Delivery,Delivered,4.2
ORD001275,,CUST01717,Kolkata ,41.0,Face Wash,Beauty,2,403.37,8.3,UPI,Delivered,2.1
ORD001276,2025-11-10,CUST00302,Ahmedabad,24.0,Almonds 500g,Grocery,1,481.53,10.2,UPI,Delivered,4.3
ORD001277,,CUST00027,Bengaluru,36.0,Storage Container Set,Home & Kitchen,1,964.68,4.3,UPI,Delivered,5.0
ORD001278,2026-10-05,CUST01368,Mumbai,18.0,Mechanical Keyboard,Electronics,2,2961.17,11.4,Debit Card,Delivered,4.9
ORD001279,2026-03-03,CUST01085,Bengaluru,25.0,Smartwatch,Electronics,1,3641.75,2.3,UPI,Delivered,
ORD001280,2026-06-04,CUST01603,Bengaluru,19.0,USB-C Fast Charger,Electronics,2,968.7,4.6,Cash on Delivery,Delivered,4.0
ORD001281,,CUST00935,Lucknow,31.0,USB-C Fast Charger,Electronics,2,992.53,6.7,Wallet,Returned,4.5
ORD001282,,CUST00619,Ahmedabad,38.0,Python Programming,Books,1,690.2,11.2,UPI,Delivered,5.0
ORD001283,,CUST00112,Kolkata,34.0,Backpack,Fashion,2,1374.49,12.8,UPI,Delivered,2.9
ORD001284,2026-11-01,CUST00200,Bengaluru,33.0,Green Tea 100 Bags,Grocery,2,357.19,12.8,Debit Card,Delivered,3.2
ORD001285,,CUST00674,Bengaluru,24.0,Almonds 500g,Grocery,1,517.34,10.8,UPI,Delivered,
ORD001286,,CUST00969,Pune,39.0,Cooking Oil 5L,Grocery,2,761.76,7.4,UPI,Delivered,5.0
ORD001287,2026-04-08,CUST00955,Mysuru,37.0,Women's Kurti,Fashion,2,999.41,13.6,Debit Card,Returned,2.8
ORD001288,2026-02-06,CUST00050,Mumbai,36.0,Mixer Grinder,Home & Kitchen,1,3629.48,2.2,UPI,Delivered,3.0
ORD001289,2025-06-12,CUST01317,Kolkata,45.0,Power Bank 20000mAh,Electronics,1,1528.37,1.9,Net Banking,Cancelled,
ORD001290,2025-11-12,CUST01151,Bengaluru,19.0,Power Bank 20000mAh,Electronics,2,1534.48,9.9,UPI,Delivered,3.4
ORD001291,2025-10-11,CUST01255,Delhi,30.0,Non-Stick Fry Pan,Home & Kitchen,1,1246.22,5.7,UPI,Delivered,3.1
ORD001292,,CUST00351,Mumbai,24.0,Smartwatch,Electronics,1,3228.79,11.2,UPI,Delivered,4.1
ORD001293,2026-11-05,CUST00883,Hyderabad,23.0,Protein Oats 1kg,Grocery,2,394.07,7.4,UPI,Delivered,4.4
ORD001294,2026-12-07,CUST00292,Ahmedabad,37.0,Bluetooth Speaker,Electronics,2,1781.8,14.2,Debit Card,Delivered,3.5
ORD001295,,CUST00618,,39.0,Power Bank 20000mAh,Electronics,1,1516.28,8.6,UPI,Delivered,4.1
ORD001296,,CUST00370,Lucknow,40.0,Shampoo,Beauty,1,536.51,2.6,Cash on Delivery,Delivered,4.5
ORD001297,2025-11-12,CUST00727,Mangaluru,28.0,Shampoo,Beauty,1,533.61,6.7,UPI,Delivered,5.0
ORD001298,,CUST01302,Delhi,18.0,Green Tea 100 Bags,Grocery,1,336.73,8.6,UPI,Delivered,4.2
ORD001299,,CUST00483,Delhi,37.0,Storage Container Set,Home & Kitchen,3,943.61,8.2,UPI,Delivered,3.7
ORD001300,,CUST01630,Chennai,27.0,Almonds 500g,Unknown,1,496.75,11.0,Credit Card,Delivered,4.2
ORD001301,,CUST01453,Chennai,35.0,Denim Jeans,Fashion,2,1841.94,10.4,Net Banking,Delivered,3.3
ORD001302,2025-09-12,CUST01236,Chennai,41.0,Lipstick,Beauty,2,596.41,12.1,Cash on Delivery,Delivered,2.9
ORD001303,,CUST00539,Bengaluru,20.0,Coffee 500g,Grocery,2,437.93,8.1,Debit Card,Delivered,3.2
ORD001304,,CUST01690,Pune,37.0,Smartwatch,Electronics,2,3462.8,16.0,UPI,Delivered,3.0
ORD001305,2026-03-01,CUST00740,Mumbai,25.0,Mechanical Keyboard,Electronics,2,2872.55,10.6,Cash on Delivery,Delivered,4.1
ORD001306,,CUST01915,Mysuru,31.0,Bluetooth Speaker,Electronics,1,1702.98,17.7,UPI,Delivered,4.3
ORD001307,2026-07-08,CUST01498,Mangaluru,39.0,Lipstick,Beauty,3,615.26,12.1,Cash on Delivery,Delivered,5.0
ORD001308,,CUST01634,Delhi,28.0,Machine Learning Basics,Books,1,835.96,7.4,UPI,Delivered,5.0
ORD001309,2026-03-08,CUST00155,Chennai,24.0,Face Wash,Beauty,3,392.52,8.5,UPI,Delivered,3.4
ORD001310,,CUST00923,Mumbai,34.0,Power Bank 20000mAh,Electronics,1,1519.3,9.9,UPI,Delivered,4.1
ORD001311,2026-06-03,CUST01332,Kochi,38.0,Backpack,Fashion,1,1275.82,11.4,Net Banking,Delivered,
ORD001312,,CUST01734,Surat,22.0,Cotton T-Shirt,Fashion,3,628.35,2.2,Cash on Delivery,Delivered,2.7
ORD001313,2026-03-07,CUST01556,Pune,29.0,Indian History,Books,1,576.29,10.6,Cash on Delivery,Delivered,4.8
ORD001314,2025-01-10,CUST00657,Kolkata,36.0,Cushion Set,Home & Kitchen,2,745.36,9.1,Net Banking,Delivered,4.1
ORD001315,2025-04-10,CUST00610,Chennai,43.0,Coffee 500g,Grocery,2,426.54,8.1,Net Banking,Delivered,
ORD001316,2026-04-03,CUST01405,Pune,21.0,Python Programming,Books,2,682.15,13.3,UPI,Delivered,
ORD001317,2025-02-10,CUST01477,Jaipur,28.0,Dumbbell Set 10kg,Sports & Fitness,1,1830.35,6.2,UPI,Delivered,3.4
ORD001318,,CUST01279,Mangaluru,23.0,Face Wash,Beauty,1,365.85,6.5,UPI,Delivered,4.9
ORD001319,2026-04-04,CUST01837,Surat,28.0,Non-Stick Fry Pan,Home & Kitchen,3,1321.47,8.8,Cash on Delivery,Delivered,4.8
ORD001320,,CUST00347,Delhi,29.0,Laptop Backpack,Electronics,2,1902.6,3.5,Cash on Delivery,Delivered,4.2
ORD001321,,CUST00006,Kochi,25.0,Rich Dad Poor Dad,Books,2,493.66,8.8,UPI,Delivered,4.0
ORD001322,2026-12-03,CUST00229,Kolkata,33.0,Storage Container Set,Home & Kitchen,2,872.18,12.9,Cash on Delivery,Delivered,4.4
ORD001323,,CUST01990,Hyderabad,39.0,Sunscreen SPF 50,Beauty,1,669.79,11.0,UPI,Delivered,3.2
ORD001324,,CUST01466,Pune,27.0,Cooking Oil 5L,Grocery,3,808.15,12.1,Credit card ,Delivered,3.3
ORD001325,2025-01-11,CUST00342,Delhi,38.0,Cycling Helmet,Sports & Fitness,3,1712.89,14.2,UPI,Delivered,5.0
ORD001326,,CUST00823,Bengaluru,27.0,Running Shoes,Fashion,2,2605.92,8.1,Net Banking,Delivered,5.0
ORD001327,,CUST00584,Jaipur,20.0,Skipping Rope,Sports & Fitness,1,285.15,12.1,UPI,Delivered,4.1
ORD001328,2025-09-09,CUST00974,Hyderabad,25.0,Coffee 500g,Grocery,3,432.19,7.7,UPI,Delivered,5.0
ORD001329,,CUST00054,Mumbai,34.0,Running Shoes,Fashion,1,2446.58,14.0,Net Banking,Delivered,4.4
ORD001330,,CUST00053,Delhi,32.0,Storage Container Set,Home & Kitchen,3,928.66,7.6,Cash on Delivery,Pending,
ORD001331,2026-12-04,CUST01996,Mumbai,31.0,Yoga Mat,Sports & Fitness,2,840.97,3.8,Debit Card,Delivered,3.6
ORD001332,2025-11-12,CUST00067,Delhi,35.0,Yoga Mat,Sports & Fitness,3,843.34,4.8,Credit Card,Delivered,4.9
ORD001333,,CUST00194,Ahmedabad,22.0,Mixer Grinder,Home & Kitchen,3,3455.9,7.5,UPI,Returned,
ORD001334,,CUST01132,Bengaluru,31.0,Non-Stick Fry Pan,Home & Kitchen,3,1327.33,6.8,Credit Card,Delivered,3.4
ORD001335,,CUST00499,Mysuru,41.0,Dumbbell Set 10kg,Sports & Fitness,3,1971.19,9.0,UPI,Returned,2.2
ORD001336,2025-06-10,CUST01609,Bengaluru,31.0,Almonds 500g,Grocery,2,490.58,10.1,UPI,Delivered,4.3
ORD001337,,CUST01573,Jaipur,26.0,Python Programming,Books,2,716.17,9.3,UPI,Delivered,3.2
ORD001338,2025-08-10,CUST00468,Jaipur,41.0,Laptop Backpack,Electronics,1,1811.21,8.0,Wallet,Delivered,3.4
ORD001339,2025-07-11,CUST00907,Jaipur,,Sunscreen SPF 50,Beauty,1,713.54,13.4,Cash on Delivery,Delivered,2.8
ORD001340,,CUST01692,Mumbai,30.0,Skipping Rope,Sports & Fitness,2,284.09,6.0,Debit Card,Delivered,3.5
ORD001341,2026-01-05,CUST01235,Ahmedabad,34.0,Python Programming,Books,1,685.31,11.9,Cash on Delivery,Delivered,3.4
ORD001342,2026-06-05,CUST00319,Delhi,31.0,Indian History,Books,2,596.4,11.7,UPI,Delivered,3.9
ORD001343,,CUST00436,Bengaluru,18.0,Sunscreen SPF 50,Beauty,2,781.52,13.7,Net Banking,Delivered,5.0
ORD001344,2026-11-05,CUST00100,Pune,24.0,Cricket Bat,Sports & Fitness,2,2554.91,2.8,Debit Card,Delivered,4.7
ORD001345,2026-01-07,CUST00342,Delhi,38.0,1080p Webcam,Electronics,1,2235.55,13.6,Cash on Delivery,Cancelled,
ORD001346,,CUST01277,Kolkata,25.0,Power Bank 20000mAh,Electronics,1,1408.28,9.8,Cash on Delivery,Delivered,4.0
ORD001347,2025-08-11,CUST01993,Surat,22.0,Machine Learning Basics,Books,3,890.1,15.7,UPI,Delivered,4.0
ORD001348,2025-01-09,CUST01793,Mysuru,35.0,Face Wash,Beauty,1,405.41,12.8,UPI,Delivered,3.4
ORD001349,,CUST01532,Mysuru,48.0,USB-C Fast Charger,Electronics,1,999.63,11.2,Credit Card,Delivered,4.5
ORD001350,2026-03-04,CUST00716,Pune,34.0,Almonds 500g,Grocery,2,512.12,4.5,Debit Card,Delivered,3.5
ORD001351,,CUST00657,Kolkata,36.0,Saree,Fashion,2,2014.13,6.1,UPI,Delivered,3.9
ORD001352,,CUST01040,Ahmedabad,32.0,Hair Serum,Beauty,1,486.2,11.6,UPI,Delivered,5.0
ORD001353,,CUST00770,Hyderabad,25.0,Cushion Set,Home & Kitchen,1,771.82,8.4,UPI,Delivered,3.3
ORD001354,,CUST00194,Ahmedabad,22.0,Almonds 500g,Grocery,2,462.13,12.6,UPI,Delivered,3.5
ORD001355,2025-12-12,CUST00355,Hyderabad,39.0,Dumbbell Set 10kg,Sports & Fitness,2,1876.71,10.4,Debit Card,Delivered,4.1
ORD001356,,CUST01043,Delhi,24.0,Mechanical Keyboard,Electronics,1,2843.97,10.9,UPI,Delivered,3.2
ORD001357,,CUST00742,Hyderabad,22.0,Backpack,Fashion,2,1301.57,11.8,UPI,Delivered,3.2
ORD001358,2025-09-11,CUST00269,Bengaluru,35.0,Almonds 500g,Grocery,1,551.8,12.4,UPI,Delivered,3.0
ORD001359,2025-06-12,CUST01308,Ahmedabad,36.0,Shampoo,Beauty,2,528.43,7.0,Credit Card,Delivered,4.2
ORD001360,,CUST01053,Delhi,30.0,Face Wash,Beauty,1,430.04,3.3,Wallet,Delivered,4.8
ORD001361,,CUST01688,Bengaluru,23.0,Shampoo,Beauty,3,558.3,8.1,Credit Card,Delivered,4.5
ORD001362,,CUST02010,Kolkata,36.0,Rich Dad Poor Dad,Books,1,505.58,12.9,Debit Card,Delivered,4.2
ORD001363,,CUST01219,Jaipur,33.0,Bluetooth Speaker,Electronics,1,1702.97,10.6,Cash on Delivery,Delivered,3.1
ORD001364,2026-07-04,CUST01231,Kochi,48.0,Bedsheet Set,Home & Kitchen,3,1673.0,16.9,UPI,Delivered,4.4
ORD001365,,CUST00188,Kolkata,40.0,Moisturizer,Beauty,2,618.54,11.2,UPI,Delivered,3.4
ORD001366,,CUST00651,Kolkata,37.0,Electric Kettle,Home & Kitchen,2,1548.86,6.2,Credit Card,Delivered,2.5
ORD001367,2026-11-05,CUST01348,Kochi,29.0,USB-C Fast Charger,Electronics,1,988.9,9.2,Credit Card,Delivered,5.0
ORD001368,,CUST00027,Bengaluru,36.0,Skipping Rope,Sports & Fitness,2,308.89,8.4,UPI,Delivered,3.3
ORD001369,,CUST00133,Bengaluru,27.0,Green Tea 100 Bags,Grocery,1,357.34,10.9,UPI,Delivered,3.8
ORD001370,,CUST00317,Bengaluru,32.0,Resistance Bands,Sports & Fitness,1,568.16,12.0,UPI,Delivered,4.5
ORD001371,,CUST01780,Mumbai,27.0,USB-C Fast Charger,Electronics,1,1036.97,9.4,Credit Card,Delivered,3.3
ORD001372,2026-03-01,CUST00110,Kochi,26.0,Shampoo,Beauty,4,522.18,16.5,UPI,Delivered,4.0
ORD001373,2026-01-05,CUST01774,Surat,29.0,Moisturizer,Beauty,2,631.67,10.5,Debit Card,Delivered,4.8
ORD001374,2026-09-07,CUST00837,Ahmedabad,27.0,Protein Oats 1kg,Grocery,1,381.11,1.9,UPI,Pending,
ORD001375,,CUST01408,Delhi,37.0,Indian History,Books,2,546.34,9.1,Cash on Delivery,Delivered,3.9
ORD001376,2026-07-06,CUST01900,Delhi,25.0,Basmati Rice 5kg,Grocery,1,764.88,11.1,UPI,Delivered,3.7
ORD001377,2026-10-02,CUST00216,Hyderabad,35.0,Electric Kettle,Home & Kitchen,1,1607.41,4.6,Cash on Delivery,Delivered,3.0
ORD001378,,CUST00519,Ahmedabad,26.0,Storage Container Set,Home & Kitchen,2,870.51,13.3,UPI,Delivered,4.0
ORD001379,,CUST01830,CHENNAI,23.0,Face Wash,Beauty,1,365.99,13.5,Debit Card,Returned,3.8
ORD001380,,CUST01494,Ahmedabad,36.0,Electric Kettle,Home & Kitchen,2,1632.75,3.3,UPI,Delivered,5.0
ORD001381,,CUST01746,Delhi,23.0,Water Bottle,Home & Kitchen,2,754.41,9.4,Debit Card,Delivered,2.6
ORD001382,,CUST00934,Chennai,19.0,Green Tea 100 Bags,Grocery,2,337.8,16.5,UPI,Pending,
ORD001383,2025-08-10,CUST01677,Kochi,21.0,Coffee 500g,Grocery,3,414.79,9.3,UPI,Delivered,3.2
ORD001384,2025-02-09,CUST01288,Bengaluru,43.0,SQL for Beginners,Books,3,667.11,8.9,Credit Card,Delivered,4.4
ORD001385,2026-10-08,CUST01734,Surat,22.0,Cushion Set,Home & Kitchen,1,839.76,4.0,UPI,Delivered,4.5
ORD001386,,CUST00092,Chennai,30.0,Cooking Oil 5L,Grocery,3,799.64,4.3,Net Banking,Cancelled,
ORD001387,,CUST00074,Mangaluru,42.0,Resistance Bands,Sports & Fitness,2,592.17,13.1,UPI,Delivered,2.6
ORD001388,2026-07-08,CUST01370,Bengaluru,20.0,Backpack,Fashion,2,1341.53,10.0,UPI,Delivered,3.3
ORD001389,,CUST01914,Mangaluru,40.0,Running Shoes,Fashion,2,2470.37,15.0,Cash on Delivery,Delivered,3.6
ORD001390,,CUST00693,Mysuru,23.0,Running Shoes,Fashion,1,2485.68,8.9,UPI,Returned,
ORD001391,,CUST00058,Surat,43.0,Cotton T-Shirt,Fashion,1,694.55,10.0,UPI,Delivered,4.0
ORD001392,2026-01-05,CUST00934,Chennai,19.0,Cooking Oil 5L,Grocery,1,782.33,15.0,Cash on Delivery,Delivered,4.0
ORD001393,2026-07-08,CUST00642,Delhi,25.0,Sports Track Pants,Fashion,2,1293.32,13.2,Cash on Delivery,Delivered,4.4
ORD001394,2025-08-10,CUST00974,Hyderabad,25.0,Cycling Helmet,Sports & Fitness,1,1669.16,13.8,Debit Card,Delivered,3.2
ORD001395,2026-11-03,CUST01417,Hyderabad,24.0,Cooking Oil 5L,Grocery,2,805.65,5.3,UPI,Delivered,4.3
ORD001396,,CUST00856,Kochi,39.0,Men's Casual Shirt,Fashion,2,1170.78,6.9,UPI,Delivered,5.0
ORD001397,2026-08-08,CUST01345,Chandigarh,18.0,Dry Fruits Mix 500g,Grocery,3,547.49,0.0,UPI,Delivered,4.8
ORD001398,2026-11-05,CUST00916,Chennai,53.0,Non-Stick Fry Pan,Home & Kitchen,1,1339.95,9.4,UPI,Returned,3.3
ORD001399,,CUST00047,Hyderabad,33.0,Machine Learning Basics,Books,2,864.83,1.5,Credit Card,Delivered,3.1
ORD001400,,CUST00440,Pune,21.0,Lipstick,Beauty,2,567.42,5.5,UPI,Delivered,4.1
ORD001401,2026-03-06,CUST00266,Lucknow,41.0,USB-C Fast Charger,Electronics,1,967.53,7.0,Credit Card,Delivered,
ORD001402,,CUST01001,Pune,21.0,Cotton T-Shirt,Fashion,2,712.58,8.6,UPI,Cancelled,
ORD001403,,CUST01938,Lucknow,37.0,Gym Gloves,Sports & Fitness,1,480.2,9.8,UPI,Delivered,4.3
ORD001404,,CUST00008,Jaipur,36.0,Indian History,Books,2,562.82,17.0,Net Banking,Delivered,
ORD001405,,CUST01851,Surat,,Green Tea 100 Bags,Grocery,1,328.44,8.4,UPI,Delivered,2.5
ORD001406,2025-11-11,CUST01379,Bengaluru,18.0,Almonds 500g,Grocery,2,509.58,10.8,UPI,Delivered,4.4
ORD001407,,CUST01660,Hyderabad,18.0,Rich Dad Poor Dad,Books,3,475.89,14.6,UPI,Delivered,4.9
ORD001408,2025-03-09,CUST01969,Hyderabad,34.0,Body Lotion,Beauty,1,445.56,11.6,Credit Card,Delivered,
ORD001409,2025-04-12,CUST01816,Delhi,31.0,Running Shoes,Fashion,3,2581.13,10.3,UPI,Delivered,3.1
ORD001410,2026-04-06,CUST00482,Delhi,30.0,Denim Jeans,Fashion,2,1841.19,11.3,UPI,Delivered,
ORD001411,2026-11-08,CUST00873,Kolkata,35.0,Sunscreen SPF 50,Beauty,2,713.73,11.8,UPI,Delivered,4.4
ORD001412,,CUST00642,Delhi,25.0,Mechanical Keyboard,Electronics,2,2797.44,2.5,Credit Card,Delivered,4.6
ORD001413,,CUST01865,Pune,18.0,Men's Casual Shirt,Fashion,2,1272.26,7.1,UPI,Delivered,4.3
ORD001414,2026-09-04,CUST00756,Mangaluru,22.0,Hair Serum,Beauty,2,485.21,10.7,Credit Card,Cancelled,
ORD001415,,CUST00673,Chennai,27.0,LED Desk Lamp,Home & Kitchen,3,973.6,0.5,UPI,Delivered,4.3
ORD001416,,CUST01471,Kochi,31.0,Non-Stick Fry Pan,Home & Kitchen,1,1242.16,0.0,Credit Card,Delivered,4.2
ORD001417,,CUST01585,Kolkata,45.0,Laptop Backpack,Electronics,1,1835.95,12.3,Net Banking,Delivered,3.3
ORD001418,,CUST01632,Delhi,34.0,Mechanical Keyboard,Electronics,1,2829.72,7.2,UPI,Delivered,3.8
ORD001419,,CUST01841,LUCKNOW,23.0,Resistance Bands,Sports & Fitness,2,569.44,6.3,Credit Card,Delivered,3.2
ORD001420,,CUST00837,Ahmedabad,27.0,Storage Container Set,Home & Kitchen,1,874.64,9.3,UPI,Delivered,4.0
ORD001421,,CUST01361,Pune,44.0,Water Bottle,Home & Kitchen,2,735.89,6.2,Net Banking,Delivered,5.0
ORD001422,2026-01-01,CUST01345,Chandigarh,18.0,Laptop Backpack,Electronics,2,1784.57,3.4,UPI,Delivered,2.5
ORD001423,2026-06-01,CUST01177,Lucknow,40.0,Denim Jeans,Fashion,3,1691.93,2.8,UPI,Delivered,1.9
ORD001424,,CUST00320,Bengaluru,23.0,Skipping Rope,Sports & Fitness,2,320.61,12.1,Credit Card,Delivered,4.2
ORD001425,,CUST00974,Hyderabad,25.0,Smartwatch,Electronics,2,3203.24,8.7,Credit Card,Delivered,5.0
ORD001426,,CUST00328,kochi,40.0,Shampoo,Beauty,3,521.91,11.4,Wallet,Delivered,4.7
ORD001427,,CUST01523,Pune,30.0,Moisturizer,Beauty,3,680.04,2.2,Credit Card,Delivered,
ORD001428,,CUST01010,Hyderabad,31.0,Cotton T-Shirt,Fashion,1,761.52,18.3,Credit Card,Returned,2.6
ORD001429,,CUST01148,chennai,33.0,Sunscreen SPF 50,Beauty,1,642.26,11.0,Credit Card,Delivered,4.5
ORD001430,,CUST01685,Bengaluru,30.0,Denim Jeans,Fashion,1,1859.14,7.0,UPI,Delivered,3.0
ORD001431,2026-05-06,CUST00958,Delhi,34.0,Basmati Rice 5kg,Grocery,1,735.63,15.2,UPI,Delivered,4.4
ORD001432,,CUST01968,Mumbai,33.0,Coffee 500g,Grocery,1,443.3,10.4,Debit Card,Delivered,4.5
ORD001433,,CUST00952,Kolkata,33.0,Laptop Backpack,Electronics,2,1879.56,12.8,Debit Card,Delivered,4.9
ORD001434,,CUST00521,Jaipur,36.0,Bedsheet Set,Home & Kitchen,1,1645.22,11.9,UPI,Delivered,2.4
ORD001435,2026-12-07,CUST00937,Surat,31.0,USB-C Fast Charger,Electronics,2,959.21,2.6,UPI,Delivered,3.6
ORD001436,2026-09-06,CUST01204,Chandigarh,38.0,Almonds 500g,Grocery,2,503.16,9.8,Credit Card,Delivered,4.2
ORD001437,,CUST00935,Lucknow,31.0,LED Desk Lamp,Home & Kitchen,2,970.34,10.2,Debit Card,Delivered,3.9
ORD001438,,CUST00546,Chennai,25.0,Electric Kettle,Home & Kitchen,1,1650.81,9.5,Credit Card,Delivered,4.2
ORD001439,2025-05-10,CUST00360,Surat,18.0,Moisturizer,Beauty,2,659.1,18.5,Cash on Delivery,Delivered,4.1
ORD001440,,CUST00835,Kolkata,32.0,Backpack,Fashion,2,1190.35,15.1,Debit Card,Delivered,4.5
ORD001441,,CUST01908,Mangaluru,38.0,Women's Kurti,Fashion,2,1027.23,14.4,Credit Card,Delivered,5.0
ORD001442,,CUST00221,Lucknow,18.0,USB-C Fast Charger,Electronics,2,1013.76,6.7,UPI,Cancelled,
ORD001443,2025-02-10,CUST00352,Mumbai,28.0,Moisturizer,Beauty,2,675.8,18.4,Cash on Delivery,Delivered,4.7
ORD001444,,CUST00391,Chennai,18.0,Storage Container Set,Home & Kitchen,3,829.33,12.8,UPI,Delivered,4.5
ORD001445,,CUST01801,Delhi,39.0,Saree,Fashion,1,2138.07,8.9,Credit Card,Delivered,5.0
ORD001446,,CUST00898,Surat,28.0,Wireless Earbuds,Electronics,2,2560.71,13.4,UPI,Pending,
ORD001447,2026-09-07,CUST00571,HYDERABAD,27.0,Bluetooth Speaker,Electronics,2,1800.05,12.6,UPI,Delivered,3.6
ORD001448,,CUST01882,Surat,25.0,Yoga Mat,Sports & Fitness,1,790.11,8.4,Cash on Delivery,Delivered,3.7
ORD001449,2026-07-04,CUST00533,Chennai,19.0,Wireless Earbuds,Electronics,2,2457.79,5.5,Wallet,Delivered,3.6
ORD001450,,CUST00134,Chandigarh,40.0,Bedsheet Set,Home & Kitchen,3,1631.11,4.8,UPI,Delivered,4.6
ORD001451,,CUST00946,Hyderabad,,Data Structures,Books,2,805.77,4.7,UPI,Delivered,3.9
ORD001452,2025-02-11,CUST01425,Kolkata,26.0,Power Bank 20000mAh,Electronics,2,1483.31,12.2,UPI,Delivered,4.0
ORD001453,,CUST00198,Pune,29.0,Mechanical Keyboard,Electronics,2,3111.59,3.3,UPI,Delivered,4.0
ORD001454,2026-02-04,CUST01607,Ahmedabad,35.0,Sports Track Pants,Fashion,3,1269.8,14.7,Credit Card,Delivered,3.8
ORD001455,2025-09-09,CUST01069,Mumbai,28.0,LED Desk Lamp,Home & Kitchen,1,1090.79,0.0,Cash on Delivery,Delivered,3.6
ORD001456,,CUST00436,Bengaluru,18.0,Cooking Oil 5L,Grocery,4,823.8,0.7,Debit Card,Delivered,5.0
ORD001457,,CUST01190,Kochi,33.0,Rich Dad Poor Dad,Books,1,470.05,11.1,Wallet,Delivered,4.1
ORD001458,,CUST01125,Kochi,45.0,Rich Dad Poor Dad,Books,2,459.82,6.5,UPI,Pending,
ORD001459,,CUST01422,Chennai,23.0,Rich Dad Poor Dad,Books,1,483.73,7.1,UPI,Delivered,3.6
ORD001460,,CUST01436,Delhi,18.0,Sports Track Pants,Fashion,2,1303.19,12.4,UPI,Delivered,4.2
ORD001461,,CUST00147,Ahmedabad,,Saree,Fashion,2,2249.35,14.8,UPI,Delivered,
ORD001462,,CUST00082,Pune,42.0,Bluetooth Speaker,Electronics,2,1773.98,12.5,UPI,Cancelled,
ORD001463,2026-08-08,CUST00494,Mumbai,,Water Bottle,Home & Kitchen,1,713.02,14.0,Wallet,Returned,1.8
ORD001464,,CUST00820,Pune,18.0,Atomic Habits,Books,3,568.44,9.8,Credit Card,Delivered,5.0
ORD001465,,CUST01327,Mumbai,41.0,Basmati Rice 5kg,Grocery,1,0.0,10.9,UPI,Delivered,4.9
ORD001466,2026-09-02,CUST02036,Mysuru,32.0,Shampoo,Beauty,1,535.27,17.9,Net Banking,Delivered,4.0
ORD001467,2025-08-11,CUST00935,Lucknow,31.0,USB-C Fast Charger,Electronics,1,953.22,13.9,Debit Card,Delivered,3.3
ORD001468,,CUST00391,Chennai,18.0,Saree,Fashion,2,2216.31,11.5,Cash on Delivery,Delivered,3.3
ORD001469,,CUST01482,Kochi,38.0,Women's Kurti,Fashion,2,993.25,0.2,Debit Card,Delivered,5.0
ORD001470,,CUST01394,Kochi,37.0,Data Structures,Books,4,802.99,14.6,Net Banking,Delivered,4.6
ORD001471,,CUST00664,Bengaluru,35.0,Atomic Habits,Books,1,617.5,12.1,UPI,Returned,3.7
ORD001472,2026-06-04,CUST01514,Jaipur,31.0,Wireless Earbuds,Electronics,1,2372.31,4.3,UPI,Delivered,3.6
ORD001473,,CUST00841,Delhi,33.0,SQL for Beginners,Books,1,649.48,12.3,Credit Card,Delivered,4.5
ORD001474,,CUST00835,Kolkata,32.0,Dry Fruits Mix 500g,Grocery,1,607.14,15.4,UPI,Pending,
ORD001475,,CUST01422,Chennai,23.0,Mixer Grinder,Home & Kitchen,1,3464.0,6.6,UPI,Delivered,4.6
ORD001476,2026-11-06,CUST00703,Surat,29.0,Running Shoes,Fashion,2,2428.79,12.0,Credit Card,Delivered,3.8
ORD001477,2025-12-10,CUST01698,Mysuru,,Cycling Helmet,Sports & Fitness,3,1590.07,13.1,Debit Card,Delivered,3.6
ORD001478,2026-09-02,CUST00828,Lucknow,21.0,Water Bottle,Home & Kitchen,1,698.72,18.9,,Delivered,
ORD001479,2025-12-10,CUST01232,Lucknow,36.0,Running Shoes,Fashion,1,2400.81,9.3,Wallet,Delivered,
ORD001480,2026-08-04,CUST00034,Kolkata,26.0,Shampoo,Beauty,1,524.17,14.2,Cash on Delivery,Delivered,3.1
ORD001481,,CUST01615,Hyderabad,36.0,USB-C Fast Charger,Electronics,1,1018.19,12.5,Net Banking,Delivered,
ORD001482,,CUST00344,Mumbai,26.0,Men's Casual Shirt,Fashion,1,1231.75,9.0,Wallet,Delivered,3.5
ORD001483,,CUST00112,Kolkata,34.0,Cotton T-Shirt,Fashion,1,676.93,9.8,Debit Card,Delivered,3.2
ORD001484,,CUST00824,Mysuru,18.0,Power Bank 20000mAh,Electronics,2,1532.64,7.7,UPI,Pending,
ORD001485,,CUST01247,Mumbai,29.0,Bedsheet Set,Home & Kitchen,2,1674.73,4.2,Credit Card,Delivered,3.5
ORD001486,,CUST00301,Kolkata,34.0,Saree,Fashion,1,2213.85,9.7,UPI,Delivered,3.0
ORD001487,,CUST01848,Chennai,34.0,Atomic Habits,Books,3,614.5,5.6,UPI,Delivered,5.0
ORD001488,2026-01-07,CUST00886,Delhi,18.0,Denim Jeans,Fashion,1,1818.29,16.7,Cash on Delivery,Delivered,5.0
ORD001489,2026-01-03,CUST01690,Pune,37.0,Hair Serum,Beauty,2,506.65,7.7,UPI,Returned,
ORD001490,,CUST01121,Pune,28.0,Rich Dad Poor Dad,Books,3,502.82,16.0,UPI,Delivered,4.6
ORD001491,2025-01-12,CUST00150,Jaipur,18.0,Men's Casual Shirt,Fashion,1,1093.13,17.6,Credit Card,Delivered,2.6
ORD001492,,CUST01144,Hyderabad,18.0,SQL for Beginners,Books,3,659.78,14.2,UPI,Delivered,
ORD001493,,CUST00501,Chennai,43.0,Denim Jeans,Fashion,2,1770.04,8.2,Net Banking,Delivered,4.5
ORD001494,,CUST00195,Hyderabad,29.0,Mixer Grinder,Home & Kitchen,2,3527.56,5.5,UPI,Delivered,4.2
ORD001495,,CUST00455,Kolkata,22.0,Wireless Earbuds,Electronics,1,2500.01,2.3,UPI,Delivered,3.4
ORD001496,,CUST01070,Surat,44.0,Women's Kurti,Fashion,1,988.8,11.6,Debit Card,Delivered,4.8
ORD001497,,CUST00898,Surat,28.0,Basmati Rice 5kg,Grocery,1,717.71,14.4,UPI,Delivered,4.8
ORD001498,2026-10-04,CUST00316,Chandigarh,18.0,Almonds 500g,Grocery,1,493.19,3.8,UPI,Delivered,4.3
ORD001499,,CUST00056,Ahmedabad,20.0,Power Bank 20000mAh,Electronics,2,1484.3,0.6,UPI,Delivered,3.7
ORD001500,,CUST00378,Kolkata,25.0,Men's Casual Shirt,Fashion,1,1238.95,5.0,UPI,Delivered,4.1
ORD001501,2026-01-08,CUST00298,Pune,23.0,Water Bottle,Home & Kitchen,2,688.34,7.1,Debit Card,Cancelled,
ORD001502,,CUST00570,Mysuru,18.0,Basmati Rice 5kg,Grocery,2,754.31,13.8,Debit Card,Cancelled,
ORD001503,,CUST00315,Surat,25.0,Wireless Earbuds,Electronics,1,2494.22,5.8,Credit Card,Delivered,3.9
ORD001504,,CUST01923,Jaipur,28.0,Men's Casual Shirt,Fashion,1,1221.5,11.4,UPI,Returned,2.4
ORD001505,,CUST01851,Surat,29.0,Green Tea 100 Bags,Grocery,3,342.58,7.7,Net Banking,Delivered,
ORD001506,,CUST01973,Unknown,,Almonds 500g,Grocery,2,529.59,5.1,Credit Card,Delivered,3.5
ORD001507,2026-02-07,CUST02044,Mumbai,,Water Bottle,Home & Kitchen,2,735.73,6.5,Credit Card,Pending,
ORD001508,2026-04-06,CUST01840,Pune,25.0,Resistance Bands,Sports & Fitness,3,627.54,14.8,Credit Card,Delivered,4.8
ORD001509,,CUST02027,Bengaluru,40.0,Electric Kettle,Home & Kitchen,2,1616.88,11.0,Credit Card,Delivered,3.7
ORD001510,,CUST00566,Kochi,29.0,Lipstick,Beauty,3,538.82,7.5,UPI,Delivered,4.3
ORD001511,2026-01-04,CUST01477,Jaipur,28.0,Coffee 500g,Grocery,3,422.51,18.7,Credit Card,Delivered,3.9
ORD001512,2025-11-12,CUST00963,Jaipur,32.0,Protein Oats 1kg,Grocery,1,396.95,2.5,Debit Card,Delivered,2.8
ORD001513,2026-11-01,CUST00937,Surat,31.0,Skipping Rope,Sports & Fitness,1,275.78,0.3,Wallet,Delivered,3.6
ORD001514,2025-06-10,CUST00562,Kolkata,32.0,Laptop Backpack,Electronics,2,1806.84,14.3,UPI,Delivered,3.9
ORD001515,,CUST01760,Hyderabad,33.0,Women's Kurti,Fashion,2,1017.16,11.3,UPI,Delivered,3.8
ORD001516,,CUST01373,Delhi,26.0,Cooking Oil 5L,Grocery,2,776.48,6.9,UPI,Delivered,4.3
ORD001517,,CUST01111,Kolkata,19.0,Rich Dad Poor Dad,Books,1,492.52,16.5,UPI,Delivered,3.9
ORD001518,,CUST00898,Surat,28.0,Non-Stick Fry Pan,Home & Kitchen,1,1222.9,12.6,UPI,Cancelled,
ORD001519,,CUST00923,Mumbai,34.0,Wireless Earbuds,Electronics,2,2498.36,12.0,Cash on Delivery,Delivered,4.8
ORD001520,,CUST01487,Kolkata,35.0,Atomic Habits,Books,1,545.11,6.3,Credit Card,Delivered,5.0
ORD001521,,CUST01192,Hyderabad,25.0,Cooking Oil 5L,Grocery,1,780.61,6.0,UPI,Delivered,4.1
ORD001522,,CUST00936,Ahmedabad,36.0,Cotton T-Shirt,Fashion,1,649.5,3.7,UPI,Delivered,4.8
ORD001523,,CUST00655,Hyderabad,26.0,Almonds 500g,Grocery,2,505.84,0.0,Debit Card,Delivered,4.0
ORD001524,2025-11-12,CUST00219,Hyderabad,28.0,Denim Jeans,Fashion,3,1873.17,13.2,Debit Card,Delivered,3.0
ORD001525,2025-03-11,CUST00230,Bengaluru,27.0,Resistance Bands,Sports & Fitness,1,631.96,8.9,Net Banking,Delivered,5.0
ORD001526,2026-11-01,CUST01628,Surat,45.0,Saree,Fashion,1,2147.59,9.4,UPI,Delivered,4.8
ORD001527,,CUST00483,Delhi,37.0,Rich Dad Poor Dad,Books,3,513.45,13.3,Net Banking,Delivered,3.2
ORD001528,,CUST02036,Mysuru,32.0,Sports Track Pants,Fashion,1,1271.79,14.0,Credit Card,Delivered,4.3
ORD001529,2026-03-06,CUST00212,Kolkata,35.0,Running Shoes,Fashion,3,2487.0,6.9,UPI,Delivered,3.7
ORD001530,2026-03-02,CUST01492,Kolkata,38.0,Bedsheet Set,Home & Kitchen,2,1714.82,3.5,Net Banking,Delivered,4.2
ORD001531,,CUST01367,Chennai,34.0,Power Bank 20000mAh,Electronics,2,1509.68,6.5,UPI,Delivered,3.2
ORD001532,,CUST00104,Surat,41.0,Electric Kettle,Home & Kitchen,1,1473.27,11.9,Wallet,Delivered,3.0
ORD001533,2026-06-03,CUST01998,Bengaluru,41.0,Saree,Fashion,3,2297.08,10.0,UPI,Delivered,3.1
ORD001534,2025-01-10,CUST01956,Delhi,41.0,Python Programming,Books,1,676.4,14.8,Credit Card,Delivered,5.0
ORD001535,,CUST01944,Hyderabad,35.0,Women's Kurti,Fashion,1,1054.36,4.5,Credit Card,Delivered,4.3
ORD001536,,CUST01320,Chennai,26.0,Python Programming,Books,1,682.48,12.5,Credit Card,Delivered,4.1
ORD001537,2026-04-06,CUST01035,Mumbai,22.0,Shampoo,Beauty,4,523.15,8.5,Net Banking,Delivered,3.9
ORD001538,2026-04-01,CUST01589,Chennai,32.0,Backpack,Fashion,1,1295.88,11.8,Cash on Delivery,Delivered,4.8
ORD001539,,CUST00793,Hyderabad,27.0,Denim Jeans,Fashion,3,1740.74,5.8,Credit Card,Returned,
ORD001540,2026-04-07,CUST01704,Ahmedabad,,Competitive Aptitude,Books,1,414.79,16.9,Credit Card,Delivered,3.5
ORD001541,2025-11-10,CUST00823,Bengaluru,27.0,Atomic Habits,Books,2,621.97,15.9,UPI,Delivered,4.5
ORD001542,,CUST00112,,34.0,Mixer Grinder,Home & Kitchen,2,3400.34,18.5,Net Banking,Delivered,4.5
ORD001543,,CUST01963,Chennai,,Atomic Habits,Books,2,597.05,14.6,Debit Card,Cancelled,
ORD001544,2025-06-09,CUST00170,Kolkata,31.0,Green Tea 100 Bags,Grocery,3,354.06,13.9,Credit Card,Delivered,3.7
ORD001545,2026-01-01,CUST01598,Mangaluru,42.0,Running Shoes,Fashion,3,2493.02,15.8,Net Banking,Delivered,2.8
ORD001546,,CUST01814,Surat,23.0,Saree,Fashion,1,2135.06,10.8,Credit Card,Delivered,3.5
ORD001547,,CUST01540,Surat,18.0,Cotton T-Shirt,Fashion,1,624.07,9.6,Net Banking,Delivered,4.1
ORD001548,2026-04-01,CUST00510,Bengaluru,31.0,USB-C Fast Charger,Electronics,2,1013.07,6.9,Credit Card,Delivered,4.9
ORD001549,2025-01-11,CUST01305,Kolkata,27.0,Men's Casual Shirt,Fashion,1,1125.7,13.3,Cash on Delivery,Cancelled,
ORD001550,,CUST01001,Pune,21.0,Backpack,Fashion,1,1286.72,13.2,UPI,Cancelled,
ORD001551,2025-09-10,CUST00613,Mumbai,23.0,Water Bottle,Home & Kitchen,1,779.68,11.9,Debit Card,Delivered,3.8
ORD001552,,CUST00881,Delhi,32.0,SQL for Beginners,Books,2,671.51,7.3,UPI,Delivered,2.9
ORD001553,,CUST01814,Surat,23.0,Water Bottle,Home & Kitchen,1,700.27,12.6,Cash on Delivery,Delivered,3.5
ORD001554,,CUST01386,Mysuru,18.0,Face Wash,Beauty,4,388.18,15.0,Debit Card,Delivered,4.1
ORD001555,,CUST01678,Kochi,33.0,Lipstick,Beauty,1,596.54,9.2,UPI,Delivered,
ORD001556,2026-08-04,CUST01438,Kochi,28.0,Unknown,Grocery,2,767.41,5.1,Debit Card,Delivered,5.0
ORD001557,,CUST01365,Kochi,39.0,Skipping Rope,Sports & Fitness,2,284.36,8.0,Debit Card,Cancelled,
ORD001558,,CUST00097,Hyderabad,34.0,Women's Kurti,Fashion,1,994.18,12.1,UPI,Delivered,4.5
ORD001559,,CUST00131,Bengaluru,39.0,Smartwatch,Electronics,1,3447.72,6.4,UPI,Delivered,4.5
ORD001560,2026-12-05,CUST01837,Surat,28.0,Cushion Set,Home & Kitchen,3,771.35,5.3,UPI,Delivered,4.4
ORD001561,2025-05-11,CUST00673,Chennai,27.0,Basmati Rice 5kg,Grocery,1,725.83,4.8,UPI,Delivered,5.0
ORD001562,2025-08-11,CUST00554,Pune,22.0,Cushion Set,Home & Kitchen,1,860.31,7.9, UPI ,Delivered,3.6
ORD001563,,CUST00644,Pune,32.0,Laptop Backpack,Electronics,2,1869.8,4.2,Credit Card,Delivered,3.7
ORD001564,2026-02-03,CUST00970,,27.0,Organic Honey 500g,Grocery,2,459.92,1.8,UPI,Delivered,4.8
ORD001565,,CUST00903,Bengaluru,35.0,Resistance Bands,Sports & Fitness,1,604.47,8.7,Credit Card,Delivered,3.2
ORD001566,,CUST01606,Kolkata,39.0,Cricket Bat,Sports & Fitness,2,2270.7,16.4,UPI,Delivered,3.6
ORD001567,,CUST00479,Surat,18.0,Storage Container Set,Home & Kitchen,2,907.18,12.9,UPI,Delivered,4.3
ORD001568,,CUST00283,Delhi,18.0,Almonds 500g,Grocery,3,505.62,8.9,UPI,Pending,
ORD001569,2025-03-09,CUST00935,Lucknow,31.0,Coffee 500g,Grocery,1,426.25,3.9,Cash on Delivery,Delivered,4.0
ORD001570,2026-02-03,CUST02008,Bengaluru,30.0,Bedsheet Set,Home & Kitchen,2,1752.58,6.9,Credit Card,Delivered,
ORD001571,2026-12-08,CUST01250,Kolkata,19.0,Machine Learning Basics,Books,1,849.68,13.7,Cash on Delivery,Delivered,
ORD001572,,CUST00194,Ahmedabad,22.0,Water Bottle,Home & Kitchen,1,641.6,10.8,Credit Card,Cancelled,
ORD001573,,CUST00204,Hyderabad,23.0,Gym Gloves,Sports & Fitness,1,508.95,4.4,UPI,Delivered,5.0
ORD001574,2026-05-08,CUST01036,Chennai,30.0,Atomic Habits,Books,2,595.07,11.6,Net Banking,Delivered,4.2
ORD001575,2026-08-07,CUST01617,Delhi,39.0,Bedsheet Set,Home & Kitchen,2,1816.49,6.1,UPI,Delivered,5.0
ORD001576,,CUST00815,Ahmedabad,43.0,Non-Stick Fry Pan,Home & Kitchen,1,1256.07,15.1,Debit Card,Delivered,3.9
ORD001577,,CUST00521,Jaipur,36.0,Cotton T-Shirt,Fashion,1,695.77,6.0,UPI,Delivered,4.8
ORD001578,,CUST01092,Kolkata,40.0,Saree,Fashion,2,2162.61,6.8,UPI,Delivered,4.0
ORD001579,,CUST01272,Hyderabad,18.0,Football,Sports & Fitness,1,848.26,8.8,UPI,Delivered,4.6
ORD001580,2026-02-06,CUST01748,Mumbai,21.0,Coffee 500g,Grocery,1,465.04,12.8,UPI,Delivered,5.0
ORD001581,2026-10-01,CUST00433,Delhi,29.0,Wireless Earbuds,Electronics,1,2619.75,12.6,UPI,Delivered,3.8
ORD001582,,CUST02036,Mysuru,32.0,Women's Kurti,Fashion,1,1030.71,4.0,Credit Card,Cancelled,
ORD001583,2026-02-04,CUST00092,Chennai,30.0,Machine Learning Basics,Books,1,874.89,2.6,UPI,Delivered,
ORD001584,,CUST01236,Chennai,,Wireless Earbuds,Electronics,1,2545.55,15.4,UPI,Delivered,4.3
ORD001585,2026-07-05,CUST01629,Kolkata,41.0,Sunscreen SPF 50,Beauty,1,716.35,8.4,Debit Card,Delivered,3.6
ORD001586,2026-02-05,CUST01263,Surat,24.0,Laptop Backpack,Electronics,1,1826.85,1.6,Debit Card,Cancelled,
ORD001587,2026-11-07,CUST01226,Chandigarh,25.0,USB-C Fast Charger,Electronics,2,898.67,14.1,Net Banking,Delivered,4.2
ORD001588,,CUST01149,Hyderabad,25.0,Yoga Mat,Sports & Fitness,1,808.04,19.0,UPI,Delivered,4.5
ORD001589,,CUST00450,Kochi,42.0,Yoga Mat,Sports & Fitness,3,832.1,7.5,Credit Card,Returned,3.7
ORD001590,,CUST00456,Surat,29.0,Running Shoes,Fashion,1,2509.94,11.6,Wallet,Delivered,4.0
ORD001591,2026-01-01,CUST00068,Kolkata,34.0,Sunscreen SPF 50,Beauty,2,685.76,6.9,UPI,Returned,2.3
ORD001592,2025-06-10,CUST00717,Chennai,29.0,Moisturizer,Beauty,2,643.35,8.9,Credit Card,Delivered,3.3
ORD001593,,CUST01147,Jaipur,29.0,Protein Oats 1kg,Grocery,1,386.96,5.2,Wallet,Cancelled,
ORD001594,,CUST01220,Hyderabad,,Yoga Mat,Sports & Fitness,1,794.03,0.0,UPI,Delivered,4.2
ORD001595,,CUST00329,Jaipur,31.0,Sunscreen SPF 50,Beauty,2,665.46,8.8,UPI,Cancelled,
ORD001596,,CUST01841,Lucknow,23.0,Yoga Mat,Sports & Fitness,1,804.91,8.7,Debit Card,Delivered,4.0
ORD001597,,CUST01896,Pune,31.0,Denim Jeans,Fashion,1,1818.1,10.2,Net Banking,Delivered,3.5
ORD001598,,CUST01825,Hyderabad,27.0,Water Bottle,Home & Kitchen,3,713.82,12.6,Cash on Delivery,Pending,
ORD001599,,CUST01281,Delhi,32.0,Cotton T-Shirt,Fashion,3,730.52,13.7,Debit Card,Delivered,3.9
ORD001600,2026-02-01,CUST00833,Jaipur,,Resistance Bands,Sports & Fitness,1,547.93,3.2,Debit Card,Delivered,4.7
ORD001601,2026-12-05,CUST00230,Bengaluru,27.0,Face Wash,Beauty,3,418.65,7.8,Credit Card,Delivered,3.3
ORD001602,,CUST01704,Ahmedabad,27.0,Data Structures,Books,1,777.46,3.4,Credit Card,Delivered,4.3
ORD001603,2025-05-12,CUST00923,Mumbai,34.0,Basmati Rice 5kg,Grocery,1,735.56,14.1,UPI,Delivered,4.4
ORD001604,2025-07-10,CUST01126,Lucknow,28.0,SQL for Beginners,Books,1,655.74,8.0,Credit Card,Pending,
ORD001605,2025-02-09,CUST01118,Kochi,51.0,Power Bank 20000mAh,Electronics,2,1556.1,12.6,Debit Card,Delivered,4.1
ORD001606,2025-03-11,CUST01291,Chandigarh,36.0,Python Programming,Books,2,703.28,15.4,Debit Card,Delivered,5.0
ORD001607,,CUST01106,Surat,30.0,Wireless Earbuds,Electronics,2,2309.41,1.1,UPI,Delivered,3.7
ORD001608,,CUST00118,Mysuru,34.0,Lipstick,Beauty,3,575.86,9.9,Net Banking,Delivered,3.4
ORD001609,,CUST01425,Kolkata,26.0,Organic Honey 500g,Grocery,1,441.72,4.2,Cash on Delivery,Delivered,3.7
ORD001610,2026-01-07,CUST00403, Pune ,30.0,Backpack,Fashion,2,1285.52,8.3,UPI,Delivered,4.2
ORD001611,2026-09-02,CUST01056,Kolkata,32.0,Laptop Backpack,Electronics,2,1755.91,12.0,Credit Card,Delivered,4.6
ORD001612,2025-10-11,CUST01365,Kochi,39.0,Dumbbell Set 10kg,Sports & Fitness,1,1863.34,5.7,UPI,Delivered,5.0
ORD001613,2025-08-10,CUST00464,Bengaluru,18.0,Cooking Oil 5L,Grocery,1,853.75,9.4,UPI,Delivered,3.8
ORD001614,2026-04-07,CUST00539,Bengaluru,20.0,Indian History,Books,2,567.89,10.1,Credit Card,Delivered,2.6
ORD001615,,CUST01518,Kolkata,34.0,Non-Stick Fry Pan,Home & Kitchen,2,1270.17,2.4,Credit Card,Delivered,4.6
ORD001616,2026-08-03,CUST01714,Pune,50.0,Coffee 500g,Grocery,1,419.47,5.8,Credit Card,Delivered,
ORD001617,2025-08-11,CUST00414,Bengaluru,30.0,Yoga Mat,Sports & Fitness,1,858.36,5.9,UPI,Delivered,5.0
ORD001618,2026-03-03,CUST00110,Kochi,26.0,Skipping Rope,Sports & Fitness,2,296.62,,Debit Card,Delivered,4.7
ORD001619,,CUST00737,Jaipur,39.0,Cushion Set,Home & Kitchen,2,782.18,5.0,Net Banking,Delivered,2.9
ORD001620,2026-04-06,CUST02039,Surat,41.0,Coffee 500g,Grocery,1,425.5,6.1,UPI,Delivered,4.1
ORD001621,2026-06-02,CUST01748,Mumbai,21.0,Storage Container Set,Home & Kitchen,1,936.74,5.3,UPI,Delivered,3.2
ORD001622,,CUST00828,Lucknow,21.0,Cooking Oil 5L,Grocery,5,740.15,6.6,UPI,Returned,2.4
ORD001623,,CUST00060,Delhi,33.0,Basmati Rice 5kg,Grocery,2,774.67,8.7,Credit Card,Delivered,3.8
ORD001624,,CUST01760,Hyderabad,33.0,Lipstick,Beauty,1,629.55,7.5,UPI,Delivered,
ORD001625,,CUST01576,Delhi,,Water Bottle,Home & Kitchen,1,682.06,3.2,UPI,Delivered,3.8
ORD001626,2026-08-05,CUST00933,Delhi,,Cycling Helmet,Sports & Fitness,1,1694.52,8.2,UPI,Delivered,
ORD001627,,CUST01792,Ahmedabad,35.0,Sports Track Pants,Fashion,1,1217.52,12.3,Credit Card,Delivered,
ORD001628,2026-06-05,CUST00893,Delhi,31.0,Cotton T-Shirt,Fashion,2,714.12,9.6,UPI,Delivered,4.0
ORD001629,,CUST01261,Kolkata,20.0,Bedsheet Set,Home & Kitchen,1,1550.34,14.1,Credit Card,Delivered,4.3
ORD001630,,CUST01772,Lucknow,37.0,USB-C Fast Charger,Electronics,1,1026.94,9.0,Cash on Delivery,Delivered,3.1
ORD001631,,CUST00194,Ahmedabad,22.0,Atomic Habits,Books,2,584.39,12.4,Debit Card,Delivered,
ORD001632,,CUST00005,Delhi,30.0,Denim Jeans,Fashion,2,1888.31,6.2,Debit card ,Delivered,4.3
ORD001633,,CUST00006,Kochi,25.0,USB-C Fast Charger,Electronics,2,915.89,12.4,Credit Card,Cancelled,
ORD001634,,CUST00618,Pune,39.0,Skipping Rope,Sports & Fitness,1,285.24,7.3,Net Banking,Pending,
ORD001635,,CUST00610,Chennai,43.0,1080p Webcam,Electronics,1,2330.18,9.9,UPI,Delivered,4.9
ORD001636,2026-02-02,CUST00994,Bengaluru,28.0,Basmati Rice 5kg,Grocery,1,786.75,10.3,UPI,Delivered,4.5
ORD001637,,CUST01143,Delhi,30.0,Cooking Oil 5L,Grocery,2,862.74,12.6,UPI,Delivered,3.5
ORD001638,2025-12-09,CUST01816,Delhi,31.0,Water Bottle,Home & Kitchen,2,708.96,12.2,UPI,Delivered,3.4
ORD001639,2025-05-09,CUST00613,Mumbai,23.0,Non-Stick Fry Pan,Home & Kitchen,2,1240.33,5.5,UPI,Returned,2.2
ORD001640,,CUST01612,Delhi,23.0,Body Lotion,Beauty,3,453.46,10.7,Cash on Delivery,Delivered,3.7
ORD001641,,CUST01350,Chennai,22.0,Backpack,Fashion,2,1275.87,10.8,UPI,Delivered,4.5
ORD001642,2026-08-05,CUST01496,Mumbai,30.0,Almonds 500g,Grocery,3,549.29,12.1,Credit Card,Delivered,4.9
ORD001643,,CUST01466,Pune,27.0,Rich Dad Poor Dad,Books,2,512.05,16.1,Net Banking,Delivered,5.0
ORD001644,,CUST01555,Chandigarh,34.0,Sports Track Pants,Fashion,1,1230.29,14.1,UPI,Cancelled,
ORD001645,,CUST00743,Chennai,36.0,Men's Casual Shirt,Fashion,2,1085.1,4.2,UPI,Delivered,5.0
ORD001646,,CUST00856,Kochi,39.0,Men's Casual Shirt,Fashion,1,1165.75,6.5,UPI,Delivered,3.8
ORD001647,,CUST00477,Lucknow,43.0,USB-C Fast Charger,Electronics,2,1048.84,19.7,UPI,Delivered,4.3
ORD001648,,CUST01235,Ahmedabad,34.0,Backpack,Fashion,2,1311.19,6.9,Debit Card,Delivered,4.9
ORD001649,,CUST01396,Mumbai,33.0,Women's Kurti,Fashion,2,949.08,7.4,Net Banking,Delivered,4.6
ORD001650,,CUST00218,Delhi,23.0,Lipstick,Beauty,2,590.57,11.8,Cash on Delivery,Cancelled,
ORD001651,,CUST00022,Hyderabad,21.0,Basmati Rice 5kg,Grocery,1,723.18,14.9,Debit Card,Cancelled,
ORD001652,,CUST00973,Pune,31.0,Water Bottle,Home & Kitchen,1,716.83,6.1,UPI,Delivered,4.5
ORD001653,2026-02-06,CUST00027,Bengaluru,36.0,Cotton T-Shirt,Fashion,3,700.92,8.1,UPI,Delivered,4.8
ORD001654,2025-10-11,CUST01646,Mangaluru,27.0,Storage Container Set,Home & Kitchen,3,875.42,12.3,Net Banking,Delivered,3.8
ORD001655,2026-06-02,CUST00490,Ahmedabad,42.0,Men's Casual Shirt,Fashion,1,1202.66,9.0,Cash on Delivery,Delivered,5.0
ORD001656,,CUST00194,Ahmedabad,22.0,Backpack,Fashion,1,1311.31,6.0,UPI,Delivered,3.1
ORD001657,,CUST01656,Bengaluru,18.0,Unknown,Sports & Fitness,1,833.13,6.7,Debit Card,Delivered,4.0
ORD001658,,CUST00316,Chandigarh,18.0,Sports Track Pants,Fashion,3,1244.56,9.4,Cash on Delivery,Delivered,3.9
ORD001659,,CUST00930,Surat,30.0,Cotton T-Shirt,Fashion,3,649.21,9.0,Debit Card,Delivered,5.0
ORD001660,,CUST00872,Hyderabad,46.0,Water Bottle,Home & Kitchen,2,690.01,7.7,UPI,Delivered,4.0
ORD001661,,CUST00813,Bengaluru,26.0,Power Bank 20000mAh,Electronics,2,1488.6,9.0,Cash on Delivery,Delivered,4.9
ORD001662,,CUST00091,Chandigarh,29.0,Moisturizer,Beauty,1,628.08,13.4,Credit Card,Delivered,
ORD001663,,CUST01910,Lucknow,33.0,Cushion Set,Home & Kitchen,1,782.48,6.7,Net Banking,Delivered,3.8
ORD001664,,CUST01535,Ahmedabad,38.0,Dry Fruits Mix 500g,Grocery,2,559.33,9.3,Credit Card,Delivered,4.1
ORD001665,,CUST01535,Ahmedabad,38.0,Resistance Bands,Sports & Fitness,2,583.86,11.1,UPI,Delivered,4.0
ORD001666,,CUST01236,Chennai,41.0,Women's Kurti,Fashion,1,1023.19,12.9,Cash on Delivery,Delivered,5.0
ORD001667,2026-02-02,CUST00719,Kolkata,18.0,Running Shoes,Fashion,1,2299.76,13.9,UPI,Delivered,4.0
ORD001668,2025-04-10,CUST01558,Mumbai,28.0,Cushion Set,Home & Kitchen,2,875.62,9.5,Debit Card,Delivered,3.3
ORD001669,2025-01-09,CUST01053,Delhi,30.0,Men's Casual Shirt,Fashion,1,1246.29,3.8,Cash on Delivery,Returned,3.2
ORD001670,,CUST01790,Kolkata,34.0,Data Structures,Books,2,841.04,9.3,Credit Card,Cancelled,
ORD001671,,CUST01807,Chennai,42.0,Electric Kettle,Home & Kitchen,2,1495.66,10.1,UPI,Delivered,5.0
ORD001672,2025-03-09,CUST01076,Ahmedabad,32.0,Backpack,Fashion,3,1192.31,11.4,UPI,Delivered,4.3
ORD001673,,CUST00845,Surat,20.0,Yoga Mat,Sports & Fitness,2,743.95,10.8,UPI,Delivered,4.0
ORD001674,2025-05-11,CUST01258,Delhi,40.0,Cooking Oil 5L,Grocery,3,768.17,13.7,Net Banking,Delivered,
ORD001675,2025-04-09,CUST00651,Kolkata,37.0,Coffee 500g,Grocery,1,446.51,2.3,Cash on Delivery,Cancelled,
ORD001676,,CUST00716,Pune,34.0,Bedsheet Set,Home & Kitchen,2,1638.55,11.7,Debit Card,Delivered,3.5
ORD001677,2026-02-02,CUST00973,Pune,31.0,Resistance Bands,Sports & Fitness,1,601.82,6.1,UPI,Delivered,4.4
ORD001678,2025-10-12,CUST00715,Ahmedabad,35.0,Hair Serum,Beauty,2,504.54,7.9,Net Banking,Delivered,4.5
ORD001679,,CUST00194,Ahmedabad,22.0,Coffee 500g,Grocery,1,394.81,14.7,UPI,Delivered,4.0
ORD001680,,CUST01271,Mumbai,25.0,Backpack,Fashion,1,1341.24,2.4,Credit Card,Delivered,2.8
ORD001681,,CUST00047,Hyderabad,33.0,Rich Dad Poor Dad,Books,1,512.33,13.3,Wallet,Delivered,4.5
ORD001682,,CUST02005,,41.0,Rich Dad Poor Dad,Books,2,525.36,4.1,Credit Card,Delivered,
ORD001683,,CUST01584,Bengaluru,29.0,Python Programming,Books,2,707.9,14.3,Cash on Delivery,Delivered,5.0
ORD001684,,CUST00411,Chennai,38.0,Electric Kettle,Home & Kitchen,1,1626.92,10.0,Debit Card,Delivered,
ORD001685,,CUST01085,,25.0,Women's Kurti,Fashion,2,1007.69,5.6,Cash on Delivery,Delivered,3.8
ORD001686,2025-02-10,CUST00524,Hyderabad,35.0,Gym Gloves,Sports & Fitness,2,514.38,11.8,UPI,Delivered,4.2
ORD001687,,CUST01168,Mumbai,33.0,,Sports & Fitness,3,944.59,8.5,Cash on Delivery,Delivered,4.5
ORD001688,2026-02-03,CUST00820,Pune,18.0,Backpack,Fashion,2,1332.2,9.6,Credit Card,Delivered,4.9
ORD001689,2026-03-08,CUST01810,Kolkata,35.0,Power Bank 20000mAh,Electronics,1,1556.33,19.6,Debit Card,Delivered,
ORD001690,2025-12-09,CUST00449, Ahmedabad ,30.0,Cotton T-Shirt,Fashion,2,696.0,3.6,Cash on Delivery,Delivered,3.7
ORD001691,,CUST00135,Pune,30.0,USB-C Fast Charger,Electronics,2,983.44,7.8,UPI,Delivered,4.2
ORD001692,,CUST01094,Hyderabad,33.0,Men's Casual Shirt,Fashion,2,1139.29,10.9,UPI,Delivered,5.0
ORD001693,2026-08-08,CUST01366,Hyderabad,25.0,Atomic Habits,Books,2,589.56,9.3,Cash on Delivery,Delivered,5.0
ORD001694,,CUST00117,Mysuru,19.0,Men's Casual Shirt,Fashion,1,1179.9,10.0,Net Banking,Delivered,4.3
ORD001695,,CUST01132,Bengaluru,31.0,Face Wash,Beauty,1,391.69,13.0,Wallet,Delivered,4.2
ORD001696,2026-01-06,CUST00460,Hyderabad,27.0,Cricket Bat,Sports & Fitness,1,2301.54,7.7,UPI,Delivered,4.7
ORD001697,,CUST00222,Pune,28.0,Laptop Backpack,Electronics,1,1879.26,10.3,Debit Card,Delivered,3.8
ORD001698,,CUST01777,Kochi,24.0,USB-C Fast Charger,Electronics,2,973.89,9.6,Debit Card,Delivered,3.3
ORD001699,,CUST00304,Chennai ,48.0,Skipping Rope,Sports & Fitness,1,312.04,10.5,Wallet,Delivered,2.6
ORD001700,,CUST01482,Kochi,38.0,Cotton T-Shirt,Fashion,1,718.22,11.0,UPI,Delivered,3.9
ORD001701,2026-05-08,CUST00047,Hyderabad,33.0,Resistance Bands,Sports & Fitness,2,625.9,3.3,UPI,Delivered,5.0
ORD001702,,CUST00916,Chennai,53.0,Indian History,Books,3,525.14,16.9,UPI,Cancelled,
ORD001703,2025-11-11,CUST00302,Ahmedabad,24.0,Dry Fruits Mix 500g,Grocery,2,577.36,10.0,Debit Card,Pending,
ORD001704,,CUST00848,Hyderabad,18.0,Smartwatch,Electronics,2,3247.45,12.3,UPI,Delivered,3.9
ORD001705,,CUST00205,Bengaluru,30.0,Electric Kettle,Home & Kitchen,2,1543.74,13.9,UPI,Delivered,5.0
ORD001706,2026-01-01,CUST01494,Ahmedabad,36.0,Backpack,Fashion,2,1201.44,6.6,UPI,Pending,
ORD001707,,CUST01651,Pune,20.0,Indian History,Books,2,557.25,9.2,Debit Card,Delivered,5.0
ORD001708,,CUST01468,Chennai,30.0,Mixer Grinder,Home & Kitchen,2,3591.37,6.9,Cash on Delivery,Delivered,
ORD001709,,CUST00820,Pune,18.0,Storage Container Set,Home & Kitchen,1,884.83,8.3,UPI,Delivered,4.0
ORD001710,,CUST00618,Pune,39.0,Hair Serum,Beauty,1,515.48,15.8,Net Banking,Delivered,3.6
ORD001711,,CUST00765,Mysuru,26.0,Basmati Rice 5kg,Grocery,1,703.29,4.4,Wallet,Delivered,3.6
ORD001712,2025-08-10,CUST00364,Bengaluru,42.0,Power Bank 20000mAh,Electronics,1,1567.0,10.7,Net Banking,Delivered,4.9
ORD001713,,CUST00088,Mumbai,34.0,Women's Kurti,Fashion,1,974.51,14.4,Cash on Delivery,Delivered,5.0
ORD001714,2026-11-05,CUST00690,Mangaluru,37.0,Wireless Earbuds,Electronics,1,2266.32,12.6,UPI,Delivered,4.8
ORD001715,,CUST01597,Kochi,30.0,Moisturizer,Beauty,1,660.5,11.9,Wallet,Delivered,4.0
ORD001716,,CUST01858,Kochi,38.0,Bedsheet Set,Home & Kitchen,2,1716.28,7.4,Wallet,Cancelled,
ORD001717,,CUST00062,Surat,29.0,Women's Kurti,Fashion,2,976.9,12.9,UPI,Delivered,3.5
ORD001718,,CUST00424,Bengaluru,39.0,Resistance Bands,Sports & Fitness,3,590.18,15.1,UPI,Delivered,4.1
ORD001719,2026-09-02,CUST01004,Delhi,22.0,Women's Kurti,Fashion,2,1009.08,13.7,UPI,Delivered,3.9
ORD001720,2026-07-03,CUST00133,Bengaluru,27.0,Women's Kurti,Fashion,1,1036.04,12.1,Credit Card,Delivered,2.2
ORD001721,,CUST00222,Pune,28.0,Competitive Aptitude,Books,2,457.15,5.5,UPI,Cancelled,
ORD001722,,CUST01132,Bengaluru,31.0,SQL for Beginners,Books,2,680.94,4.8,UPI,Delivered,5.0
ORD001723,,CUST01047,Jaipur,23.0,Smartwatch,Electronics,2,3143.74,8.9,Debit Card,Delivered,5.0
ORD001724,,CUST00494,Mumbai,28.0,Wireless Earbuds,Electronics,1,2568.31,6.4,UPI,Cancelled,
ORD001725,,CUST00160,Ahmedabad,38.0,Bedsheet Set,Home & Kitchen,2,1624.31,13.7,UPI,Delivered,4.1
ORD001726,,CUST00943,Lucknow,44.0,Smartwatch,Electronics,1,3212.36,10.3,UPI,Delivered,
ORD001727,,CUST00883,Hyderabad,23.0,Storage Container Set,Home & Kitchen,2,864.06,8.7,UPI,Delivered,3.6
ORD001728,2026-11-01,CUST00523,Surat,40.0,Rich Dad Poor Dad,Books,1,470.55,1.4,Net Banking,Delivered,4.6
ORD001729,,CUST00933,Delhi,36.0,Cotton T-Shirt,Fashion,2,738.29,2.1,Cash on Delivery,Delivered,1.4
ORD001730,2026-03-07,CUST01559,Lucknow,42.0,USB-C Fast Charger,Electronics,2,960.51,4.6,Credit Card,Delivered,3.6
ORD001731,,CUST00249,Chennai,35.0,Cooking Oil 5L,Grocery,1,772.17,13.7,UPI,Delivered,4.3
ORD001732,,CUST01473,Mysuru,30.0,Cooking Oil 5L,Grocery,2,808.87,10.2,UPI,Delivered,3.1
ORD001733,,CUST01770,Jaipur,28.0,Resistance Bands,Sports & Fitness,2,563.28,11.2,Wallet,Delivered,4.7
ORD001734,,CUST00005,Delhi,30.0,Rich Dad Poor Dad,Books,2,499.21,5.7,Net Banking,Cancelled,
ORD001735,,CUST01406,Delhi,28.0,Denim Jeans,Fashion,3,1805.56,16.7,UPI,Delivered,
ORD001736,,CUST01405,Pune,21.0,Water Bottle,Home & Kitchen,1,706.52,13.0,,Delivered,
ORD001737,,CUST00012,Chennai,37.0,Shampoo,Beauty,3,545.09,11.2,UPI,Delivered,3.7
ORD001738,,CUST00823,Bengaluru,27.0,Cotton T-Shirt,Fashion,2,670.32,12.0,Net Banking,Delivered,4.6
ORD001739,,CUST00999,Hyderabad,33.0,Cooking Oil 5L,Grocery,1,844.08,12.6,Debit Card,Delivered,3.2
ORD001740,,CUST00634,Delhi,44.0,Men's Casual Shirt,Fashion,3,1245.4,8.6,Cash on Delivery,Delivered,
ORD001741,2026-12-02,CUST01253,Pune,35.0,Laptop Backpack,Electronics,1,1948.36,9.3,UPI,Delivered,4.2
ORD001742,,CUST00119,Kolkata,33.0,Skipping Rope,Sports & Fitness,2,304.23,8.1,Debit Card,Cancelled,
ORD001743,,CUST01780,Mumbai,27.0,Perfume,Beauty,1,1347.77,14.0,UPI,Delivered,4.3
ORD001744,,CUST00886,Delhi,18.0,Running Shoes,Fashion,3,2572.05,8.7,UPI,Delivered,5.0
ORD001745,,CUST00012,Chennai,37.0,Moisturizer,Beauty,2,575.94,11.1,Credit Card,Delivered,5.0
ORD001746,2025-12-11,CUST01248,Bengaluru,22.0,Competitive Aptitude,Books,1,472.31,17.5,cash on delivery,Delivered,4.3
ORD001747,,CUST00367,Surat,33.0,Laptop Backpack,Electronics,1,1909.85,13.7,Credit Card,Delivered,3.7
ORD001748,,CUST00523,Surat,40.0,Competitive Aptitude,Books,1,456.34,7.1,UPI,Cancelled,
ORD001749,,CUST01565,Mumbai,31.0,USB-C Fast Charger,Electronics,2,1067.87,5.6,Wallet,Delivered,4.6
ORD001750,,CUST00130,Mysuru,29.0,Green Tea 100 Bags,Grocery,1,353.94,8.6,UPI,Delivered,4.9
ORD001751,,CUST01554,Kolkata,35.0,Yoga Mat,Sports & Fitness,1,757.65,3.6,Debit Card,Delivered,3.5
ORD001752,,CUST01629,Kolkata,41.0,Organic Honey 500g,Grocery,4,433.1,9.5,Debit Card,Delivered,
ORD001753,2026-05-01,CUST01829,Surat,45.0,Gym Gloves,Sports & Fitness,1,482.83,15.8,Credit Card,Returned,1.3
ORD001754,2026-01-04,CUST01153,Pune,36.0,Organic Honey 500g,Grocery,2,441.85,14.0,Wallet,Delivered,
ORD001755,,CUST00934,Chennai,19.0,Mixer Grinder,Home & Kitchen,3,3452.81,7.6,Debit Card,Pending,
ORD001756,,CUST00110,Kochi,26.0,Gym Gloves,Sports & Fitness,2,513.97,8.4,Debit Card,Delivered,4.7
ORD001757,,CUST01950,Kochi,24.0,Football,Sports & Fitness,1,831.65,4.5,Credit Card,Delivered,3.8
ORD001758,,CUST01969,Hyderabad,34.0,Saree,Fashion,1,2095.54,0.4,Debit Card,Delivered,
ORD001759,,CUST01448,Surat,40.0,Mechanical Keyboard,Electronics,2,3050.45,4.1,Credit Card,Delivered,3.8
ORD001760,2026-06-05,CUST01851,Surat,29.0,Sports Track Pants,Fashion,3,1197.05,6.9,UPI,Delivered,5.0
ORD001761,,CUST00135,,30.0,Backpack,Fashion,2,1287.14,18.5,UPI,Delivered,3.0
ORD001762,2025-02-10,CUST01136,Kochi,33.0,Machine Learning Basics,Books,1,894.8,14.1,Cash on Delivery,Delivered,
ORD001763,,CUST00937,Surat,31.0,Power Bank 20000mAh,Electronics,2,1513.48,5.6,Credit Card,Delivered,5.0
ORD001764,2025-01-10,CUST00244,Jaipur,31.0,Skipping Rope,Sports & Fitness,2,309.89,8.3,Cash on Delivery,Returned,3.3
ORD001765,,CUST01490,Hyderabad,18.0,Almonds 500g,Grocery,1,511.05,5.6,UPI,Delivered,4.9
ORD001766,,CUST00870,Kochi,31.0,Storage Container Set,Home & Kitchen,1,883.18,2.7,Debit Card,Delivered,3.9
ORD001767,2026-03-05,CUST00374,Chandigarh,35.0,Face Wash,Beauty,1,399.2,5.6,Cash on Delivery,Delivered,3.5
ORD001768,,CUST00630,Mysuru,32.0,Non-Stick Fry Pan,Home & Kitchen,1,1252.55,7.2,UPI,Delivered,
ORD001769,,CUST01528,Jaipur,28.0,Hair Serum,Beauty,1,478.86,11.6,UPI,Delivered,4.9
ORD001770,2026-07-02,CUST01449,Surat,38.0,Green Tea 100 Bags,Grocery,2,336.62,6.3,Credit Card,Delivered,3.6
ORD001771,,CUST00047,Hyderabad,33.0,Cooking Oil 5L,Grocery,1,794.98,8.5,Credit Card,Delivered,5.0
ORD001772,,CUST00381,Chennai,35.0,Lipstick,Beauty,1,588.54,9.5,UPI,Delivered,4.8
ORD001773,,CUST01874,Hyderabad,31.0,Dry Fruits Mix 500g,Grocery,1,617.53,13.6,UPI,Delivered,4.9
ORD001774,,CUST00179,Bengaluru,23.0,Football,Sports & Fitness,2,960.18,1.8,Net Banking,Delivered,5.0
ORD001775,,CUST00236,Mysuru,23.0,Sports Track Pants,Fashion,2,1278.74,8.2,UPI,Delivered,4.4
ORD001776,,CUST01408,Delhi,37.0,Shampoo,Beauty,1,542.26,2.1,UPI,Delivered,3.8
ORD001777,,CUST00321,Pune,35.0,Non-Stick Fry Pan,Home & Kitchen,1,1282.37,9.4,Credit Card,Delivered,4.7
ORD001778,,CUST00679,Ahmedabad,46.0,Mechanical Keyboard,Electronics,2,2919.81,6.5,Net Banking,Delivered,3.3
ORD001779,2026-11-05,CUST00711,Bengaluru,18.0,Data Structures,Books,2,822.95,6.9,Debit Card,Cancelled,
ORD001780,2026-07-04,CUST01839,Kochi,41.0,Resistance Bands,Sports & Fitness,2,566.99,7.3,UPI,Delivered,3.8
ORD001781,,CUST00655,Hyderabad,26.0,Dry Fruits Mix 500g,Grocery,4,609.05,3.9,Cash on Delivery,Delivered,4.1
ORD001782,,CUST01210,,31.0,Organic Honey 500g,Grocery,1,431.76,15.4,UPI,Delivered,4.8
ORD001783,,CUST01907,Lucknow,29.0,Coffee 500g,Grocery,2,441.17,5.4,Credit Card,Pending,
ORD001784,,CUST01233,Mumbai,22.0,Yoga Mat,Sports & Fitness,1,797.72,2.3,UPI,Delivered,3.6
ORD001785,,CUST00933,Delhi,36.0,Face Wash,Beauty,2,399.25,10.3,UPI,Delivered,3.8
ORD001786,2025-05-10,CUST01928, Chandigarh ,25.0,USB-C Fast Charger,Electronics,2,1022.12,14.4,Wallet,Delivered,4.9
ORD001787,,CUST01792,Ahmedabad,35.0,Sunscreen SPF 50,Beauty,1,698.73,12.8,UPI,Delivered,4.1
ORD001788,2025-05-10,CUST00131,Bengaluru,39.0,Protein Oats 1kg,Grocery,1,417.21,14.9,Debit Card,Delivered,4.2
ORD001789,2025-07-11,CUST01131,Jaipur,18.0,Sunscreen SPF 50,Beauty,1,720.98,1.3,Credit Card,Delivered,5.0
ORD001790,,CUST00194,Ahmedabad,22.0,Basmati Rice 5kg,Grocery,2,783.91,8.9,UPI,Cancelled,
ORD001791,,CUST00267,Jaipur,36.0,Mechanical Keyboard,Electronics,1,2951.7,9.0,Debit Card,Delivered,3.7
ORD001792,,CUST01102,Mangaluru,32.0,Backpack,Fashion,3,1264.5,5.6,Debit Card,Delivered,4.8
ORD001793,,CUST00596,Ahmedabad,36.0,Men's Casual Shirt,Fashion,2,1205.98,8.5,Debit Card,Returned,3.3
ORD001794,,CUST00447,Pune,24.0,Cushion Set,Home & Kitchen,2,821.46,8.5,Credit Card,Delivered,5.0
ORD001795,2026-02-07,CUST01065,Mysuru,28.0,Resistance Bands,Sports & Fitness,2,610.37,8.8,Credit Card,Delivered,5.0
ORD001796,,CUST01944,Hyderabad,35.0,Power Bank 20000mAh,Electronics,2,1550.53,3.9,Cash on Delivery,Delivered,2.6
ORD001797,,CUST00349,Delhi,18.0,Cotton T-Shirt,Fashion,2,686.46,19.1,Credit Card,Delivered,3.9
ORD001798,2026-06-05,CUST00567,Ahmedabad,23.0,Competitive Aptitude,Books,1,437.04,11.3,Credit Card,Delivered,4.3
ORD001799,,CUST02044,Mumbai,37.0,Backpack,Fashion,2,1417.47,3.0,UPI,Delivered,3.9
ORD001800,,CUST00067,Delhi,35.0,Sports Track Pants,Fashion,2,1326.41,13.1,UPI,Delivered,4.2
ORD001801,,CUST01406,Delhi,28.0,Water Bottle,Home & Kitchen,3,715.03,15.1,UPI,Delivered,4.7
ORD001802,,CUST01341,Kochi,26.0,Resistance Bands,Sports & Fitness,1,588.3,11.7,Cash on Delivery,Delivered,2.9
ORD001803,,CUST00319,Delhi,31.0,Hair Serum,Beauty,1,504.9,9.6,Cash on Delivery,Pending,
ORD001804,,CUST00670,Hyderabad,33.0,Skipping Rope,Sports & Fitness,2,305.7,5.1,Wallet,Delivered,3.4
ORD001805,2026-08-08,CUST00886,Delhi,18.0,Cricket Bat,Sports & Fitness,2,2505.79,6.5,Credit Card,Delivered,5.0
ORD001806,,CUST00618,Pune,39.0,Shampoo,Beauty,3,562.84,7.5,UPI,Delivered,5.0
ORD001807,,CUST00078,Hyderabad,18.0,Indian History,Books,3,571.04,15.6,UPI,Returned,4.3
ORD001808,2026-03-02,CUST01507,Ahmedabad,,Denim Jeans,Fashion,2,1766.03,14.0,Cash on Delivery,Cancelled,
ORD001809,,CUST01914,Mangaluru,40.0,Bluetooth Speaker,Electronics,1,1636.13,9.0,UPI,Delivered,4.5
ORD001810,2026-11-07,CUST00010,Hyderabad,31.0,Basmati Rice 5kg,Grocery,2,804.72,13.9,UPI,Delivered,3.6
ORD001811,,CUST00335,Chennai,30.0,Coffee 500g,Grocery,3,422.54,13.5,Cash on Delivery,Delivered,3.3
ORD001812,,CUST01004,Delhi,22.0,Dumbbell Set 10kg,Sports & Fitness,1,1955.49,4.0,UPI,Delivered,4.3
ORD001813,,CUST01227,Ahmedabad,35.0,SQL for Beginners,Books,1,602.8,5.3,Cash on Delivery,Delivered,4.6
ORD001814,2026-05-07,CUST00709,Delhi,40.0,Wireless Earbuds,Electronics,1,2548.85,10.3,Wallet,Delivered,3.8
ORD001815,,CUST00106,Mumbai,18.0,USB-C Fast Charger,Electronics,2,1053.27,8.1,UPI,Returned,1.7
ORD001816,,CUST01019,Kolkata,35.0,Coffee 500g,Grocery,2,429.0,6.3,Net Banking,Delivered,2.9
ORD001817,,CUST01814,Surat,23.0,Python Programming,Books,3,706.64,4.3,Wallet,Pending,
ORD001818,,CUST01685,Bengaluru,30.0,USB-C Fast Charger,Electronics,2,1018.6,12.6,Credit Card,Delivered,4.0
ORD001819,,CUST01232,Lucknow,36.0,Coffee 500g,Grocery,1,415.06,6.8,UPI,Delivered,5.0
ORD001820,,CUST00588,Jaipur,37.0,Laptop Backpack,Electronics,2,1888.77,5.0,Wallet,Delivered,4.1
ORD001821,2025-04-10,CUST00618,Pune,39.0,Bedsheet Set,Home & Kitchen,2,1708.76,12.3,Net Banking,Delivered,3.8
ORD001822,2026-01-04,CUST01336,Surat,42.0,Rich Dad Poor Dad,Books,1,513.37,7.3,UPI,Delivered,4.6
ORD001823,,CUST01837,Surat,28.0,Cooking Oil 5L,Grocery,1,760.61,12.5,Wallet,Delivered,
ORD001824,,CUST00277,chennai,29.0,Backpack,Fashion,1,1300.08,9.6,UPI,Delivered,4.2
ORD001825,,CUST00624,Chennai,26.0,Data Structures,Books,2,760.73,7.6,Cash on Delivery,Delivered,3.7
ORD001826,,CUST00499,Mysuru,41.0,Python Programming,Books,2,691.38,4.3,UPI,Delivered,3.9
ORD001827,2025-04-10,CUST01204,Chandigarh,38.0,Green Tea 100 Bags,Grocery,1,349.02,12.6,UPI,Delivered,2.8
ORD001828,,CUST01330,Bengaluru,42.0,Basmati Rice 5kg,Grocery,1,739.35,11.8,Credit Card,Cancelled,
ORD001829,,CUST00027,Bengaluru,36.0,Men's Casual Shirt,Fashion,1,1204.51,17.4,UPI,Delivered,4.1
ORD001830,,CUST00651,Kolkata,37.0,Water Bottle,Home & Kitchen,1,691.02,8.7,Net Banking,Delivered,3.9
ORD001831,,CUST01117,Mumbai,28.0,Moisturizer,Beauty,2,651.38,3.2,UPI,Delivered,4.7
ORD001832,2026-06-04,CUST00822,Chandigarh,27.0,Storage Container Set,Home & Kitchen,1,879.58,9.8,Wallet,Delivered,4.1
ORD001833,,CUST00204,Hyderabad,23.0,Hair Serum,Beauty,2,512.8,7.3,UPI,Delivered,
ORD001834,,CUST00898,Surat,28.0,Cotton T-Shirt,Fashion,1,689.42,4.9,UPI,Delivered,4.0
ORD001835,,CUST01477,Jaipur,28.0,Face Wash,Beauty,2,390.83,11.1,Cash on Delivery,Delivered,5.0
ORD001836,,CUST01448,Surat,40.0,Power Bank 20000mAh,Electronics,1,1394.52,10.5,Wallet,Delivered,4.8
ORD001837,,CUST00248,Chennai,57.0,Wireless Earbuds,Electronics,2,2323.89,8.7,Credit Card,Delivered,3.5
ORD001838,,CUST00642,Delhi,25.0,LED Desk Lamp,Home & Kitchen,3,1083.73,7.0,Debit Card,Delivered,3.9
ORD001839,2025-09-09,CUST00698,Chennai,25.0,Dumbbell Set 10kg,Sports & Fitness,2,1944.03,4.5,UPI,Delivered,4.4
ORD001840,2026-08-08,CUST00329,Jaipur,31.0,Organic Honey 500g,Grocery,4,446.88,11.6,UPI,Delivered,3.8
ORD001841,,CUST00692,Mangaluru,36.0,Atomic Habits,Books,2,588.2,14.2,Credit Card,Pending,
ORD001842,,CUST00755,Chandigarh,29.0,Cotton T-Shirt,Fashion,2,702.57,6.0,Debit Card,Delivered,3.6
ORD001843,2026-12-01,CUST01772,Lucknow,37.0,Wireless Earbuds,Electronics,2,2409.51,10.0,Cash on Delivery,Delivered,3.4
ORD001844,2025-08-10,CUST01308,Ahmedabad,36.0,Saree,Fashion,2,2149.06,21.5,UPI,Delivered,4.3
ORD001845,,CUST00709,Delhi,40.0,Rich Dad Poor Dad,Books,1,491.02,10.3,Debit Card,Delivered,3.3
ORD001846,,CUST00499,Mysuru,41.0,Bluetooth Speaker,Electronics,2,1818.34,12.3,Wallet,Delivered,4.4
ORD001847,,CUST01548,Ahmedabad,32.0,USB-C Fast Charger,Electronics,2,1007.76,13.2,Debit Card,Delivered,4.5
ORD001848,2026-01-08,CUST01611,Chandigarh,31.0,Shampoo,Beauty,1,537.71,7.5,Debit Card,Returned,4.7
ORD001849,,CUST01252,Kochi,31.0,Gym Gloves,Sports & Fitness,2,522.33,6.2,Credit Card,Delivered,3.8
ORD001850,2026-03-07,CUST01508,Mysuru,36.0,Yoga Mat,Sports & Fitness,1,798.38,10.5,UPI,Delivered,3.8
ORD001851,2026-05-02,CUST00820,Pune,18.0,Mechanical Keyboard,Electronics,1,2949.16,14.7,UPI,Delivered,4.1
ORD001852,,CUST01914,Mangaluru,40.0,Atomic Habits,Books,3,606.62,5.7,UPI,Delivered,4.3
ORD001853,2025-06-09,CUST00351,Mumbai,24.0,Power Bank 20000mAh,Electronics,2,1592.69,11.8,UPI,Delivered,4.0
ORD001855,2026-05-08,CUST00494,Mumbai,28.0,Dumbbell Set 10kg,Sports & Fitness,2,2105.24,6.4,Net Banking,Delivered,
ORD001856,,CUST00671,Chennai,18.0,Denim Jeans,Fashion,1,1723.08,10.1,Credit Card,Delivered,4.1
ORD001857,,CUST01376,Chandigarh,25.0,Organic Honey 500g,Grocery,1,421.3,13.6,Wallet,Delivered,3.7
ORD001858,,CUST01764,Surat,18.0,Cushion Set,Home & Kitchen,1,735.79,2.6,UPI,Delivered,3.8
ORD001859,,CUST01919,,23.0,Cotton T-Shirt,Fashion,1,692.35,13.2,Cash on Delivery,Delivered,4.5
ORD001860,,CUST00289,Lucknow,34.0,Wireless Earbuds,Electronics,1,2511.38,0.4,UPI,Delivered,3.7
ORD001861,,CUST01027,Lucknow,37.0,Football,Sports & Fitness,3,865.05,11.6,UPI,Delivered,5.0
ORD001862,2026-12-08,CUST01611,Chandigarh,31.0,Laptop Backpack,Electronics,1,1826.46,9.1,Credit Card,Delivered,4.8
ORD001863,2025-08-10,CUST00304,Chennai,48.0,Basmati Rice 5kg,Grocery,1,748.57,13.0,UPI,Pending,
ORD001864,,CUST01924,Mumbai,24.0,Non-Stick Fry Pan,Home & Kitchen,3,1390.93,17.0,Credit Card,Cancelled,
ORD001865,2026-08-03,CUST00333,Bengaluru,29.0,Skipping Rope,Sports & Fitness,2,300.26,10.7,Wallet,Returned,3.6
ORD001866,,CUST01676,Delhi,23.0,Bedsheet Set,Home & Kitchen,3,1805.02,5.8,Debit Card,Delivered,3.5
ORD001867,,CUST01334,Hyderabad,43.0,Women's Kurti,Fashion,2,953.29,13.6,Credit Card,Delivered,4.8
ORD001868,2025-11-11,CUST00155,Chennai,24.0,USB-C Fast Charger,Electronics,2,962.83,8.9,Wallet,Delivered,2.9
ORD001869,,CUST01417,Hyderabad,24.0,Resistance Bands,Sports & Fitness,1,596.48,10.1,UPI,Delivered,4.1
ORD001870,,CUST01590,Bengaluru,23.0,Sports Track Pants,Fashion,1,1315.55,13.5,Credit Card,Returned,2.3
ORD001871,,CUST00855,Lucknow,41.0,Python Programming,Books,1,695.91,7.5,Debit Card,Delivered,3.0
ORD001872,2025-06-11,CUST01528,Jaipur,28.0,Perfume,Beauty,1,1291.59,9.9,Credit Card,Delivered,4.2
ORD001873,,CUST00822,Chandigarh,27.0,Power Bank 20000mAh,Electronics,1,1544.08,12.6,Cash on Delivery,Delivered,4.3
ORD001874,,CUST01953,Surat,19.0,Mechanical Keyboard,Electronics,1,2899.39,1.9,,Delivered,2.5
ORD001875,,CUST01451,Pune,26.0,Python Programming,Books,1,734.26,3.0,Net Banking,Delivered,3.8
ORD001876,,CUST00418,Chandigarh,35.0,Saree,Fashion,1,1957.22,16.8,UPI,Delivered,4.4
ORD001877,2026-03-04,CUST00087,Mumbai,22.0,Mixer Grinder,Home & Kitchen,3,3533.85,9.7,Wallet,Delivered,3.3
ORD001878,,CUST00650,Mangaluru,31.0,Women's Kurti,Fashion,1,952.81,14.9,Debit Card,Delivered,3.2
ORD001879,,CUST01264,Kolkata,25.0,Atomic Habits,Books,2,571.55,6.8,Wallet,Delivered,3.3
ORD001880,,CUST00423,Kochi,20.0,Machine Learning Basics,Books,2,948.61,11.7,UPI,Delivered,4.7
ORD001881,2026-09-02,CUST00569,Bengaluru,18.0,Cooking Oil 5L,Grocery,1,834.34,5.3,Wallet,Delivered,3.8
ORD001882,,CUST01128,Kochi,30.0,Cooking Oil 5L,Grocery,2,763.67,8.3,Wallet,Cancelled,
ORD001883,,CUST02026,Chandigarh,25.0,Cotton T-Shirt,Fashion,1,658.47,1.9,UPI,Pending,
ORD001884,2026-07-08,CUST00636,Mysuru,30.0,Data Structures,Books,1,755.49,5.1,Credit Card,Delivered,2.9
ORD001885,,CUST01236,Chennai,41.0,Cushion Set,Home & Kitchen,2,835.16,9.7,Cash on Delivery,Delivered,4.3
ORD001886,,CUST00700,Mumbai,20.0,Wireless Earbuds,Electronics,2,2611.03,7.6,Debit Card,Delivered,3.9
ORD001887,,CUST00093,Bengaluru,18.0,Almonds 500g,Grocery,1,523.91,9.2,UPI,Cancelled,
ORD001888,2026-06-07,CUST00837,Ahmedabad,27.0,Data Structures,Books,1,818.8,6.9,UPI,Returned,1.6
ORD001889,,CUST00630,Mysuru,32.0,Dumbbell Set 10kg,Sports & Fitness,3,2081.25,2.7,UPI,Delivered,4.4
ORD001890,,CUST01405,Pune,21.0,USB-C Fast Charger,Electronics,1,1034.11,8.7,UPI,Delivered,4.3
ORD001891,,CUST01079,Hyderabad,29.0,Skipping Rope,Sports & Fitness,1,304.94,0.0,UPI,Delivered,3.7
ORD001892,2025-03-11,CUST01969,Hyderabad,34.0,Running Shoes,Fashion,2,2466.1,9.6,UPI,Delivered,3.8
ORD001893,,CUST00074,Mangaluru,42.0,Power Bank 20000mAh,Electronics,2,1412.25,9.9,Net Banking,Delivered,3.3
ORD001894,2026-01-07,CUST01941,Lucknow,27.0,Electric Kettle,Home & Kitchen,3,1620.69,11.8,UPI,Delivered,4.6
ORD001895,,CUST01039,Jaipur,38.0,Sunscreen SPF 50,Beauty,1,662.97,10.7,Debit Card,Delivered,4.3
ORD001896,,CUST01403,Mumbai,27.0,Face Wash,Beauty,2,424.63,12.2,Credit Card,Delivered,5.0
ORD001897,2025-08-11,CUST01814,Surat,23.0,Cotton T-Shirt,Fashion,1,705.04,20.0,Debit Card,Delivered,4.2
ORD001898,,CUST00515,Kochi,30.0,Shampoo,Beauty,1,555.93,10.9,UPI,Delivered,
ORD001899,2026-10-07,CUST00227,Kolkata,29.0,Cooking Oil 5L,Grocery,3,745.45,3.6,UPI,Delivered,4.2
ORD001900,,CUST00222,Pune,28.0,Mechanical Keyboard,Electronics,1,2963.89,2.5,Net Banking,Delivered,3.3
ORD001901,2026-04-02,CUST00781,Chennai,40.0,Mixer Grinder,Home & Kitchen,2,3463.5,18.2,UPI,Cancelled,
ORD001902,2026-07-08,CUST01249,CHANDIGARH,32.0,Backpack,Fashion,2,1343.37,12.1,Credit Card,Delivered,4.7
ORD001903,2026-11-07,CUST01132,Bengaluru,31.0,Storage Container Set,Home & Kitchen,2,933.81,6.9,UPI,Delivered,4.1
ORD001904,,CUST01230,Kochi,32.0,Resistance Bands,Sports & Fitness,2,603.39,10.2,UPI,Delivered,4.4
ORD001905,,CUST00074,Mangaluru,42.0,Coffee 500g,Grocery,1,431.59,12.2,Debit Card,Delivered,4.2
ORD001906,,CUST00573,Chennai,35.0,Indian History,Books,1,566.66,12.7,Net Banking,Delivered,4.2
ORD001907,2025-02-09,CUST00699,Hyderabad,28.0,Laptop Backpack,Electronics,2,1963.96,10.0,Cash on Delivery,Returned,3.5
ORD001908,2026-12-07,CUST01370,Bengaluru,20.0,Almonds 500g,Grocery,1,500.09,6.2,UPI,Delivered,
ORD001909,2026-10-06,CUST00313,Kochi,23.0,Football,Sports & Fitness,1,871.21,7.9,UPI,Delivered,3.5
ORD001910,2025-05-10,CUST01086,Delhi,39.0,Cooking Oil 5L,Grocery,2,803.78,9.8,Credit Card,Delivered,3.4
ORD001911,2026-01-03,CUST01189,Pune,37.0,Organic Honey 500g,Grocery,2,443.37,12.2,Debit Card,Delivered,3.6
ORD001912,2026-05-04,CUST00342,Delhi,38.0,Cooking Oil 5L,Grocery,1,788.1,11.9,UPI,Delivered,3.4
ORD001913,,CUST00947,Chennai,40.0,Face Wash,Beauty,2,388.9,11.0,UPI,Delivered,4.6
ORD001914,,CUST00102,Jaipur,18.0,Protein Oats 1kg,Grocery,1,383.17,4.8,Credit Card,Delivered,
ORD001915,2026-11-07,CUST00823,Bengaluru,27.0,Lipstick,Beauty,3,652.5,10.9,UPI,Delivered,4.6
ORD001916,2026-08-02,CUST01734,Surat,22.0,Denim Jeans,Fashion,1,1857.14,8.7,UPI,Delivered,4.3
ORD001917,,CUST00047,Hyderabad,33.0,Non-Stick Fry Pan,Home & Kitchen,1,1301.99,4.1,UPI,Delivered,3.5
ORD001918,2026-02-05,CUST01200,Kolkata,21.0,Atomic Habits,Books,1,632.12,6.7,UPI,Delivered,4.3
ORD001919,2025-10-11,CUST00391,Chennai,18.0,Coffee 500g,Grocery,2,419.87,7.1,Cash on Delivery,Delivered,4.4
ORD001920,,CUST01357,Hyderabad,34.0,Hair Serum,Beauty,3,505.82,15.7,UPI,Delivered,3.5
ORD001921,,CUST00631,Pune,38.0,Python Programming,Books,2,716.62,8.9,UPI,Delivered,4.8
ORD001922,,CUST01611,Chandigarh,31.0,Coffee 500g,Grocery,2,416.08,11.0,Debit Card,Delivered,3.8
ORD001923,2026-02-01,CUST01061,Surat,,Non-Stick Fry Pan,Home & Kitchen,1,1180.4,4.5,Credit Card,Delivered,2.7
ORD001924,,CUST01585,Kolkata,45.0,Water Bottle,Home & Kitchen,1,705.42,1.1,UPI,Delivered,2.9
ORD001925,,CUST00218,Delhi,23.0,1080p Webcam,Electronics,1,2254.22,16.5,Net Banking,Delivered,5.5
ORD001926,,CUST00007,Surat,40.0,Resistance Bands,Sports & Fitness,1,572.07,5.3,UPI,Cancelled,
ORD001927,2025-08-09,CUST00898,Surat,28.0,Resistance Bands,Sports & Fitness,2,580.01,13.9,Cash on Delivery,Delivered,4.9
ORD001928,,CUST00540,Chandigarh,27.0,Mixer Grinder,Home & Kitchen,1,3432.6,11.3,UPI,Delivered,5.0
ORD001929,2025-11-10,CUST01913,Jaipur,29.0,Face Wash,Beauty,1,385.63,9.3,UPI,Delivered,3.3
ORD001930,,CUST01031,Delhi,18.0,Cotton T-Shirt,Fashion,3,698.85,11.7,UPI,Delivered,3.6
ORD001931,2025-07-10,CUST01928,Chandigarh,25.0,USB-C Fast Charger,Electronics,2,947.85,8.6,Credit Card,Delivered,3.7
ORD001932,2026-08-07,CUST01270,Delhi,36.0,SQL for Beginners,Books,1,662.83,4.1,Debit Card,Delivered,2.9
ORD001933,,CUST00092,Chennai,30.0,Sunscreen SPF 50,Beauty,2,676.47,13.9,UPI,Delivered,3.5
ORD001934,,CUST00937,Surat,31.0,SQL for Beginners,Books,1,605.85,7.2,UPI,Pending,
ORD001935,2026-02-04,CUST00602,Lucknow,37.0,Mixer Grinder,Home & Kitchen,2,3512.62,8.0,UPI,Delivered,3.1
ORD001936,,CUST01777,Kochi,24.0,Mixer Grinder,Home & Kitchen,3,3516.74,11.4,UPI,Delivered,3.3
ORD001937,,CUST01670,Mumbai,39.0,Body Lotion,Beauty,3,473.59,12.7,UPI,Delivered,
ORD001938,2025-11-10,CUST01957,Chandigarh,24.0,USB-C Fast Charger,Electronics,2,967.35,7.9,Debit Card,Delivered,3.9
ORD001939,2025-03-12,CUST01686,Jaipur,22.0,Bedsheet Set,Home & Kitchen,2,1619.4,13.9,UPI,Delivered,3.4
ORD001940,,CUST00110,Kochi,26.0,Water Bottle,Home & Kitchen,1,663.56,8.6,Net Banking,Delivered,4.1
ORD001941,,CUST00716,Pune,34.0,LED Desk Lamp,Home & Kitchen,2,996.08,15.7,Wallet,Delivered,3.7
ORD001942,,CUST01289,Delhi,25.0,Data Structures,Books,2,798.92,13.2,Net Banking,Delivered,2.7
ORD001943,2026-05-03,CUST01239,Pune,18.0,Saree,Fashion,3,2150.89,11.8,UPI,Returned,
ORD001944,,CUST01668,Bengaluru,25.0,Sports Track Pants,Fashion,3,1344.82,3.3,UPI,Delivered,4.9
ORD001945,,CUST01892,Mangaluru,34.0,Water Bottle,Home & Kitchen,2,663.22,3.9,UPI,Delivered,3.7
ORD001946,,CUST00455,Kolkata,22.0,Running Shoes,Fashion,1,2400.27,6.8,UPI,Delivered,4.0
ORD001947,,CUST00758,Kolkata,20.0,Competitive Aptitude,Books,3,453.2,11.8,Net Banking,Delivered,2.8
ORD001948,2025-07-10,CUST00083,Bengaluru,41.0,Cycling Helmet,Sports & Fitness,1,1658.03,12.7,Cash on Delivery,Delivered,4.4
ORD001949,2026-07-03,CUST01351,Kolkata,36.0,Atomic Habits,Books,1,576.86,11.0,Credit Card,Delivered,5.0
ORD001950,2025-07-12,CUST01226,Chandigarh,25.0,Men's Casual Shirt,Fashion,2,1203.52,16.4,Credit Card,Delivered,3.1
ORD001951,,CUST00725,Kochi,31.0,Wireless Earbuds,Electronics,2,2425.18,10.4,UPI,Delivered,5.0
ORD001952,,CUST00856,Kochi,39.0,Denim Jeans,Fashion,1,1732.69,15.6,UPI,Delivered,4.9
ORD001953,,CUST01070,Surat,44.0,Smartwatch,Electronics,1,3268.03,6.0,UPI,Delivered,3.2
ORD001954,,CUST01730,Lucknow,31.0,Basmati Rice 5kg,Grocery,2,804.12,7.2,UPI,Delivered,3.3
ORD001955,,CUST00574,Mumbai,21.0,Water Bottle,Home & Kitchen,3,777.78,10.1,Wallet,Delivered,
ORD001956,,CUST01297,Mysuru,35.0,Wireless Earbuds,Electronics,1,2652.36,6.3,Cash on Delivery,Delivered,3.2
ORD001957,,CUST01224,Chennai,36.0,USB-C Fast Charger,Electronics,1,971.13,9.4,UPI,Delivered,3.6
ORD001958,,CUST00437,Chennai,20.0,Laptop Backpack,Electronics,1,1866.08,10.5,UPI,Delivered,3.1
ORD001959,,CUST00674,Bengaluru,24.0,Cushion Set,Home & Kitchen,2,807.6,10.9,Wallet,Delivered,3.6
ORD001960,,CUST00456,Surat,29.0,Running Shoes,Fashion,1,2589.62,15.4,UPI,Delivered,3.9
ORD001961,2026-08-08,CUST01194,Mysuru,28.0,Resistance Bands,Sports & Fitness,2,625.43,12.4,UPI,Cancelled,
ORD001962,,CUST00547,Delhi,20.0,Gym Gloves,Sports & Fitness,3,530.45,14.7,UPI,Returned,4.5
ORD001963,2026-02-06,CUST00421,Unknown,20.0,Basmati Rice 5kg,Grocery,4,761.38,9.8,UPI,Delivered,
ORD001964,,CUST00982,Mangaluru,30.0,Atomic Habits,Books,1,608.58,5.8,Cash on Delivery,Delivered,4.3
ORD001965,,CUST00282,Pune,18.0,Bedsheet Set,Home & Kitchen,2,1697.77,6.9,UPI,Delivered,4.0
ORD001966,2025-10-09,CUST00933,Delhi,36.0,Smartwatch,Electronics,2,3167.21,2.4,Debit Card,Delivered,3.8
ORD001967,,CUST00692,Mangaluru,36.0,Atomic Habits,Books,2,581.14,7.9,Credit Card,Delivered,4.1
ORD001968,,CUST01695,Kolkata,40.0,Backpack,Fashion,2,1317.13,6.8,Credit Card,Delivered,4.3
ORD001969,2026-02-06,CUST00360,Surat,18.0,Cotton T-Shirt,Fashion,3,695.29,8.3,Cash on Delivery,Delivered,3.3
ORD001970,,CUST01896,Pune,31.0,Power Bank 20000mAh,Electronics,2,1598.47,15.4,Credit Card,Delivered,3.7
ORD001971,2026-11-07,CUST01709,Lucknow,28.0,Women's Kurti,Fashion,2,1025.86,10.2,Debit Card,Delivered,4.2
ORD001972,,CUST00820,Pune,18.0,USB-C Fast Charger,Electronics,1,1050.16,15.0,Credit Card,Delivered,4.4
ORD001973,,CUST00635,Chennai,35.0,Power Bank 20000mAh,Electronics,2,1479.81,6.5,Debit Card,Delivered,5.0
ORD001974,,CUST01562,Lucknow,18.0,Hair Serum,Beauty,2,521.94,10.5,Cash on Delivery,Pending,
ORD001975,,CUST00743,Chennai,36.0,SQL for Beginners,Books,2,625.46,5.0,Cash on Delivery,Delivered,4.3
ORD001976,,CUST00497,Kochi,29.0,Cotton T-Shirt,Fashion,1,716.0,15.5,Wallet,Delivered,3.3
ORD001977,2026-02-05,CUST01554,Kolkata,35.0,Atomic Habits,Books,1,577.94,1.5,Credit Card,Delivered,4.8
ORD001978,,CUST01733,Bengaluru,25.0,Lipstick,Beauty,1,629.34,11.6,UPI,Delivered,4.7
ORD001979,,CUST00696,Mumbai,24.0,Basmati Rice 5kg,Grocery,3,773.57,3.3,Net Banking,Delivered,2.8
ORD001980,,CUST01147,Jaipur,29.0,Cushion Set,Home & Kitchen,2,801.83,6.9,Debit Card,Delivered,4.3
ORD001981,2026-04-07,CUST01694,Mysuru,36.0,Atomic Habits,Books,3,601.05,11.6,Net Banking,Delivered,3.4
ORD001982,2026-08-04,CUST00544,Kolkata,35.0,Perfume,Beauty,3,1367.33,10.0,Net Banking,Delivered,3.2
ORD001983,,CUST01408,Delhi,37.0,Python Programming,Books,2,697.76,6.4,UPI,Delivered,4.6
ORD001984,,CUST01253,Pune,35.0,Bedsheet Set,Home & Kitchen,3,1775.95,10.5,UPI,Delivered,3.6
ORD001985,,CUST00012,Chennai,37.0,USB-C Fast Charger,Electronics,2,999.79,5.1,UPI,Delivered,
ORD001986,2026-10-08,CUST01126,Lucknow,28.0,USB-C Fast Charger,Electronics,2,986.07,14.1,UPI,Delivered,4.3
ORD001987,,CUST00697,Chandigarh,30.0,Cotton T-Shirt,Fashion,3,660.69,15.6,Net Banking,Delivered,3.7
ORD001988,,CUST01098,Jaipur,18.0,Water Bottle,Home & Kitchen,1,687.31,10.1,Credit Card,Delivered,3.4
ORD001989,,CUST01284,Chandigarh,22.0,Competitive Aptitude,Books,1,429.19,16.0,Wallet,Returned,
ORD001990,,CUST00726,Mangaluru,25.0,Non-Stick Fry Pan,Home & Kitchen,1,1230.9,3.1,UPI,Returned,3.7
ORD001991,,CUST00945,Mysuru,44.0,Backpack,Fashion,3,1303.22,7.8,Credit Card,Delivered,3.3
ORD001992,,CUST01060,Chennai,26.0,Basmati Rice 5kg,Grocery,1,760.62,0.0,Net Banking,Delivered,3.9
ORD001993,,CUST01065,Mysuru,28.0,Backpack,Fashion,1,1283.52,11.5,UPI,Delivered,4.6
ORD001994,2026-02-01,CUST00801,Chandigarh,34.0,USB-C Fast Charger,Electronics,2,969.73,5.3,Debit Card,Delivered,3.5
ORD001995,,CUST00054,Mumbai,34.0,USB-C Fast Charger,Electronics,2,1080.01,12.5,UPI,Delivered,3.3
ORD001996,,CUST01001,Pune,21.0,Face Wash,Beauty,2,408.15,15.5,Debit Card,Delivered,4.7
ORD001997,2026-07-05,CUST02016,Chennai,30.0,Moisturizer,Beauty,2,665.2,8.4,UPI,Delivered,
ORD001998,2026-11-04,CUST00880,Chennai,22.0,Power Bank 20000mAh,Electronics,1,1522.03,6.2,UPI,Returned,5.0
ORD001999,,CUST00745,Delhi,36.0,Smartwatch,Electronics,1,3209.14,3.8,UPI,Delivered,5.0
ORD002000,,CUST00347,Delhi,29.0,Power Bank 20000mAh,Electronics,2,1580.26,11.8,Cash On Delivery,Delivered,3.9
ORD002001,2025-03-09,CUST01258,Delhi,40.0,Dumbbell Set 10kg,Sports & Fitness,3,2082.8,10.0,Net Banking,Delivered,4.3
ORD002002,,CUST00023,Kolkata,32.0,Sports Track Pants,Fashion,1,1149.88,12.7,Net Banking,Delivered,
ORD002003,2026-02-06,CUST01685,Bengaluru,30.0,Green Tea 100 Bags,Grocery,3,372.9,5.7,Debit Card,Delivered,2.3
ORD002004,,CUST00121,Mangaluru,33.0,LED Desk Lamp,Home & Kitchen,2,969.32,4.8,UPI,Delivered,5.0
ORD002005,,CUST01969,Hyderabad,34.0,Atomic Habits,Books,1,595.63,11.3,UPI,Delivered,3.6
ORD002006,,CUST00022,Hyderabad,21.0,Dry Fruits Mix 500g,Grocery,2,589.55,8.0,UPI,Cancelled,
ORD002007,2025-04-10,CUST01075,Hyderabad,48.0,Cotton T-Shirt,Fashion,1,695.13,11.2,UPI,Delivered,4.6
ORD002008,2025-12-10,CUST01070,Surat,44.0,Smartwatch,Electronics,1,3343.61,10.7,UPI,Delivered,3.0
ORD002009,,CUST00630,Mysuru,32.0,Gym Gloves,Sports & Fitness,2,475.87,12.5,Net Banking,Delivered,3.9
ORD002010,,CUST01879,Lucknow,28.0,Sports Track Pants,Fashion,1,1334.39,11.7,Net Banking,Delivered,3.3
ORD002011,,CUST00047,Hyderabad,33.0,Coffee 500g,Grocery,2,425.18,4.0,Debit Card,Delivered,4.3
ORD002012,,CUST00252,Bengaluru,33.0,Water Bottle,Home & Kitchen,2,742.01,9.2,UPI,Delivered,3.4
ORD002013,,CUST00795,Mysuru,41.0,Cotton T-Shirt,Fashion,2,656.74,13.5,Cash on Delivery,Delivered,3.1
ORD002014,,CUST01442,Chandigarh,35.0,Bedsheet Set,Home & Kitchen,1,1681.73,6.3,Wallet,Delivered,3.8
ORD002015,,CUST01219,Jaipur,33.0,Football,Sports & Fitness,1,872.42,10.7,Debit Card,Delivered,3.8
ORD002016,,CUST00868,Delhi,54.0,Cooking Oil 5L,Grocery,5,812.18,5.9,Credit Card,Returned,3.8
ORD002017,2025-01-11,CUST01208,Delhi,32.0,Saree,Fashion,3,2208.47,11.1,UPI,Delivered,2.3
ORD002018,2025-06-09,CUST00178,Lucknow,34.0,Face Wash,Beauty,1,395.9,10.0,Debit Card,Delivered,5.0
ORD002019,2026-04-01,CUST00601, Kochi ,38.0,Storage Container Set,Home & Kitchen,2,901.09,4.9,UPI,Pending,
ORD002020,2026-05-06,CUST00157,Hyderabad,27.0,Water Bottle,Home & Kitchen,1,644.33,8.8,Net Banking,Delivered,4.6
ORD002021,,CUST01968,Mumbai,33.0,Perfume,Beauty,1,1331.67,16.6,UPI,Delivered,5.0
ORD002022,2026-10-08,CUST01811,Mumbai,38.0,Laptop Backpack,Electronics,2,1924.36,15.4,Cash on Delivery,Delivered,4.8
ORD002023,2025-02-10,CUST00005,Delhi,30.0,Wireless Earbuds,Electronics,2,2596.72,6.6,UPI,Cancelled,
ORD002024,,CUST00529,Mysuru,41.0,USB-C Fast Charger,Electronics,1,947.46,12.1,Credit Card,Delivered,5.0
ORD002025,,CUST00669,Jaipur,31.0,Men's Casual Shirt,Fashion,3,1142.97,13.4,Credit Card,Delivered,
ORD002026,2026-05-07,CUST01448,Surat,40.0,USB-C Fast Charger,Electronics,1,964.56,11.0,Net Banking,Delivered,4.1
ORD002027,,CUST00321,Pune,35.0,LED Desk Lamp,Home & Kitchen,1,990.87,8.8,Debit Card,Delivered,4.5
ORD002028,,CUST00058,Surat,43.0,Non-Stick Fry Pan,Home & Kitchen,1,1266.86,,UPI,Delivered,3.5
ORD002029,2026-11-08,CUST00777,Bengaluru,23.0,Water Bottle,Home & Kitchen,3,677.53,11.9,Cash on Delivery,Delivered,4.0
ORD002030,2026-10-07,CUST00126,Pune,31.0,Indian History,Books,2,531.62,0.0,UPI,Delivered,3.8
ORD002031,,CUST01349,Chennai,30.0,Football,Sports & Fitness,1,926.74,3.1,Credit Card,Delivered,4.5
ORD002032,,CUST01748,Mumbai,21.0,Backpack,Fashion,2,1314.09,10.5,UPI,Delivered,3.6
ORD002033,,CUST00662,Chandigarh,28.0,Men's Casual Shirt,Fashion,2,1158.61,4.8,Net Banking,Delivered,4.3
ORD002034,2026-03-03,CUST01321,Surat,29.0,Moisturizer,Beauty,1,635.32,8.3,UPI,Delivered,4.4
ORD002035,,CUST01240,Surat,41.0,Bluetooth Speaker,Electronics,2,1813.48,7.6,UPI,Delivered,3.2
ORD002036,,CUST00474,Hyderabad,18.0,Bluetooth Speaker,Electronics,2,1717.2,4.9,Net Banking,Delivered,3.7
ORD002037,2026-05-07,CUST01069,Mumbai,28.0,Saree,Fashion,2,2222.79,16.4,UPI,Delivered,
ORD002038,2025-06-09,CUST01369,Surat,26.0,SQL for Beginners,Books,3,621.24,14.2,UPI,Pending,
ORD002039,2025-06-10,CUST00613,Mumbai,23.0,Atomic Habits,Books,3,633.92,9.7,UPI,Delivered,3.5
ORD002040,2026-08-01,CUST00419,Bengaluru,23.0,Data Structures,Books,1,853.34,6.7,UPI,Delivered,4.7
ORD002041,2025-01-12,CUST01488,Chennai,25.0,Football,Sports & Fitness,1,880.56,7.4,Credit Card,Delivered,4.2
ORD002042,2025-11-10,CUST00815,Ahmedabad,43.0,Laptop Backpack,Electronics,1,1809.39,9.8,Credit Card,Delivered,3.1
ORD002043,2026-06-04,CUST01381,Bengaluru,28.0,Resistance Bands,Sports & Fitness,3,598.18,9.3,UPI,Delivered,
ORD002044,,CUST01408,Delhi,37.0,Power Bank 20000mAh,Electronics,2,1486.35,2.0,Cash on Delivery,Delivered,4.3
ORD002045,,CUST01932,Delhi,,Body Lotion,Beauty,1,452.25,14.6,UPI,Delivered,3.9
ORD002046,2026-02-03,CUST00776,Lucknow,35.0,Running Shoes,Fashion,1,2503.88,3.7,UPI,Delivered,3.4
ORD002047,,CUST01263,Surat,24.0,Men's Casual Shirt,Fashion,2,1083.88,10.2,UPI,Returned,3.2
ORD002048,,CUST01840,Pune,25.0,Almonds 500g,Grocery,1,539.93,7.8,Net Banking,Delivered,
ORD002049,2026-11-04,CUST00563,Surat,31.0,1080p Webcam,Electronics,1,2099.12,12.6,UPI,Delivered,
ORD002050,2026-05-04,CUST00789,Delhi,31.0,Face Wash,Beauty,2,417.63,4.4,Cash on Delivery,Delivered,5.0
ORD002051,,CUST00805,Mumbai,29.0,Yoga Mat,Sports & Fitness,2,807.87,8.4,Credit Card,Delivered,4.5
ORD002052,,CUST00878,Mumbai,36.0,Football,Sports & Fitness,1,934.38,9.9,Debit Card,Delivered,4.0
ORD002053,2025-01-10,CUST00339,Mumbai,25.0,Dry Fruits Mix 500g,Grocery,3,647.69,15.4,Net Banking,Returned,3.1
ORD002054,2026-12-01,CUST00464,Bengaluru,18.0,Hair Serum,Beauty,2,511.09,6.5,Credit Card,Delivered,3.0
ORD002055,2025-05-11,CUST00897,Surat,26.0,Football,Sports & Fitness,3,869.58,4.7,UPI,Delivered,4.9
ORD002056,2026-07-03,CUST00734,Surat,,Backpack,Fashion,1,1269.31,9.6,UPI,Delivered,4.2
ORD002057,2026-06-05,CUST01501,Lucknow,31.0,Cotton T-Shirt,Fashion,2,674.49,12.9,Wallet,Returned,2.6
ORD002058,,CUST00847,Kolkata,39.0,Coffee 500g,Grocery,2,464.6,10.7,UPI,Delivered,4.2
ORD002059,2026-10-07,CUST00009,Mangaluru,30.0,Basmati Rice 5kg,Grocery,2,715.18,8.3,Credit Card,Delivered,3.8
ORD002060,2026-08-08,CUST01322,Ahmedabad,26.0,Saree,Fashion,1,2176.09,6.2,UPI,Returned,3.1
ORD002061,2025-11-10,CUST00316,Chandigarh,18.0,Backpack,Fashion,1,1331.21,9.2,UPI,Delivered,4.9
ORD002062,2026-04-06,CUST00780,PUNE,32.0,Men's Casual Shirt,Fashion,1,1265.62,8.1,Credit Card,Delivered,5.0
ORD002063,2026-08-07,CUST01988,Kolkata,26.0,Mixer Grinder,Home & Kitchen,3,3499.65,12.0,Debit Card,Delivered,5.0
ORD002064,,CUST01723,Kochi,27.0,Saree,Fashion,1,2202.69,4.8,Wallet,Delivered,4.1
ORD002065,,CUST00371,Lucknow,29.0,Protein Oats 1kg,Grocery,1,377.22,8.7,Cash on Delivery,Returned,2.0
ORD002066,2025-02-11,CUST01004,Delhi,22.0,Cooking Oil 5L,Grocery,2,768.09,2.6,UPI,Delivered,3.3
ORD002067,,CUST01837,Surat,28.0,Electric Kettle,Home & Kitchen,1,1609.97,10.6,Wallet,Delivered,
ORD002068,2025-02-10,CUST00562,Kolkata,32.0,Data Structures,Books,1,756.07,3.1,Debit Card,Delivered,4.0
ORD002069,,CUST00550,Delhi,23.0,Rich Dad Poor Dad,Books,3,513.75,14.8,UPI,Delivered,3.4
ORD002070,,CUST01305,Kolkata,27.0,Running Shoes,Fashion,3,2217.0,17.8,UPI,Delivered,4.1
ORD002071,,CUST01613,Delhi,,Basmati Rice 5kg,Grocery,2,731.07,8.5,UPI,Delivered,5.0
ORD002072,,CUST00230,Bengaluru,27.0,Wireless Earbuds,Electronics,1,2554.62,8.7,Cash on Delivery,Delivered,3.1
ORD002073,2026-01-01,CUST00261,Delhi ,20.0,Football,Sports & Fitness,1,892.36,10.7,Credit Card,Delivered,3.0
ORD002074,2026-01-07,CUST00449,Ahmedabad,30.0,Skipping Rope,Sports & Fitness,1,292.07,5.9,UPI,Delivered,4.0
ORD002075,,CUST00682,Delhi,28.0,Gym Gloves,Sports & Fitness,2,459.6,11.8,UPI,Delivered,4.7
ORD002076,2025-06-11,CUST00983,Jaipur,25.0,Wireless Earbuds,Electronics,2,2572.13,11.3,Wallet,Cancelled,
ORD002077,,CUST01367,Chennai,34.0,Green Tea 100 Bags,Grocery,1,359.0,0.0,UPI,Delivered,5.0
ORD002078,,CUST01200,Kolkata,21.0,Power Bank 20000mAh,Electronics,1,1465.65,3.3,Wallet,Delivered,4.2
ORD002079,,CUST00220,Bengaluru,20.0,Coffee 500g,Grocery,3,439.63,4.2,UPI,Delivered,3.8
ORD002080,,CUST00230,Bengaluru,27.0,Gym Gloves,Sports & Fitness,1,511.76,5.8,Wallet,Delivered,3.8
ORD002081,,CUST01632,Delhi,34.0,Storage Container Set,Home & Kitchen,2,965.54,11.6,UPI,Delivered,3.9
ORD002082,,CUST00935,Lucknow,31.0,Wireless Earbuds,Electronics,1,2551.9,6.0,Wallet,Delivered,4.4
ORD002083,,CUST01772,Lucknow,37.0,Basmati Rice 5kg,Grocery,1,709.95,9.2,UPI,Delivered,4.6
ORD002084,,CUST00231,Ahmedabad,26.0,Denim Jeans,Fashion,3,1741.5,7.0,Net Banking,Delivered,
ORD002085,,CUST01238,Chennai,18.0,USB-C Fast Charger,Electronics,1,963.15,14.9,Cash on Delivery,Delivered,4.2
ORD002086,,CUST00945,Mysuru,44.0,USB-C Fast Charger,Electronics,1,1000.33,10.0,Credit Card,Delivered,4.5
ORD002087,2025-06-09,CUST00654,Mumbai,18.0,Bedsheet Set,Home & Kitchen,3,1704.29,3.6,UPI,Delivered,4.5
ORD002088,2025-06-10,CUST01587,Jaipur,32.0,Sunscreen SPF 50,Beauty,3,678.73,9.4,UPI,Delivered,4.0
ORD002089,,CUST01770,Jaipur,28.0,Bluetooth Speaker,Electronics,2,1766.76,12.1,UPI,Delivered,3.5
ORD002090,,CUST01062,Hyderabad,26.0,Moisturizer,Beauty,1,656.66,10.3,UPI,Delivered,4.9
ORD002091,,CUST01393,Ahmedabad,46.0,Power Bank 20000mAh,Electronics,1,1375.61,7.5,Credit Card,Cancelled,
ORD002092,,CUST00046,Surat,30.0,Python Programming,Books,2,670.76,5.8,Credit Card,Cancelled,
ORD002093,,CUST00533,Chennai,19.0,USB-C Fast Charger,Electronics,2,988.94,3.2,Credit Card,Cancelled,
ORD002094,,CUST01341,Kochi,26.0,Basmati Rice 5kg,Grocery,1,726.27,6.2,UPI,Delivered,4.0
ORD002095,2026-02-01,CUST00547,Delhi,20.0,Cricket Bat,Sports & Fitness,2,2437.82,10.8,Credit Card,Delivered,4.5
ORD002096,2025-08-09,CUST01611,Chandigarh,31.0,Coffee 500g,Grocery,2,404.7,10.8,UPI,Delivered,
ORD002097,2025-03-12,CUST00937,Surat,31.0,Rich Dad Poor Dad,Books,1,494.78,9.3,UPI,Cancelled,
ORD002098,,CUST00136,Chennai,32.0,Running Shoes,Fashion,1,2386.92,14.2,UPI,Pending,
ORD002099,2026-10-08,CUST00848,Hyderabad,18.0,Face Wash,Beauty,1,405.65,4.0,Cash on Delivery,Delivered,3.4
ORD002100,,CUST00339,Mumbai,25.0,Sunscreen SPF 50,Beauty,2,714.07,5.1,Wallet,Delivered,4.3
ORD002101,,CUST00346,Hyderabad,34.0,Electric Kettle,Home & Kitchen,1,1513.24,7.5,Credit Card,Delivered,5.0
ORD002102,2026-04-06,CUST00520,Ahmedabad,35.0,1080p Webcam,Electronics,2,2328.07,13.7,Credit Card,Delivered,4.4
ORD002103,,CUST01528,Jaipur,28.0,Storage Container Set,Home & Kitchen,2,903.45,0.7,UPI,Delivered,2.9
ORD002104,,CUST00544,Kolkata,35.0,Running Shoes,Fashion,1,2528.21,11.1,Credit Card,Delivered,4.0
ORD002105,2026-02-07,CUST02028,Mumbai,27.0,Denim Jeans,Fashion,1,1904.07,7.0,Credit Card,Delivered,4.5
ORD002106,,CUST01077,Chennai,35.0,Water Bottle,Home & Kitchen,3,722.02,11.8,Credit Card,Delivered,4.5
ORD002107,2026-12-06,CUST00319,Delhi,31.0,Power Bank 20000mAh,Electronics,2,1533.34,14.0,Credit Card,Delivered,4.2
ORD002108,2026-12-05,CUST00659,Delhi,27.0,Protein Oats 1kg,Grocery,3,385.41,4.5,Credit Card,Delivered,4.0
ORD002109,2025-03-09,CUST01869,Bengaluru,26.0,Backpack,Fashion,1,1390.12,2.9,UPI,Delivered,5.0
ORD002110,,CUST01183,Mumbai,33.0,Cycling Helmet,Sports & Fitness,2,1581.93,6.7,Credit Card,Delivered,3.4
ORD002111,2026-03-07,CUST01609,Bengaluru,31.0,Cotton T-Shirt,Fashion,1,699.88,9.4,Wallet,Delivered,3.7
ORD002112,,CUST00837,Ahmedabad,27.0,Smartwatch,Electronics,2,3496.7,11.2,UPI,Delivered,4.2
ORD002113,2026-04-05,CUST01530,Chandigarh,31.0,Running Shoes,Fashion,2,2506.24,13.3,Cash on Delivery,Delivered,4.3
ORD002114,,CUST00933,Delhi,36.0,Almonds 500g,Grocery,2,468.29,10.8,UPI,Delivered,4.0
ORD002115,,CUST00313,,23.0,Water Bottle,Home & Kitchen,1,667.93,8.1,Net Banking,Delivered,
ORD002116,,CUST01548,Ahmedabad,32.0,Denim Jeans,Fashion,2,1795.41,4.6,Debit Card,Delivered,
ORD002117,2026-08-04,CUST00684,Chandigarh,27.0,Cotton T-Shirt,Fashion,1,641.32,6.7,Cash on Delivery,Delivered,4.6
ORD002118,,CUST01557,Kochi,33.0,Bedsheet Set,Home & Kitchen,1,1635.56,3.3,UPI,Delivered,3.9
ORD002119,,CUST00292,Unknown,37.0,Bluetooth Speaker,Electronics,2,1688.16,12.9,Credit Card,Delivered,4.3
ORD002120,,CUST01236,Chennai,41.0,Skipping Rope,Sports & Fitness,1,313.09,9.4,Cash on Delivery,Delivered,4.8
ORD002121,,CUST00494,Mumbai,28.0,Mixer Grinder,Home & Kitchen,1,3685.4,5.5,Credit Card,Pending,
ORD002122,2026-10-06,CUST01813,Lucknow,19.0,Cotton T-Shirt,Fashion,1,733.22,8.5,Debit Card,Delivered,3.6
ORD002123,2026-04-03,CUST01308,Ahmedabad,36.0,Sports Track Pants,Fashion,2,1270.31,10.3,UPI,Delivered,3.6
ORD002124,,CUST00364,Bengaluru,42.0,Non-Stick Fry Pan,Home & Kitchen,2,1328.0,8.2,UPI,Delivered,3.7
ORD002125,,CUST01886,Chandigarh,38.0,Mixer Grinder,Home & Kitchen,1,3500.4,9.6,Net Banking,Delivered,4.4
ORD002126,2026-12-04,CUST01065,Mysuru,28.0,Coffee 500g,Grocery,2,405.89,10.2,UPI,Delivered,3.3
ORD002127,,CUST01414,Kolkata,33.0,Power Bank 20000mAh,Electronics,1,1555.87,14.7,Debit Card,Delivered,
ORD002128,2026-12-05,CUST01728,Delhi,34.0,Dumbbell Set 10kg,Sports & Fitness,1,1946.21,11.6,UPI,Delivered,3.8
ORD002129,,CUST01078,Lucknow,21.0,Cooking Oil 5L,Grocery,2,841.77,4.8,Cash on Delivery,Returned,3.2
ORD002130,,CUST01783,Mumbai,35.0,Green Tea 100 Bags,Grocery,1,376.77,8.6,Credit Card,Delivered,4.3
ORD002131,,CUST01161,Lucknow,35.0,Basmati Rice 5kg,Grocery,2,706.25,6.8,UPI,Cancelled,
ORD002132,,CUST01916,Hyderabad,25.0,USB-C Fast Charger,Electronics,1,1013.28,7.7,Debit Card,Delivered,4.8
ORD002133,,CUST00898,Surat,28.0,USB-C Fast Charger,Electronics,2,924.42,3.9,Cash on Delivery,Cancelled,
ORD002134,,CUST02039,Surat,41.0,Cotton T-Shirt,Fashion,2,696.43,8.4,Cash on Delivery,Delivered,4.0
ORD002135,2025-10-12,CUST00434,Mangaluru,27.0,Dry Fruits Mix 500g,Grocery,1,609.96,4.5,Debit Card,Delivered,4.0
ORD002136,2025-05-11,CUST00841,Delhi,33.0,1080p Webcam,Electronics,2,2348.17,14.2,UPI,Delivered,3.8
ORD002137,2025-02-09,CUST01262,Hyderabad,30.0,Denim Jeans,Fashion,2,1725.89,18.5,UPI,Delivered,5.0
ORD002138,,CUST01382,Jaipur,19.0,Men's Casual Shirt,Fashion,2,1094.47,4.9,UPI,Delivered,4.5
ORD002139,,CUST00630,Mysuru,32.0,Storage Container Set,Home & Kitchen,2,858.92,8.1,Credit Card,Delivered,4.2
ORD002140,,CUST01839,Kochi,41.0,Cooking Oil 5L,Grocery,1,777.44,11.0,UPI,Cancelled,
ORD002141,2026-05-02,CUST01039,Jaipur,38.0,Organic Honey 500g,Grocery,1,425.32,13.7,Credit Card,Delivered,2.3
ORD002142,2026-09-08,CUST00229,Kolkata,33.0,Wireless Earbuds,Electronics,1,2434.51,8.5,Debit Card,Delivered,3.8
ORD002143,,CUST00657,Kolkata,36.0,Sunscreen SPF 50,Beauty,1,683.64,9.0,Wallet,Cancelled,
ORD002144,2026-02-07,CUST01026,Kochi,50.0,Competitive Aptitude,Books,2,457.65,18.8,Wallet,Delivered,4.8
ORD002145,2026-08-06,CUST00920,Mysuru,44.0,Body Lotion,Beauty,2,448.91,18.2,UPI,Cancelled,
ORD002146,,CUST01390,Bengaluru,27.0,Cricket Bat,Sports & Fitness,2,2430.42,3.9,Debit Card,Delivered,4.6
ORD002147,,CUST00451,Hyderabad,38.0,USB-C Fast Charger,Electronics,2,1019.92,4.1,UPI,Delivered,4.7
ORD002148,,CUST01652,Delhi,27.0,Sunscreen SPF 50,Beauty,2,705.51,8.7,UPI,Delivered,4.0
ORD002149,2026-09-05,CUST00064,Surat,30.0,Skipping Rope,Sports & Fitness,1,295.25,6.8,Wallet,Delivered,3.9
ORD002150,,CUST01865,Pune,18.0,USB-C Fast Charger,Electronics,2,1037.54,9.2,Wallet,Delivered,
ORD002151,,CUST00351,Mumbai,24.0,Cricket Bat,Sports & Fitness,1,2502.45,3.5,Cash on Delivery,Delivered,4.5
ORD002152,,CUST02007,Chennai,28.0,Sports Track Pants,Fashion,1,1282.71,20.4,Cash on Delivery,Delivered,4.1
ORD002153,,CUST00869,Chennai,33.0,Coffee 500g,Grocery,1,440.56,8.4,UPI,Delivered,5.0
ORD002154,2026-08-05,CUST01045,Mangaluru,23.0,Water Bottle,Home & Kitchen,2,699.69,10.7,Cash on Delivery,Delivered,
ORD002155,,CUST00837,Ahmedabad,27.0,Gym Gloves,Sports & Fitness,2,463.05,10.6,Net Banking,Delivered,4.0
ORD002156,,CUST01382,Jaipur,19.0,Men's Casual Shirt,Fashion,2,1243.87,17.9,Credit Card,Delivered,4.8
ORD002157,,CUST01832,Surat,29.0,USB-C Fast Charger,Electronics,1,999.42,8.6,Cash on Delivery,Delivered,
ORD002158,2025-03-12,CUST00423,Kochi,20.0,Python Programming,Books,2,703.13,0.7,Credit Card,Delivered,4.2
ORD002159,,CUST00284,Jaipur,32.0,Lipstick,Beauty,2,610.44,2.4,Credit Card,Delivered,4.4
ORD002160,,CUST00305,Mumbai,26.0,Football,Sports & Fitness,3,915.97,5.4,UPI,Returned,2.4
ORD002161,,CUST02035,Mysuru,30.0,Football,Sports & Fitness,3,855.48,7.0,UPI,Delivered,4.9
ORD002162,,CUST01791,Pune,18.0,Almonds 500g,Grocery,1,505.37,13.6,UPI,Delivered,4.0
ORD002163,,CUST00218,Delhi,23.0,Cushion Set,Home & Kitchen,2,838.7,17.4,Credit Card,Delivered,
ORD002164,,CUST01253,Pune,35.0,Moisturizer,Beauty,3,670.12,4.9,Cash on Delivery,Delivered,
ORD002165,,CUST00407,Chennai,23.0,Rich Dad Poor Dad,Books,2,475.53,3.8,UPI,Delivered,4.6
ORD002166,,CUST00627,Jaipur,32.0,Football,Sports & Fitness,1,880.74,5.7,UPI,Delivered,3.4
ORD002167,2026-03-03,CUST01492,Kolkata,38.0,Body Lotion,Beauty,2,408.11,9.7,UPI,Cancelled,
ORD002168,,CUST01239,Pune,18.0,Dry Fruits Mix 500g,Grocery,2,594.86,13.7,Credit Card,Delivered,5.0
ORD002169,2026-09-01,CUST00283,Delhi,18.0,USB-C Fast Charger,Electronics,1,1053.18,8.6,UPI,Delivered,5.0
ORD002170,,CUST01695,Kolkata,40.0,Face Wash,Beauty,2,382.07,13.2,UPI,Delivered,4.1
ORD002171,2025-04-10,CUST00883,Hyderabad,23.0,Cooking Oil 5L,Grocery,1,801.35,8.9,Credit Card,Delivered,4.7
ORD002172,2026-06-03,CUST00039,Delhi,29.0,Organic Honey 500g,Grocery,1,453.08,2.1,Wallet,Delivered,5.0
ORD002173,2026-08-01,CUST00951,Bengaluru,37.0,Mixer Grinder,Home & Kitchen,1,3658.75,9.6,UPI,Delivered,4.0
ORD002174,2026-09-03,CUST00198,Pune,29.0,Moisturizer,Beauty,3,684.3,0.0,UPI,Delivered,
ORD002175,,CUST00620,Chandigarh ,40.0,Dumbbell Set 10kg,Sports & Fitness,1,1997.78,14.0,Credit Card,Delivered,4.2
ORD002176,2026-06-06,CUST01167,Kochi,38.0,SQL for Beginners,Books,1,608.71,8.1,UPI,Delivered,4.1
ORD002177,,CUST01236,Chennai,41.0,Backpack,Fashion,1,1244.59,14.3,Debit Card,Delivered,4.3
ORD002178,2026-02-02,CUST01303,Hyderabad,35.0,Men's Casual Shirt,Fashion,3,1258.1,10.4,Debit Card,Delivered,3.2
ORD002179,,CUST00630,Mysuru,32.0,Dumbbell Set 10kg,Sports & Fitness,2,1926.36,10.7,Wallet,Delivered,4.9
ORD002180,,CUST01330,Bengaluru,42.0,Women's Kurti,Fashion,3,1025.82,11.9,UPI,Delivered,2.8
ORD002181,,CUST01831,Ahmedabad,24.0,Indian History,Books,3,508.28,9.0,UPI,Delivered,3.5
ORD002182,2026-04-02,CUST01555,Chandigarh,34.0,Yoga Mat,Sports & Fitness,1,798.98,6.9,UPI,Delivered,3.7
ORD002183,2025-12-11,CUST00064,Surat,30.0,Bluetooth Speaker,Electronics,2,1732.13,8.0,UPI,Delivered,5.0
ORD002184,,CUST01146,Delhi,36.0,Sports Track Pants,Fashion,2,1350.74,15.3,UPI,Pending,
ORD002185,,CUST00118,Mysuru,34.0,Laptop Backpack,Electronics,2,1825.9,10.3,UPI,Delivered,4.9
ORD002186,,CUST00439,Surat,37.0,Sunscreen SPF 50,Beauty,1,702.99,19.3,Cash on Delivery,Pending,
ORD002187,2026-04-01,CUST00871,Delhi,43.0,Data Structures,Books,1,794.45,8.5,UPI,Delivered,3.4
ORD002188,,CUST00393,Chandigarh,21.0,USB-C Fast Charger,Electronics,1,1021.75,13.7,Debit Card,Delivered,2.2
ORD002189,2026-01-03,CUST01750,Delhi,46.0,Cooking Oil 5L,Grocery,2,861.71,5.6,UPI,Delivered,3.5
ORD002190,2026-03-06,CUST01772,Lucknow,37.0,Cooking Oil 5L,Grocery,3,832.62,5.4,Debit Card,Delivered,5.0
ORD002191,2026-05-04,CUST01569,Mumbai,25.0,Men's Casual Shirt,Fashion,3,1205.6,7.8,Wallet,Delivered,4.5
ORD002192,,CUST00135,Pune,30.0,Water Bottle,Home & Kitchen,3,714.03,11.5,Credit Card,Delivered,4.2
ORD002193,,CUST01240,Surat,41.0,Power Bank 20000mAh,Electronics,1,1447.12,6.7,Debit Card,Delivered,4.0
ORD002194,2025-11-10,CUST00100,Pune,24.0,USB-C Fast Charger,Electronics,2,1040.74,13.0,UPI,Delivered,3.6
ORD002195,2025-02-12,CUST00446,Kochi,42.0,Running Shoes,Fashion,2,2567.95,7.3,Cash on Delivery,Delivered,3.7
ORD002197,2026-07-08,CUST00204,Hyderabad,23.0,Basmati Rice 5kg,Grocery,1,767.4,9.0,UPI,Delivered,
ORD002198,,CUST00292,Ahmedabad,37.0,Mixer Grinder,Home & Kitchen,1,3412.99,5.8,Credit Card,Delivered,3.6
ORD002199,,CUST02039,Surat,41.0,Cushion Set,Home & Kitchen,1,807.51,11.0,Debit card ,Delivered,2.8
ORD002200,,CUST00373,Delhi,35.0,LED Desk Lamp,Home & Kitchen,3,1061.72,1.8,UPI,Delivered,4.3
ORD002201,,CUST00302,Ahmedabad,24.0,Women's Kurti,Fashion,1,1002.91,18.4,Net Banking,Delivered,3.5
ORD002202,,CUST01466,Pune,27.0,Electric Kettle,Home & Kitchen,1,1571.76,11.1,Net Banking,Delivered,3.5
ORD002203,2025-04-12,CUST00781,Chennai,40.0,Organic Honey 500g,Grocery,2,396.53,13.0,UPI,Delivered,4.7
ORD002204,,CUST00418,Chandigarh,35.0,Women's Kurti,Fashion,2,965.94,11.6,UPI,Delivered,2.8
ORD002205,2025-10-10,CUST00972,Jaipur,39.0,Lipstick,Beauty,2,572.84,17.5,Credit Card,Delivered,3.9
ORD002207,2026-08-06,CUST00934,Chennai,19.0,Power Bank 20000mAh,Electronics,1,1451.33,8.4,Credit Card,Returned,4.4
ORD002208,,CUST00012,Chennai,37.0,Face Wash,Beauty,1,401.23,8.8,Debit Card,Delivered,5.0
ORD002209,,CUST01593,Surat,51.0,Non-Stick Fry Pan,Home & Kitchen,3,1334.0,15.2,Debit Card,Delivered,3.3
ORD002210,2026-09-07,CUST01781,Pune,35.0,Basmati Rice 5kg,Grocery,1,796.69,4.2,UPI,Delivered,4.1
ORD002211,,CUST00347,Delhi,29.0,Non-Stick Fry Pan,Home & Kitchen,1,1287.86,10.7,UPI,Delivered,4.4
ORD002212,,CUST01869,Bengaluru,26.0,Saree,Fashion,2,2200.65,8.3,UPI,Delivered,3.8
ORD002213,,CUST01089,Pune,38.0,1080p Webcam,Electronics,1,2351.75,11.9,Net Banking,Delivered,4.5
ORD002214,,CUST00833,Jaipur,36.0,Football,Sports & Fitness,2,902.5,7.2,Net Banking,Delivered,
ORD002215,2025-05-09,CUST00714,Jaipur,31.0,Basmati Rice 5kg,Grocery,3,765.32,15.6,Credit Card,Delivered,2.9
ORD002216,,CUST00963,Jaipur,32.0,Skipping Rope,Sports & Fitness,2,276.97,5.3,UPI,Delivered,
ORD002217,,CUST00117,Mysuru,19.0,Bluetooth Speaker,Electronics,2,1711.11,11.1,Wallet,Delivered,3.5
ORD002218,,CUST00698,Chennai,25.0,Yoga Mat,Sports & Fitness,1,772.78,9.1,Debit Card,Delivered,4.4
ORD002219,,CUST00471,Hyderabad,21.0,1080p Webcam,Electronics,1,2360.55,10.8,UPI,Delivered,3.9
ORD002220,,CUST00872,Hyderabad,46.0,Python Programming,Books,1,736.62,11.3,Debit Card,Delivered,4.9
ORD002221,,CUST01746,Delhi,23.0,Basmati Rice 5kg,Grocery,1,725.11,19.6,Credit Card,Delivered,3.9
ORD002222,2025-06-11,CUST01044,Bengaluru,24.0,USB-C Fast Charger,Electronics,2,1059.12,12.7,Debit Card,Delivered,3.9
ORD002223,,CUST00618,Pune,39.0,Cushion Set,Home & Kitchen,1,772.3,7.2,UPI,Cancelled,
ORD002224,2025-03-12,CUST00498,Delhi,31.0,USB-C Fast Charger,Electronics,1,964.15,9.6,UPI,Delivered,5.0
ORD002225,2026-02-05,CUST00817,Kolkata,33.0,Organic Honey 500g,Grocery,1,443.5,1.2,Net Banking,Delivered,3.6
ORD002226,,CUST00593,Mumbai ,28.0,LED Desk Lamp,Home & Kitchen,2,1041.43,7.0,UPI,Delivered,4.0
ORD002227,2026-11-06,CUST00896,Chennai,27.0,LED Desk Lamp,Home & Kitchen,3,909.58,11.5,UPI,Delivered,4.7
ORD002228,,CUST01175,Mumbai,22.0,Electric Kettle,Home & Kitchen,3,1759.94,10.6,UPI,Delivered,3.9
ORD002229,2025-12-11,CUST01469,Mumbai,23.0,Bedsheet Set,Home & Kitchen,3,1742.37,9.2,UPI,Delivered,4.6
ORD002230,,CUST01441,Chennai,35.0,Hair Serum,Beauty,1,478.56,12.0,Cash on Delivery,Delivered,3.6
ORD002231,,CUST00410,Jaipur,20.0,Gym Gloves,Sports & Fitness,1,535.53,6.8,UPI,Pending,
ORD002232,2026-08-06,CUST00326,Bengaluru,36.0,Water Bottle,Home & Kitchen,2,752.54,4.6,UPI,Delivered,
ORD002233,,CUST00326,Bengaluru,36.0,Running Shoes,Fashion,2,2550.26,6.0,Cash on Delivery,Delivered,4.1
ORD002234,,CUST01062,Hyderabad,26.0,Non-Stick Fry Pan,Home & Kitchen,3,1411.56,11.0,Cash on Delivery,Pending,
ORD002235,,CUST00292,Ahmedabad,37.0,Basmati Rice 5kg,Grocery,1,751.62,10.9,UPI,Delivered,3.9
ORD002236,,CUST00283,Delhi,18.0,Cooking Oil 5L,Grocery,1,805.88,4.6,UPI,Delivered,5.0
ORD002237,,CUST00177,Mysuru,29.0,Women's Kurti,Fashion,3,994.73,13.1,UPI,Delivered,3.9
ORD002238,2026-06-08,CUST01858,Kochi,38.0,Wireless Earbuds,Electronics,1,2344.56,12.9,Debit Card,Delivered,3.7
ORD002239,,CUST00630,Mysuru,32.0,Coffee 500g,Grocery,2,420.83,7.6,UPI,Delivered,3.7
ORD002240,,CUST00951,Bengaluru,37.0,Sports Track Pants,Fashion,1,1228.02,8.6,Credit Card,Delivered,5.0
ORD002241,,CUST00654,Mumbai,18.0,Bluetooth Speaker,Electronics,2,1916.59,12.0,Credit Card,Delivered,5.0
ORD002242,2026-09-05,CUST00472,Hyderabad,36.0,Storage Container Set,Home & Kitchen,2,857.81,7.8,Cash on Delivery,Delivered,3.4
ORD002243,,CUST00566,Kochi,29.0,Water Bottle,Home & Kitchen,1,670.03,5.6,upi,Delivered,3.9
ORD002244,2026-05-07,CUST01253,Pune,35.0,Backpack,Fashion,2,1256.52,9.3,Credit Card,Delivered,4.1
ORD002245,2026-07-08,CUST01323,Hyderabad,30.0,Shampoo,Beauty,1,559.08,6.1,UPI,Delivered,3.9
ORD002246,2025-02-10,CUST01790,Kolkata,34.0,Cotton T-Shirt,Fashion,1,688.04,7.8,UPI,Delivered,4.8
ORD002247,2026-09-07,CUST01265,Hyderabad,38.0,Mechanical Keyboard,Electronics,1,2767.64,14.9,Debit Card,Delivered,3.7
ORD002248,,CUST00384,Surat,31.0,1080p Webcam,Electronics,2,2244.21,11.5,Credit Card,Delivered,4.2
ORD002249,,CUST00930,Surat,30.0,Bluetooth Speaker,Electronics,2,1893.52,10.9,UPI,Delivered,
ORD002250,,CUST01236,Chennai,41.0,1080p Webcam,Electronics,1,2393.86,18.3,Credit Card,Returned,
ORD002251,2026-07-03,CUST00130,Mysuru,29.0,USB-C Fast Charger,Electronics,2,938.48,16.6,Credit Card,Delivered,
ORD002252,2026-06-04,CUST01725,Pune,35.0,Hair Serum,Beauty,2,486.32,10.2,UPI,Delivered,5.0
ORD002253,,CUST01366,Hyderabad,25.0,Rich Dad Poor Dad,Books,2,500.0,8.9,Debit Card,Delivered,4.3
ORD002254,,CUST00789,Delhi,31.0,Rich Dad Poor Dad,Books,4,480.16,8.7,Debit Card,Delivered,4.3
ORD002255,,CUST00979,Ahmedabad,33.0,Cushion Set,Home & Kitchen,2,796.73,9.4,UPI,Delivered,2.7
ORD002256,2026-06-02,CUST01401,Lucknow,29.0,Women's Kurti,Fashion,1,1021.53,9.4,UPI,Delivered,3.5
ORD002257,,CUST00778,Kolkata,19.0,Coffee 500g,Grocery,1,420.95,11.4,UPI,Delivered,4.7
ORD002258,2026-04-08,CUST01440,Pune,26.0,Storage Container Set,Unknown,2,881.3,5.9,Debit Card,Delivered,
ORD002259,,CUST01861,Kolkata,42.0,Rich Dad Poor Dad,Books,2,477.74,16.6,UPI,Delivered,4.8
ORD002260,2026-09-05,CUST01821,Hyderabad,29.0,Shampoo,Beauty,1,-99.0,13.2,UPI,Delivered,4.1
ORD002261,2026-03-05,CUST00604,Jaipur,33.0,Electric Kettle,Home & Kitchen,2,1587.46,13.8,Net Banking,Delivered,4.4
ORD002262,,CUST00364,Bengaluru,42.0,Storage Container Set,Home & Kitchen,2,885.56,9.4,UPI,Delivered,4.6
ORD002263,,CUST00283,Delhi,18.0,Water Bottle,Home & Kitchen,1,708.68,,UPI,Delivered,5.0
ORD002264,2025-05-10,CUST01119,Delhi,41.0,Football,Sports & Fitness,2,930.41,11.7,UPI,Delivered,4.7
ORD002265,,CUST01414,Kolkata,33.0,Indian History,Books,2,547.33,8.5,Cash on Delivery,Delivered,4.1
ORD002266,,CUST00937,Surat,31.0,Cushion Set,Home & Kitchen,2,792.77,5.2,Debit Card,Delivered,3.5
ORD002267,2025-05-09,CUST00023,Kolkata,32.0,Cotton T-Shirt,Fashion,2,658.28,9.7,UPI,Delivered,4.0
ORD002268,2026-01-02,CUST01471,Kochi,31.0,Python Programming,Books,2,608.84,9.3,UPI,Delivered,4.1
ORD002269,,CUST01642,Ahmedabad,29.0,Cooking Oil 5L,Grocery,1,771.53,10.4,UPI,Delivered,4.5
ORD002270,,CUST01777,Kochi,24.0,Rich Dad Poor Dad,Books,1,505.13,10.6,Net Banking,Delivered,4.4
ORD002271,,CUST00379,Mumbai,24.0,Atomic Habits,Books,2,608.27,7.3,UPI,Delivered,
ORD002272,2026-03-03,CUST00751,Bengaluru,,Women's Kurti,Fashion,2,1023.53,9.6,UPI,Delivered,2.7
ORD002273,,CUST01619,Chandigarh,37.0,Mechanical Keyboard,Electronics,1,2825.28,9.9,UPI,Delivered,3.1
ORD002274,,CUST00979,Ahmedabad,33.0,Skipping Rope,Sports & Fitness,2,284.16,7.0,UPI,Delivered,3.9
ORD002275,,CUST02028,Mumbai,27.0,Python Programming,Books,2,729.75,10.4,UPI,Delivered,5.0
ORD002276,2026-11-06,CUST00135,Pune,30.0,Atomic Habits,Books,2,593.08,10.5,UPI,Delivered,4.8
ORD002277,2026-05-01,CUST01633,Delhi,23.0,Coffee 500g,Grocery,2,431.02,3.9,UPI,Delivered,5.0
ORD002278,,CUST01800,Bengaluru,28.0,Cricket Bat,Sports & Fitness,2,2453.65,8.9,Debit Card,Returned,3.5
ORD002279,2026-10-05,CUST00305,Mumbai,26.0,Running Shoes,Fashion,2,2482.24,11.6,UPI,Delivered,3.1
ORD002280,2025-05-12,CUST01541,Surat,31.0,Cotton T-Shirt,Fashion,3,671.22,16.9,UPI,Delivered,4.1
ORD002281,,CUST00483,Delhi,37.0,Face Wash,Beauty,1,418.92,16.3,UPI,Delivered,3.9
ORD002282,2025-10-09,CUST00909,Kolkata,28.0,Dry Fruits Mix 500g,Grocery,1,601.62,4.0,Credit Card,Cancelled,
ORD002283,2026-01-01,CUST00477,Lucknow,43.0,Resistance Bands,Sports & Fitness,3,563.89,8.5,UPI,Delivered,4.3
ORD002284,2025-06-09,CUST00499,Mysuru,41.0,Basmati Rice 5kg,Grocery,3,718.4,8.1,Credit Card,Delivered,4.2
ORD002285,2026-05-03,CUST00732,Kochi,35.0,Running Shoes,Fashion,3,2423.99,10.4,Cash on Delivery,Delivered,4.3
ORD002286,,CUST01356,Pune,38.0,Python Programming,Books,1,646.43,0.7,UPI,Delivered,4.5
ORD002287,2026-07-06,CUST01928,Chandigarh,25.0,Backpack,Fashion,1,1299.1,4.6,,Delivered,4.1
ORD002288,,CUST00536,Surat,35.0,Men's Casual Shirt,Fashion,1,1196.58,7.6,UPI,Delivered,3.4
ORD002289,,CUST00732,Kochi,35.0,Women's Kurti,Fashion,1,929.76,10.0,UPI,Delivered,3.7
ORD002290,,CUST01684,Mysuru,23.0,Men's Casual Shirt,Fashion,1,1153.78,8.1,Wallet,Delivered,4.3
ORD002291,,CUST00414,Bengaluru,30.0,Denim Jeans,Fashion,1,1783.54,15.0,UPI,Delivered,4.6
ORD002292,2026-10-02,CUST01869,Bengaluru,26.0,Smartwatch,Electronics,1,3535.83,9.9,UPI,Delivered,3.8
ORD002293,,CUST00631,Pune,38.0,LED Desk Lamp,Home & Kitchen,1,1018.12,3.8,UPI,Cancelled,
ORD002294,,CUST00805,Mumbai,,Skipping Rope,Sports & Fitness,2,308.12,7.4,Credit Card,Returned,1.6
ORD002295,,CUST01342,Hyderabad,38.0,Shampoo,Beauty,1,534.66,10.3,UPI,Delivered,3.8
ORD002296,,CUST00223,Pune,33.0,LED Desk Lamp,Home & Kitchen,1,1004.02,14.1,Credit Card,Delivered,3.5
ORD002297,,CUST01459,Jaipur,31.0,Men's Casual Shirt,Fashion,1,1145.11,6.1,Credit Card,Delivered,4.0
ORD002298,2026-05-01,CUST00002,Lucknow,42.0,SQL for Beginners,Books,1,652.26,10.3,Cash on Delivery,Delivered,4.9
ORD002299,,CUST01076,Ahmedabad,32.0,Water Bottle,Home & Kitchen,2,677.17,11.5,UPI,Delivered,2.6
ORD002300,2025-04-10,CUST01235,Ahmedabad,34.0,Electric Kettle,Home & Kitchen,1,1625.49,12.2,UPI,Delivered,4.6
ORD002301,,CUST00278,Ahmedabad,35.0,Bluetooth Speaker,Electronics,2,1838.88,9.8,UPI,Delivered,4.1
ORD002302,,CUST01604,Kochi,29.0,Skipping Rope,Sports & Fitness,1,295.18,8.4,UPI,Delivered,4.3
ORD002303,,CUST00868,Delhi,54.0,,Books,1,653.14,17.7,Credit Card,Delivered,4.3
ORD002304,,CUST01717,Kolkata,41.0,Wireless Earbuds,Electronics,2,2353.93,10.7,UPI,Delivered,3.7
ORD002305,,CUST00562,Kolkata,,Face Wash,Beauty,1,378.2,6.0,Debit Card,Delivered,4.6
ORD002306,2025-12-12,CUST00119,Kolkata,33.0,Wireless Earbuds,Electronics,1,2440.0,19.1,UPI,Delivered,
ORD002307,,CUST01119,Delhi,41.0,Coffee 500g,Grocery,1,440.42,12.6,Debit Card,Pending,
ORD002308,2026-07-06,CUST00224,Hyderabad,18.0,Mechanical Keyboard,Electronics,1,2864.45,8.7,UPI,Delivered,2.5
ORD002309,,CUST00384,Surat,31.0,Moisturizer,Beauty,1,576.63,7.0,Net Banking,Delivered,
ORD002310,,CUST01944,Hyderabad,35.0,Bedsheet Set,Home & Kitchen,1,1655.1,11.8,Wallet,Delivered,3.7
ORD002311,,CUST01209,Ahmedabad,44.0,Sports Track Pants,Fashion,1,1287.45,6.5,UPI,Delivered,
ORD002312,,CUST01611,Chandigarh,31.0,Non-Stick Fry Pan,Home & Kitchen,2,1315.41,12.6,Net Banking,Delivered,3.5
ORD002313,,CUST01223,Delhi,34.0,Sunscreen SPF 50,Beauty,2,685.61,7.8,Debit Card,Delivered,4.3
ORD002314,,CUST01792,Ahmedabad,35.0,Men's Casual Shirt,Fashion,3,1145.93,7.8,UPI,Delivered,3.1
ORD002315,,CUST00795,Mysuru,41.0,Water Bottle,Home & Kitchen,1,641.8,2.8,UPI,Delivered,3.6
ORD002316,2025-02-12,CUST00223,Pune,33.0,Cotton T-Shirt,Fashion,2,703.83,10.8,UPI,Delivered,4.3
ORD002317,,CUST00230,Bengaluru,27.0,Yoga Mat,Sports & Fitness,1,807.45,15.8,UPI,Delivered,3.6
ORD002318,2026-07-02,CUST00944,Mumbai,30.0,LED Desk Lamp,Home & Kitchen,2,1073.47,8.4,Net Banking,Delivered,4.1
ORD002319,,CUST01777,Kochi,24.0,Saree,Fashion,2,2231.81,7.5,UPI,Delivered,4.4
ORD002320,,CUST00933,Delhi,36.0,USB-C Fast Charger,Electronics,2,998.38,0.1,Debit Card,Returned,2.6
ORD002321,2026-05-04,CUST01443,Delhi,40.0,Sunscreen SPF 50,Beauty,1,736.99,7.5,UPI,Delivered,3.9
ORD002322,2026-12-01,CUST00331,Kochi,24.0,Backpack,Fashion,1,1275.71,6.1,Credit Card,Delivered,
ORD002323,2026-04-06,CUST02004,Pune,25.0,Atomic Habits,Books,2,572.97,9.7,UPI,Delivered,5.0
ORD002324,,CUST01147,Jaipur,29.0,Sports Track Pants,Fashion,1,1308.37,9.6,UPI,Delivered,4.3
ORD002325,2025-02-12,CUST00987,Delhi,34.0,Almonds 500g,Grocery,2,498.81,10.1,Cash on Delivery,Delivered,5.0
ORD002326,2026-10-07,CUST01230,Kochi,32.0,Shampoo,Beauty,2,536.64,12.8,Cash on Delivery,Delivered,3.7
ORD002327,,CUST01552,Jaipur,19.0,Dumbbell Set 10kg,Sports & Fitness,1,1906.17,8.6,UPI,Delivered,3.5
ORD002328,2026-08-03,CUST01238,Chennai,18.0,Sports Track Pants,Fashion,2,1277.86,17.5,UPI,Delivered,5.0
ORD002329,2026-09-07,CUST00930,Surat,30.0,Dry Fruits Mix 500g,Grocery,4,599.85,9.3,UPI,Delivered,5.0
ORD002330,2025-05-10,CUST01721,Lucknow,35.0,Atomic Habits,Books,2,601.49,8.3,Credit Card,Delivered,3.7
ORD002331,,CUST01815,Bengaluru,24.0,Protein Oats 1kg,Grocery,2,387.44,1.8,Credit Card,Delivered,4.1
ORD002332,,CUST01638,Bengaluru,41.0,Perfume,Beauty,1,1345.38,11.0,UPI,Delivered,5.0
ORD002333,2026-10-05,CUST01200,Kolkata,21.0,Men's Casual Shirt,Fashion,1,1156.04,5.1,Debit Card,Delivered,3.6
ORD002334,2025-06-09,CUST00438,Mangaluru,18.0,Storage Container Set,Home & Kitchen,1,893.47,8.6,Cash on Delivery,Delivered,4.2
ORD002335,2026-11-06,CUST01405,Pune,21.0,Competitive Aptitude,Books,1,457.6,4.7,UPI,Delivered,4.0
ORD002336,2026-03-02,CUST00715,Ahmedabad,35.0,Backpack,Fashion,3,1288.03,7.8,Credit Card,Delivered,3.4
ORD002337,2025-01-12,CUST00292,Ahmedabad,37.0,Electric Kettle,Home & Kitchen,3,1577.15,10.5,Net Banking,Delivered,3.5
ORD002338,,CUST00222,Pune,28.0,Coffee 500g,Grocery,1,414.84,9.2,UPI,Delivered,3.2
ORD002339,,CUST00404,Mysuru,44.0,Mixer Grinder,Home & Kitchen,2,3411.47,9.7,UPI,Delivered,4.6
ORD002340,,CUST01780,Mumbai,27.0,Water Bottle,Home & Kitchen,1,780.12,3.2,UPI,Delivered,4.1
ORD002341,2025-11-10,CUST01162,Hyderabad,29.0,SQL for Beginners,Books,2,662.87,9.2,Credit Card,Delivered,4.8
ORD002342,2026-09-04,CUST00468,Jaipur,41.0,Body Lotion,Beauty,2,470.79,12.7,Debit Card,Delivered,4.5
ORD002343,,CUST00348,Delhi,36.0,Laptop Backpack,Electronics,2,2048.16,2.4,UPI,Cancelled,
ORD002344,,CUST00402,Chandigarh,33.0,Water Bottle,Home & Kitchen,1,697.22,12.6,UPI,Delivered,3.7
ORD002345,2025-10-09,CUST00666,Chennai,21.0,Dumbbell Set 10kg,Sports & Fitness,1,1960.87,11.0,Credit Card,Delivered,3.6
ORD002346,,CUST00832,Surat,33.0,Laptop Backpack,Electronics,1,1798.21,12.2,Debit Card,Delivered,4.4
ORD002347,,CUST01889,Mumbai,43.0,Yoga Mat,Sports & Fitness,1,788.82,9.6,UPI,Cancelled,
ORD002348,2025-02-10,CUST01422,Chennai,23.0,Mixer Grinder,Home & Kitchen,1,3358.57,10.7,UPI,Delivered,4.6
ORD002349,,CUST00449,Ahmedabad,30.0,Women's Kurti,Fashion,1,1025.05,14.8,UPI,Delivered,
ORD002350,,CUST01360,Delhi,42.0,Sunscreen SPF 50,Beauty,2,720.38,16.2,Cash on Delivery,Delivered,5.0
ORD002351,,CUST00550,Delhi,23.0,Cotton T-Shirt,Fashion,1,715.11,10.1,Cash on Delivery,Delivered,2.9
ORD002352,,CUST00663,Jaipur,29.0,Protein Oats 1kg,Grocery,2,402.41,4.6,UPI,Delivered,4.2
ORD002353,,CUST00920,Mysuru,44.0,Dry Fruits Mix 500g,Grocery,1,559.78,10.1,Net Banking,Delivered,3.4
ORD002354,2026-01-07,CUST01141,Surat,36.0,Atomic Habits,Books,1,588.01,11.0,UPI,Pending,
ORD002355,2026-09-03,CUST00471,Hyderabad,21.0,Men's Casual Shirt,Fashion,1,1180.68,5.4,UPI,Delivered,3.3
ORD002356,,CUST01717,Kolkata,41.0,Face Wash,Beauty,3,418.43,8.1,UPI,Delivered,4.5
ORD002357,,CUST00101,Mumbai,32.0,Smartwatch,Electronics,2,3623.47,9.0,Credit Card,Delivered,4.1
ORD002358,2025-03-11,CUST01910,Lucknow,33.0,Denim Jeans,Fashion,3,1706.8,6.9,Credit Card,Delivered,3.3
ORD002359,2025-03-11,CUST00194,Ahmedabad,22.0,Coffee 500g,Grocery,4,424.22,6.8,Net banking,Delivered,5.0
ORD002360,,CUST01361,Pune,44.0,Women's Kurti,Fashion,2,1025.5,10.5,Debit Card,Delivered,2.7
ORD002361,,CUST00699,Hyderabad,28.0,Rich Dad Poor Dad,Books,3,483.41,16.2,UPI,Delivered,2.9
ORD002362,2025-11-11,CUST01184,Chennai,28.0,Almonds 500g,Grocery,1,475.39,9.8,Credit Card,Delivered,3.3
ORD002363,2026-09-08,CUST01031,Delhi,18.0,Electric Kettle,Home & Kitchen,1,1529.97,15.2,UPI,Cancelled,
ORD002364,2026-07-03,CUST00692,Mangaluru,36.0,Men's Casual Shirt,Fashion,2,1209.86,11.2,UPI,Cancelled,
ORD002365,,CUST01236,Chennai,41.0,Power Bank 20000mAh,Electronics,1,1551.47,10.3,Debit Card,Delivered,5.0
ORD002366,,CUST00135,Pune,30.0,Indian History,Books,1,579.29,10.7,Credit Card,Delivered,4.3
ORD002367,,CUST00599,Mumbai,35.0,Power Bank 20000mAh,Electronics,2,1568.26,7.1,Credit Card,Delivered,3.6
ORD002368,2025-03-11,CUST01015,Mumbai,36.0,Storage Container Set,Home & Kitchen,2,958.77,7.6,UPI,Delivered,4.0
ORD002369,2026-10-05,CUST01144,Hyderabad,18.0,Face Wash,Beauty,2,415.16,0.0,UPI,Delivered,4.0
ORD002370,2026-05-07,CUST00133,Bengaluru,27.0,Mechanical Keyboard,Electronics,1,2963.79,13.3,UPI,Delivered,4.5
ORD002371,2025-05-11,CUST01398,Bengaluru,18.0,Sunscreen SPF 50,Beauty,1,739.41,4.3,UPI,Delivered,3.6
ORD002372,,CUST01987,Mumbai,21.0,Laptop Backpack,Electronics,2,1996.63,14.3,UPI,Delivered,3.2
ORD002373,2026-02-03,CUST00121,Mangaluru,33.0,Wireless Earbuds,Electronics,2,2379.48,0.2,UPI,Delivered,3.5
ORD002374,,CUST01109,Surat,37.0,Smartwatch,Unknown,1,3283.15,9.5,UPI,Delivered,3.9
ORD002375,,CUST00823,Bengaluru,27.0,Bluetooth Speaker,Electronics,1,1802.48,4.0,Net Banking,Returned,
ORD002376,,CUST00499,Mysuru,41.0,Cooking Oil 5L,Grocery,2,756.14,7.2,UPI,Delivered,3.7
ORD002377,2025-10-11,CUST01598,Mangaluru,42.0,Men's Casual Shirt,Fashion,1,1174.01,13.7,Debit Card,Delivered,3.3
ORD002378,,CUST00596,Ahmedabad,36.0,Mechanical Keyboard,Electronics,2,2843.38,15.5,Credit Card,Delivered,4.1
ORD002379,2026-10-06,CUST00944,Mumbai,30.0,Dry Fruits Mix 500g,Grocery,2,644.93,14.1,UPI,Delivered,4.0
ORD002380,2025-01-10,CUST01913,Jaipur,29.0,Running Shoes,Fashion,2,2461.8,6.2,UPI,Delivered,3.3
ORD002381,,CUST00177,Mysuru,29.0,Coffee 500g,Grocery,2,422.87,12.9,UPI,Delivered,3.6
ORD002382,,CUST00917,Kochi,24.0,Dumbbell Set 10kg,Sports & Fitness,1,1909.37,,UPI,Delivered,2.2
ORD002383,2026-11-04,CUST00397,Chennai,37.0,Mechanical Keyboard,Electronics,2,2976.59,14.4,Debit Card,Delivered,5.0
ORD002384,2026-06-03,CUST00003,Hyderabad,18.0,Organic Honey 500g,Grocery,2,433.41,5.8,UPI,Delivered,
ORD002385,,CUST01078,Lucknow,21.0,Storage Container Set,Home & Kitchen,2,875.93,10.2,Credit Card,Delivered,3.1
ORD002386,,CUST02003,Surat,24.0,Indian History,Books,3,536.97,6.1,Net Banking,Delivered,4.8
ORD002387,2026-09-02,CUST01858,Kochi,38.0,Body Lotion,Beauty,2,438.18,7.4,Credit Card,Delivered,3.0
ORD002388,2026-02-06,CUST00921,Chandigarh,19.0,Mechanical Keyboard,Electronics,1,2904.38,14.1,UPI,Delivered,3.2
ORD002389,2026-07-03,CUST01244,Delhi,32.0,Smartwatch,Electronics,2,3384.83,9.5,UPI,Delivered,4.2
ORD002390,,CUST00704,Unknown,28.0,Gym Gloves,Sports & Fitness,1,453.99,5.9,Debit Card,Delivered,
ORD002391,,CUST00782,Hyderabad,25.0,Women's Kurti,Fashion,2,992.57,10.1,Credit Card,Delivered,
ORD002392,2025-02-10,CUST00415,Lucknow,18.0,Water Bottle,Home & Kitchen,1,669.0,,,Delivered,3.6
ORD002393,2026-08-02,CUST01330,Bengaluru,42.0,Cooking Oil 5L,Grocery,2,886.83,12.6,UPI,Delivered,3.0
ORD002394,,CUST01623,Hyderabad,19.0,Cooking Oil 5L,Grocery,1,776.02,10.6,Debit Card,Delivered,4.9
ORD002395,2025-05-11,CUST00280,Pune,27.0,Green Tea 100 Bags,Grocery,1,350.16,14.1,Debit Card,Returned,3.7
ORD002396,,CUST01760,Hyderabad,33.0,Bedsheet Set,Home & Kitchen,3,1806.9,10.5,UPI,Delivered,3.5
ORD002397,,CUST01972,Mangaluru,34.0,Basmati Rice 5kg,Grocery,2,752.87,8.6,Debit Card,Delivered,4.9
ORD002398,,CUST00453,Kochi,35.0,Data Structures,Books,4,748.63,0.4,UPI,Delivered,3.3
ORD002399,2026-03-01,CUST01959,Chennai,27.0,Shampoo,Beauty,2,510.54,12.4,UPI,Delivered,3.5
ORD002400,,CUST00028,Mangaluru,39.0,Water Bottle,Home & Kitchen,3,712.22,14.1,Credit Card,Returned,3.6
ORD002401,2026-07-07,CUST01548,Ahmedabad,32.0,USB-C Fast Charger,Electronics,1,964.21,11.3,Credit Card,Delivered,
ORD002402,2026-11-01,CUST02008,Bengaluru,30.0,Laptop Backpack,Electronics,2,1942.43,,Net Banking,Delivered,4.5
ORD002403,,CUST00124,Mysuru,38.0,Electric Kettle,Home & Kitchen,1,1557.43,7.0,UPI,Delivered,2.8
ORD002404,,CUST00679,Ahmedabad,46.0,Smartwatch,Electronics,2,3164.31,11.5,UPI,Delivered,3.2
ORD002405,,CUST01344,Kolkata,44.0,Body Lotion,Beauty,2,444.5,13.7,UPI,Delivered,
ORD002406,2026-01-05,CUST00723,Delhi,,Shampoo,Beauty,1,598.67,5.3,UPI,Delivered,5.0
ORD002407,,CUST00219,Hyderabad,28.0,Power Bank 20000mAh,Electronics,2,1431.84,1.3,UPI,Cancelled,
ORD002408,2026-09-07,CUST01225,Chandigarh,30.0,Shampoo,Beauty,1,530.44,11.0,Wallet,Delivered,3.4
ORD002409,,CUST01635,Mumbai,23.0,Storage Container Set,Home & Kitchen,1,934.06,8.8,UPI,Delivered,5.0
ORD002410,,CUST01312,Delhi,30.0,Cooking Oil 5L,Grocery,1,826.23,12.8,Debit Card,Delivered,5.0
ORD002411,,CUST00905,Chennai,22.0,Men's Casual Shirt,Fashion,2,1231.98,13.5,UPI,Delivered,5.0
ORD002412,,CUST00815,Ahmedabad,43.0,Protein Oats 1kg,Grocery,1,381.44,11.7,UPI,Delivered,4.2
ORD002413,,CUST00155,Chennai,24.0,Cooking Oil 5L,Grocery,2,788.73,1.0,UPI,Delivered,4.0
ORD002414,,CUST01121,Pune,28.0,Mixer Grinder,Home & Kitchen,1,3535.31,3.2,UPI,Delivered,3.9
ORD002415,2025-04-12,CUST00068,Kolkata,34.0,Skipping Rope,Sports & Fitness,2,305.55,7.5,UPI,Delivered,4.5
ORD002416,2026-03-08,CUST00109,Chennai,27.0,Saree,Fashion,2,2129.04,8.2,Credit Card,Delivered,5.0
ORD002417,2026-10-03,CUST00968,Hyderabad,18.0,Face Wash,Beauty,1,383.75,9.7,UPI,Delivered,4.3
ORD002418,,CUST01006,Jaipur,37.0,Water Bottle,Home & Kitchen,3,670.94,12.4,Wallet,Delivered,4.1
ORD002419,2026-12-05,CUST00193,Delhi,18.0,Gym Gloves,Sports & Fitness,2,466.79,9.6,Credit Card,Pending,
ORD002420,,CUST00292,Ahmedabad,37.0,Denim Jeans,Fashion,3,1699.84,16.0,UPI,Delivered,4.6
ORD002421,,CUST00985,Chennai,29.0,Bedsheet Set,Home & Kitchen,2,1691.0,3.0,Cash on Delivery,Delivered,2.8
ORD002422,,CUST01928,Chandigarh,25.0,Perfume,Beauty,3,1284.37,17.3,UPI,Delivered,5.0
ORD002423,2025-12-10,CUST00670,Hyderabad,33.0,Green Tea 100 Bags,Grocery,2,331.52,13.4,UPI,Delivered,
ORD002424,2026-11-03,CUST00065,Mumbai,38.0,LED Desk Lamp,Home & Kitchen,1,1015.27,6.3,Credit Card,Delivered,4.7
ORD002425,2026-01-04,CUST01301,Mumbai,20.0,Protein Oats 1kg,Grocery,1,432.58,1.7,Cash on Delivery,Delivered,4.3
ORD002426,,CUST00092,Chennai,30.0,Protein Oats 1kg,Grocery,2,404.27,7.2,Cash on Delivery,Delivered,3.0
ORD002427,2026-10-08,CUST00566,Kochi,29.0,Coffee 500g,Grocery,1,399.91,1.9,Debit Card,Delivered,
ORD002428,,CUST01253,Pune,35.0,Power Bank 20000mAh,Electronics,2,1507.0,8.8,Net Banking,Delivered,3.9
ORD002429,,CUST00846,Pune,18.0,1080p Webcam,Electronics,2,2234.33,13.7,UPI,Returned,3.6
ORD002430,2026-02-03,CUST00552,Pune,23.0,Sunscreen SPF 50,Beauty,4,742.77,8.2,Credit Card,Delivered,5.0
ORD002431,,CUST00805,Mumbai,29.0,Dumbbell Set 10kg,Sports & Fitness,2,2158.83,9.1,Net Banking,Delivered,
ORD002432,2026-11-08,CUST01065,Mysuru,28.0,Skipping Rope,Sports & Fitness,1,295.91,15.0,UPI,Delivered,4.1
ORD002433,2025-12-11,CUST00175,Bengaluru,33.0,Women's Kurti,Fashion,1,1031.92,14.0,Cash on Delivery,Delivered,3.4
ORD002434,2025-01-12,CUST00449, Ahmedabad ,30.0,Coffee 500g,Grocery,1,410.58,1.7,UPI,Delivered,
ORD002435,2025-08-11,CUST01405,Pune,21.0,Water Bottle,Home & Kitchen,1,723.26,9.5,Net Banking,Delivered,4.4
ORD002436,2025-12-10,CUST00847,Kolkata,39.0,Atomic Habits,Books,2,552.54,7.8,Credit Card,Delivered,3.7
ORD002437,2026-10-05,CUST00618,Pune,39.0,Basmati Rice 5kg,Grocery,1,772.76,0.8,Cash on Delivery,Delivered,4.9
ORD002438,,CUST01904,Jaipur,30.0,Competitive Aptitude,Books,3,444.88,13.8,Credit Card,Delivered,3.8
ORD002439,2025-03-10,CUST00829,Ahmedabad,22.0,Electric Kettle,Home & Kitchen,2,1485.09,10.1,Net Banking,Delivered,5.0
ORD002440,2026-05-07,CUST00538,Mumbai,28.0,Coffee 500g,Grocery,5,439.99,12.8,UPI,Delivered,4.8
ORD002441,,CUST02025,Bengaluru,18.0,Data Structures,Books,2,795.52,0.0,UPI,Delivered,4.7
ORD002442,,CUST00933,Delhi,36.0,Atomic Habits,Books,2,592.09,9.8,Credit Card,Delivered,5.0
ORD002443,2026-02-06,CUST01417,Hyderabad,,Sunscreen SPF 50,Beauty,1,682.61,8.3,Debit Card,Delivered,2.8
ORD002444,2025-08-10,CUST00092,Chennai,30.0,Denim Jeans,Fashion,2,1733.68,13.1,UPI,Delivered,4.1
ORD002445,2026-05-05,CUST01262,Hyderabad,30.0,Rich Dad Poor Dad,Books,1,497.19,1.0,Debit Card,Delivered,4.6
ORD002446,,CUST00630,Mysuru,32.0,Wireless Earbuds,Electronics,1,2505.26,7.4,Debit Card,Delivered,3.2
ORD002447,,CUST00038,Lucknow,28.0,Non-Stick Fry Pan,Home & Kitchen,2,1212.29,8.6,Credit Card,Delivered,4.1
ORD002448,2025-11-12,CUST00514,Surat,31.0,Basmati Rice 5kg,Grocery,2,710.45,9.5,UPI,Delivered,4.2
ORD002449,,CUST00402,Chandigarh,33.0,Electric Kettle,Home & Kitchen,2,1587.96,2.0,Credit Card,Delivered,5.0
ORD002450,,CUST01264,Kolkata,25.0,LED Desk Lamp,Home & Kitchen,1,963.48,5.6,Credit Card,Delivered,3.8
ORD002451,,CUST01431,Kolkata,24.0,Sunscreen SPF 50,Beauty,1,661.3,10.7,Wallet,Delivered,4.9
ORD002452,,CUST00651,Kolkata,37.0,Cushion Set,Home & Kitchen,2,823.9,7.7,Credit Card,Delivered,4.6
ORD002453,2026-12-06,CUST00742,Hyderabad,22.0,Coffee 500g,Grocery,1,453.16,4.6,Net Banking,Delivered,3.7
ORD002454,,CUST01405,Pune,21.0,Mechanical Keyboard,Electronics,1,3017.05,19.0,UPI,Delivered,4.0
ORD002455,,CUST00797,Pune,42.0,Dry Fruits Mix 500g,Grocery,1,619.05,0.0,Cash on Delivery,Delivered,4.7
ORD002456,,CUST00898,Surat,28.0,Basmati Rice 5kg,Grocery,1,759.2,7.5,Credit Card,Delivered,5.0
ORD002457,2025-09-10,CUST00371,Lucknow,29.0,Cycling Helmet,Sports & Fitness,2,1471.39,6.3,UPI,Delivered,3.8
ORD002458,,CUST01725,Pune,35.0,Bedsheet Set,Home & Kitchen,1,1702.01,10.5,UPI,Delivered,3.2
ORD002459,,CUST00035,Mysuru,27.0,Dumbbell Set 10kg,Sports & Fitness,2,1986.42,6.2,UPI,Delivered,2.9
ORD002460,2025-01-11,CUST00371,Lucknow,29.0,Hair Serum,Beauty,2,485.29,11.3,UPI,Delivered,4.0
ORD002461,,CUST02005,Mumbai,41.0,Python Programming,Books,1,732.96,8.6,Credit Card,Delivered,3.6
ORD002462,,CUST00709,Delhi,40.0,Men's Casual Shirt,Fashion,1,1184.39,10.6,UPI,Delivered,
ORD002463,2026-02-07,CUST00138,Mysuru,22.0,Organic Honey 500g,Grocery,2,455.46,13.0,Credit Card,Delivered,3.5
ORD002464,,CUST01793,Mysuru,35.0,Indian History,Books,1,543.36,8.1,UPI,Delivered,2.7
ORD002465,2025-06-09,CUST00364,Bengaluru,42.0,Cycling Helmet,Sports & Fitness,1,1661.25,12.5,Credit Card,Delivered,4.5
ORD002466,2026-05-06,CUST00723,Delhi,42.0,Wireless Earbuds,Electronics,2,2507.71,8.5,Credit Card,Delivered,4.5
ORD002467,,CUST01609,Bengaluru,31.0,Sunscreen SPF 50,Beauty,4,709.97,9.8,Wallet,Delivered,3.6
ORD002468,2025-05-09,CUST01615,Hyderabad,36.0,Running Shoes,Fashion,1,2490.42,10.7,Net Banking,Delivered,4.5
ORD002469,,CUST00437,Chennai,20.0,Cotton T-Shirt,Fashion,1,669.7,16.5,UPI,Delivered,3.7
ORD002470,2026-12-04,CUST00868,Delhi,54.0,Protein Oats 1kg,Grocery,1,387.32,7.5,UPI,Cancelled,
ORD002471,,CUST00979,Ahmedabad,33.0,Data Structures,Books,1,795.31,9.2,Credit Card,Delivered,3.6
ORD002472,,CUST00022,Hyderabad,21.0,Coffee 500g,Grocery,1,444.35,11.5,UPI,Delivered,3.8
ORD002473,,CUST01469,Mumbai,,Moisturizer,Beauty,2,686.54,7.6,UPI,Delivered,3.6
ORD002474,,CUST00497,Kochi,29.0,Smartwatch,Electronics,1,3140.86,1.1,Debit Card,Delivered,4.6
ORD002475,2026-04-08,CUST00954,Surat,34.0,Laptop Backpack,Electronics,2,1862.21,13.0,Credit Card,Delivered,3.6
ORD002476,,CUST01258,Delhi,40.0,LED Desk Lamp,Home & Kitchen,1,991.13,5.4,Credit Card,Delivered,3.7
ORD002477,,CUST01365,Kochi,39.0,Coffee 500g,Grocery,2,433.42,8.1,UPI,Delivered,4.6
ORD002478,,CUST00173,Kolkata,30.0,Smartwatch,Electronics,1,3161.42,11.7,Debit Card,Cancelled,
ORD002479,,CUST02039,Surat,41.0,Bluetooth Speaker,Electronics,1,1726.7,5.6,Credit Card,Delivered,4.3
ORD002480,2025-10-11,CUST01508,Mysuru,36.0,Atomic Habits,Books,1,557.4,13.2,UPI,Delivered,3.7
ORD002481,2026-12-06,CUST01585,Kolkata,45.0,Shampoo,Beauty,2,527.85,7.9,UPI,Delivered,4.2
ORD002482,,CUST00795,Mysuru,41.0,Protein Oats 1kg,Grocery,2,390.53,10.2,Net Banking,Delivered,3.8
ORD002483,,CUST00407,Chennai,23.0,Cotton T-Shirt,Fashion,3,722.03,11.4,UPI,Delivered,4.4
ORD002484,2026-05-03,CUST00210,Hyderabad,18.0,Cooking Oil 5L,Grocery,2,779.78,0.0,UPI,Delivered,
ORD002485,2026-12-08,CUST01673,Bengaluru,28.0,,Electronics,2,1494.1,7.2,UPI,Pending,
ORD002486,2025-01-09,CUST00757,Mumbai,26.0,Coffee 500g,Grocery,2,432.5,0.0,Credit Card,Delivered,4.6
ORD002487,,CUST00624,Chennai,26.0,Electric Kettle,Home & Kitchen,2,1581.38,7.5,Debit Card,Delivered,2.9
ORD002488,2026-09-01,CUST02005,Mumbai,41.0,Water Bottle,Home & Kitchen,1,719.09,5.8,Credit Card,Delivered,
ORD002489,,CUST00363,Lucknow,29.0,Women's Kurti,Fashion,1,979.24,11.6,Credit Card,Delivered,3.6
ORD002490,,CUST00075,Bengaluru,33.0,Yoga Mat,Sports & Fitness,2,804.75,4.1,Debit Card,Delivered,3.9
ORD002491,,CUST00820,Pune,18.0,Water Bottle,Home & Kitchen,2,742.68,8.0,Net Banking,Delivered,4.0
ORD002492,,CUST01855,Delhi,33.0,Gym Gloves,Sports & Fitness,1,462.75,9.5,Credit Card,Delivered,4.7
ORD002493,,CUST01031,Delhi,18.0,Cushion Set,Home & Kitchen,1,828.67,12.4,Credit Card,Delivered,4.5
ORD002494,,CUST00742,Hyderabad,22.0,Dumbbell Set 10kg,Sports & Fitness,2,1988.2,11.3,UPI,Delivered,4.2
ORD002495,,CUST01132,Bengaluru,31.0,Coffee 500g,Grocery,1,441.28,7.6,UPI,Delivered,3.4
ORD002496,2025-02-09,CUST00046,Surat,30.0,Data Structures,Books,2,802.21,14.8,UPI,Delivered,4.5
ORD002497,,CUST00798,Bengaluru,29.0,Resistance Bands,Sports & Fitness,2,637.6,1.9,Wallet,Delivered,
ORD002498,,CUST01666,Surat,29.0,USB-C Fast Charger,Electronics,2,965.2,6.7,UPI,Delivered,3.3
ORD002499,,CUST02001,Surat,26.0,Water Bottle,Home & Kitchen,2,668.88,12.4,Wallet,Delivered,3.8
ORD002500,2025-02-09,CUST00514,Surat,31.0,Green Tea 100 Bags,Grocery,3,337.59,12.2,UPI,Cancelled,
ORD002501,2025-11-11,CUST00593,Mumbai,28.0,Moisturizer,Beauty,1,664.65,9.1,Wallet,Delivered,5.0
ORD002502,,CUST00954,Surat,34.0,Bedsheet Set,Home & Kitchen,2,1755.05,9.2,Cash on Delivery,Delivered,4.0
ORD002503,,CUST00494,Mumbai,28.0,Python Programming,Books,3,716.69,10.3,UPI,Delivered,3.7
ORD002504,,CUST00551,Bengaluru,51.0,USB-C Fast Charger,Electronics,1,1115.5,12.0,UPI,Delivered,4.1
ORD002505,,CUST00006,Kochi,25.0,Laptop Backpack,Electronics,1,1865.92,7.4,UPI,Delivered,4.6
ORD002506,,CUST01798,Kolkata,37.0,Cricket Bat,Sports & Fitness,1,2334.04,13.0,UPI,Delivered,4.2
ORD002507,,CUST01096,Mangaluru,42.0,Resistance Bands,Sports & Fitness,2,600.97,9.1,Debit Card,Delivered,3.8
ORD002508,,CUST00193,Delhi,18.0,Rich Dad Poor Dad,Books,1,481.22,7.5,UPI,Returned,3.2
ORD002509,,CUST00437,Chennai,20.0,Yoga Mat,Sports & Fitness,1,785.99,6.6,Net Banking,Delivered,3.7
ORD002510,,CUST00835,Kolkata,32.0,SQL for Beginners,Books,1,649.73,9.1,Net Banking,Delivered,3.5
ORD002511,2025-06-10,CUST00046,Surat,30.0,Basmati Rice 5kg,Grocery,1,750.62,15.2,UPI,Delivered,
ORD002512,,CUST01036,Chennai,30.0,Almonds 500g,Grocery,2,501.55,9.0,Credit Card,Delivered,4.6
ORD002513,2025-01-11,CUST00370,Lucknow,40.0,Perfume,Beauty,1,1207.31,4.3,UPI,Delivered,3.7
ORD002514,,CUST00423,Kochi,20.0,Coffee 500g,Grocery,3,0.0,6.3,UPI,Delivered,
ORD002515,2025-11-10,CUST00671,Chennai,18.0,Shampoo,Beauty,3,525.26,16.3,Credit Card,Delivered,2.7
ORD002516,,CUST01633,Delhi,23.0,Basmati Rice 5kg,Grocery,2,745.81,11.3,Credit Card,Delivered,2.4
ORD002517,,CUST01151,Bengaluru,19.0,1080p Webcam,Electronics,1,2330.11,12.1,UPI,Delivered,
ORD002518,2025-09-11,CUST00527,Hyderabad,38.0,Men's Casual Shirt,Fashion,1,1148.86,7.7,UPI,Delivered,3.5
ORD002519,,CUST00092,Chennai,30.0,Data Structures,Books,1,798.12,12.4,UPI,Delivered,4.8
ORD002520,2026-11-08,CUST00551,bengaluru,51.0,Power Bank 20000mAh,Electronics,2,1621.55,9.5,Credit Card,Delivered,4.7
ORD002521,,CUST00100,Pune,24.0,Football,Sports & Fitness,1,870.56,9.0,UPI,Delivered,4.0
ORD002522,2026-03-01,CUST00434,Mangaluru,27.0,Body Lotion,Beauty,1,450.1,8.3,Net Banking,Delivered,4.0
ORD002523,,CUST00806,Pune,30.0,Bluetooth Speaker,Electronics,1,1754.25,9.4,UPI,Delivered,4.0
ORD002524,,CUST00027,Bengaluru,36.0,1080p Webcam,Electronics,1,2351.7,12.3,UPI,Delivered,2.6
ORD002525,,CUST01714,Pune,50.0,Running Shoes,Fashion,1,2559.54,7.4,Cash on Delivery,Delivered,3.6
ORD002526,,CUST01859,Surat,42.0,Mechanical Keyboard,Electronics,2,2687.26,2.8,UPI,Delivered,4.2
ORD002527,,CUST01391,Hyderabad,36.0,Wireless Earbuds,Electronics,2,2626.34,11.8,Debit Card,Delivered,4.7
ORD002528,2025-03-11,CUST00010,Hyderabad,31.0,Cricket Bat,Sports & Fitness,2,2369.07,9.1,Net Banking,Delivered,4.9
ORD002529,2026-04-03,CUST01643,Hyderabad,27.0,Atomic Habits,Books,1,605.27,1.8,UPI,Delivered,4.4
ORD002530,,CUST01377,Bengaluru,48.0,Almonds 500g,Grocery,2,530.64,10.9,UPI,Delivered,4.2
ORD002531,2026-07-07,CUST01534,Jaipur,21.0,Competitive Aptitude,Books,3,459.74,6.8,UPI,Delivered,5.0
ORD002532,2026-03-08,CUST01356,Pune,38.0,Lipstick,Beauty,3,589.73,17.3,Net Banking,Delivered,4.2
ORD002533,,CUST00284,Jaipur,32.0,Saree,Fashion,3,2150.92,13.4,Credit Card,Delivered,
ORD002534,,CUST00832,Surat,33.0,1080p Webcam,Electronics,1,2227.75,8.1,UPI,Delivered,4.5
ORD002535,,CUST00527,Hyderabad,38.0,Cotton T-Shirt,Fashion,1,713.65,15.4,UPI,Pending,
ORD002536,2025-05-11,CUST01777,Kochi,24.0,Cotton T-Shirt,Fashion,2,726.15,12.1,UPI,Delivered,5.0
ORD002537,2025-11-11,CUST01177,Lucknow,40.0,Denim Jeans,Fashion,3,1876.57,15.5,Cash on Delivery,Delivered,4.2
ORD002538,,CUST01919,Mysuru,23.0,Data Structures,Books,3,834.47,9.0,UPI,Delivered,
ORD002539,2026-12-04,CUST00226,Hyderabad,29.0,Skipping Rope,Sports & Fitness,3,298.89,9.5,UPI,Delivered,3.7
ORD002540,2026-06-07,CUST00591,Hyderabad,26.0,Backpack,Fashion,2,1346.47,12.4,Debit Card,Cancelled,
ORD002541,2026-07-06,CUST00051,Delhi,24.0,Water Bottle,Home & Kitchen,2,685.75,15.4,Cash on Delivery,Delivered,3.3
ORD002542,2025-12-10,CUST00414,Bengaluru,30.0,Non-Stick Fry Pan,Home & Kitchen,2,1335.93,11.1,UPI,Delivered,3.7
ORD002543,,CUST00781,Chennai,40.0,Denim Jeans,Fashion,2,1751.92,1.0,UPI,Delivered,3.4
ORD002544,,CUST00477,Lucknow,43.0,Denim Jeans,Fashion,1,1849.21,3.4,UPI,Delivered,4.1
ORD002545,,CUST01323,Hyderabad,30.0,Bluetooth Speaker,Electronics,2,1767.39,14.0,UPI,Delivered,
ORD002546,2026-10-06,CUST00336,Mysuru,29.0,Protein Oats 1kg,Grocery,2,389.19,5.0,UPI,Delivered,4.0
ORD002547,,CUST00837,Ahmedabad,27.0,Mechanical Keyboard,Electronics,1,2650.47,4.5,Cash on Delivery,Cancelled,
ORD002548,2026-03-05,CUST01993,Surat,22.0,Resistance Bands,Sports & Fitness,1,593.84,5.3,Credit Card,Delivered,3.9
ORD002549,2026-12-03,CUST00437,Chennai,20.0,Python Programming,Books,3,721.6,11.0,UPI,Delivered,5.0
ORD002550,,CUST00937,Surat,31.0,Cooking Oil 5L,Grocery,2,800.65,10.9,UPI,Delivered,3.7
ORD002551,,CUST00868,Delhi,54.0,Cotton T-Shirt,Fashion,1,751.36,12.7,Wallet,Delivered,3.1
ORD002552,,CUST00282,Pune,18.0,Green Tea 100 Bags,Grocery,2,378.33,11.3,Wallet,Delivered,3.2
ORD002553,,CUST00221,Lucknow,18.0,Wireless Earbuds,Electronics,2,2368.53,2.2,UPI,Delivered,3.3
ORD002554,,CUST01765,Chandigarh,18.0,Face Wash,Beauty,1,390.38,7.3,UPI,Delivered,4.3
ORD002555,,CUST00064,Surat,30.0,Cricket Bat,Sports & Fitness,1,2403.03,14.3,Credit Card,Delivered,4.1
ORD002556,2025-09-09,CUST01146,Delhi,36.0,Cushion Set,Home & Kitchen,2,815.41,12.6,UPI,Delivered,3.8
ORD002557,,CUST01232,Lucknow,36.0,Atomic Habits,Books,2,597.39,7.6,Debit Card,Delivered,4.7
ORD002558,2026-08-05,CUST01801,Delhi,39.0,Electric Kettle,Home & Kitchen,1,1552.01,3.9,Debit Card,Delivered,3.9
ORD002559,,CUST01634,Delhi,28.0,Yoga Mat,Sports & Fitness,3,814.13,10.0,UPI,Delivered,3.2
ORD002560,,CUST01526,Ahmedabad,36.0,Cushion Set,Home & Kitchen,1,767.45,10.2,UPI,Delivered,3.2
ORD002561,2026-06-01,CUST00381,CHENNAI,35.0,Saree,Fashion,3,2289.7,10.6,Credit Card,Delivered,
ORD002562,,CUST01004,Delhi,22.0,Bedsheet Set,Home & Kitchen,1,1656.94,8.7,Credit Card,Delivered,4.1
ORD002563,2025-08-12,CUST00514,Surat,31.0,LED Desk Lamp,Home & Kitchen,1,1013.92,5.7,Credit Card,Delivered,4.0
ORD002564,2026-11-02,CUST00204,Hyderabad,23.0,Cushion Set,Home & Kitchen,3,777.2,9.7,Credit Card,Delivered,3.8
ORD002565,,CUST01619,Chandigarh,37.0,Smartwatch,Electronics,2,3135.38,11.3,Cash on Delivery,Delivered,3.9
ORD002566,,CUST01971,Chennai,20.0,Hair Serum,Beauty,1,494.93,11.2,UPI,Delivered,3.1
ORD002567,,CUST00878,Mumbai,36.0,Skipping Rope,Sports & Fitness,2,303.42,10.8,UPI,Delivered,3.5
ORD002568,,CUST00598,Jaipur,25.0,USB-C Fast Charger,Electronics,1,988.01,7.6,UPI,Delivered,
ORD002569,2026-06-03,CUST00959,Mysuru,18.0,Body Lotion,Beauty,2,470.6,9.4,Cash on Delivery,Delivered,3.4
ORD002570,,CUST00364,Bengaluru,42.0,Bedsheet Set,Home & Kitchen,3,1825.45,12.9,UPI,Delivered,3.6
ORD002571,,CUST00709,Delhi,40.0,Electric Kettle,Home & Kitchen,1,1595.03,11.4,Net Banking,Delivered,
ORD002572,2026-05-08,CUST01680,Chennai,26.0,Almonds 500g,Grocery,1,499.92,14.1,UPI,Delivered,3.9
ORD002573,,CUST01597,Kochi,30.0,Competitive Aptitude,Books,3,421.08,14.3,Credit Card,Delivered,4.0
ORD002574,2026-08-05,CUST01747,Mumbai,34.0,Dumbbell Set 10kg,Sports & Fitness,2,2161.29,2.9,Credit Card,Delivered,2.9
ORD002575,,CUST00609,Surat,21.0,Bluetooth Speaker,Electronics,1,1751.94,9.5,UPI,Delivered,4.0
ORD002576,,CUST00978,Lucknow,24.0,Green Tea 100 Bags,Grocery,2,333.44,9.5,UPI,Delivered,3.8
ORD002577,,CUST00657,Kolkata,36.0,Storage Container Set,Home & Kitchen,1,864.66,2.0,UPI,Delivered,4.7
ORD002578,2025-08-12,CUST01743,Pune,18.0,Storage Container Set,Home & Kitchen,3,981.63,15.3,UPI,Delivered,4.7
ORD002579,2026-06-02,CUST00779,Jaipur,41.0,Coffee 500g,Grocery,2,411.85,7.4,UPI,Delivered,5.0
ORD002580,2026-04-03,CUST01793,Mysuru,,Mixer Grinder,Home & Kitchen,2,3447.35,12.3,Debit Card,Delivered,3.3
ORD002581,2026-06-08,CUST00477,Lucknow,43.0,Mechanical Keyboard,Electronics,2,2691.22,2.5,Debit Card,Cancelled,
ORD002582,,CUST00618,pune,39.0,Organic Honey 500g,Grocery,1,445.41,7.3,Cash on Delivery,Delivered,
ORD002583,,CUST00422,Mangaluru,28.0,Backpack,Fashion,2,1241.03,9.6,UPI,Delivered,3.4
ORD002584,2025-03-12,CUST00335,Chennai,30.0,Running Shoes,Fashion,2,2563.26,12.0,UPI,Delivered,3.9
ORD002585,2026-06-06,CUST00483,Delhi,37.0,Saree,Fashion,2,2298.3,0.0,Wallet,Pending,
ORD002586,,CUST01967,Mumbai,32.0,Atomic Habits,Books,1,634.81,8.2,UPI,Delivered,3.4
ORD002587,,CUST00781,Chennai,40.0,Cushion Set,Home & Kitchen,2,732.45,7.7,UPI,Delivered,
ORD002588,2026-06-03,CUST01204,Chandigarh,38.0,Machine Learning Basics,Books,3,892.62,8.6,Debit Card,Delivered,4.3
ORD002589,,CUST01756,Bengaluru,38.0,Sunscreen SPF 50,Beauty,1,693.36,4.2,UPI,Returned,
ORD002590,,CUST00656,Delhi,33.0,Cycling Helmet,Sports & Fitness,1,1591.28,11.4,Wallet,Delivered,5.0
ORD002591,2026-08-05,CUST01492,Kolkata,38.0,Machine Learning Basics,Books,1,848.89,5.5,upi,Delivered,4.3
ORD002592,,CUST01139,Ahmedabad,26.0,Water Bottle,Home & Kitchen,3,684.74,6.3,UPI,Delivered,5.0
ORD002593,2025-07-11,CUST01688,Bengaluru,23.0,Coffee 500g,Grocery,1,423.26,14.5,UPI,Delivered,4.0
ORD002594,,CUST00391,Chennai,18.0,Face Wash,Beauty,2,394.75,10.6,UPI,Cancelled,
ORD002595,,CUST01613,Delhi,30.0,1080p Webcam,Electronics,2,2234.98,10.5,UPI,Delivered,
ORD002596,,CUST01435,Jaipur,21.0,Atomic Habits,Books,3,569.58,12.6,Cash on Delivery,Delivered,3.4
ORD002597,,CUST01002,Mumbai,33.0,Power Bank 20000mAh,Electronics,1,1560.01,9.4,Debit Card,Delivered,
ORD002598,2025-02-12,CUST01096,Mangaluru,42.0,LED Desk Lamp,Home & Kitchen,1,943.25,13.0,UPI,Returned,3.3
ORD002599,2026-04-03,CUST02016,Chennai,30.0,Electric Kettle,Home & Kitchen,3,1590.4,8.4,Credit Card,Delivered,4.8
ORD002600,2025-11-09,CUST00556,Kochi,29.0,Men's Casual Shirt,Fashion,1,1176.13,7.3,Cash on Delivery,Delivered,3.5
ORD002601,2026-05-03,CUST00377,Pune,21.0,Backpack,Fashion,3,1395.73,7.3,UPI,Delivered,4.7
ORD002602,,CUST01704,ahmedabad,27.0,Python Programming,Books,1,695.94,4.8,UPI,Delivered,3.8
ORD002603,2026-11-01,CUST01814,Surat,23.0,Atomic Habits,Books,1,595.1,12.7,UPI,Delivered,3.9
ORD002604,2025-03-10,CUST00405,Delhi,47.0,Smartwatch,Electronics,1,3319.49,10.2,UPI,Delivered,4.4
ORD002605,,CUST00676,Hyderabad,42.0,1080p Webcam,Electronics,2,2420.95,14.6,Debit Card,Delivered,5.0
ORD002606,2025-03-09,CUST01981,Mumbai,31.0,Bluetooth Speaker,Electronics,2,1892.35,12.4,Credit Card,Delivered,4.3
ORD002607,2025-06-10,CUST00679,Ahmedabad,46.0,Power Bank 20000mAh,Electronics,2,1433.71,10.4,Cash on Delivery,Delivered,4.0
ORD002608,,CUST01928,Chandigarh,25.0,Protein Oats 1kg,Grocery,2,384.39,11.1,Credit Card,Delivered,4.2
ORD002609,,CUST01241,Hyderabad,29.0,Almonds 500g,Grocery,1,509.29,11.6,UPI,Delivered,4.1
ORD002610,,CUST00229,Kolkata,33.0,Competitive Aptitude,Books,1,455.91,8.0,Debit Card,Delivered,
ORD002611,,CUST00316,Chandigarh,18.0,Skipping Rope,Sports & Fitness,2,296.67,5.9,Credit Card,Delivered,4.8
ORD002612,2026-10-03,CUST01815,Bengaluru,24.0,Running Shoes,Fashion,2,2618.71,12.9,Cash on Delivery,Delivered,4.1
ORD002613,2026-10-01,CUST01201,Kolkata,28.0,Coffee 500g,Grocery,3,418.93,11.7,Wallet,Delivered,5.0
ORD002614,,CUST00412,MYSURU,30.0,Men's Casual Shirt,Fashion,2,1211.29,2.9,UPI,Delivered,3.4
ORD002615,2025-07-10,CUST00647,Mangaluru,43.0,Rich Dad Poor Dad,Books,1,496.56,17.7,Credit Card,Pending,
ORD002616,,CUST01157,Hyderabad,35.0,LED Desk Lamp,Home & Kitchen,2,1009.47,3.7,Debit Card,Delivered,4.2
ORD002617,2026-05-03,CUST01494,Ahmedabad,36.0,Data Structures,Books,1,757.5,6.7,UPI,Delivered,4.6
ORD002618,,CUST00006,Kochi,25.0,Shampoo,Beauty,2,536.84,13.6,Credit Card,Delivered,4.2
ORD002619,,CUST00525,Pune,22.0,Sunscreen SPF 50,Beauty,2,686.23,14.6,UPI,Delivered,4.6
ORD002620,,CUST01823,Jaipur,24.0,Cooking Oil 5L,Grocery,3,780.25,11.4,UPI,Delivered,4.0
ORD002621,,CUST00334,Mysuru,30.0,Face Wash,Beauty,4,384.49,9.7,Credit Card,Delivered,4.3
ORD002622,,CUST01147,Jaipur,29.0,USB-C Fast Charger,Electronics,1,1053.21,7.7,Credit Card,Delivered,4.3
ORD002623,2025-10-09,CUST01938,Lucknow,37.0,Python Programming,Books,2,692.45,7.8,UPI,Delivered,4.0
ORD002624,,CUST00046,Surat,30.0,Hair Serum,Beauty,2,500.47,10.5,Cash on Delivery,Cancelled,
ORD002625,,CUST01288,Bengaluru,43.0,Almonds 500g,Grocery,1,522.66,7.1,UPI,Delivered,
ORD002626,,CUST00157,Hyderabad,27.0,Water Bottle,Home & Kitchen,3,0.0,10.1,UPI,Delivered,4.7
ORD002627,,CUST01002,Mumbai,33.0,Smartwatch,Electronics,1,3161.96,10.5,Credit Card,Returned,
ORD002628,,CUST00221,Lucknow,18.0,Wireless Earbuds,Electronics,2,2418.22,5.6,UPI,Delivered,4.6
ORD002629,2025-09-12,CUST00320,Bengaluru,23.0,Cooking Oil 5L,Grocery,2,869.6,1.5,UPI,Delivered,3.7
ORD002630,,CUST00146,Mangaluru,39.0,Storage Container Set,Home & Kitchen,1,887.78,8.3,Credit Card,Delivered,4.2
ORD002631,,CUST00305,Mumbai,26.0,Water Bottle,Home & Kitchen,2,721.47,5.5,Cash on Delivery,Delivered,4.8
ORD002632,2026-03-08,CUST01858,Kochi,38.0,Storage Container Set,Home & Kitchen,1,865.54,6.5,Debit Card,Delivered,
ORD002633,,CUST01542,Surat,24.0,Bedsheet Set,Home & Kitchen,3,1679.03,9.9,Cash on Delivery,Delivered,4.5
ORD002634,2026-12-01,CUST01990,Hyderabad,39.0,Basmati Rice 5kg,Grocery,1,760.2,8.1,Credit Card,Delivered,3.7
ORD002635,2026-05-06,CUST01923,Jaipur,28.0,Lipstick,Beauty,2,612.41,5.2,Net Banking,Delivered,5.0
ORD002636,2025-12-09,CUST01959,Chennai,27.0,Organic Honey 500g,Grocery,2,436.0,15.5,UPI,Delivered,
ORD002637,,CUST00163,Hyderabad,27.0,Moisturizer,Beauty,1,580.38,9.8,UPI,Delivered,3.6
ORD002638,2025-04-12,CUST02049,Kolkata,32.0,Mixer Grinder,Home & Kitchen,3,3358.72,7.3,UPI,Delivered,3.9
ORD002639,,CUST01171,Mumbai,35.0,USB-C Fast Charger,Electronics,1,995.71,11.0,UPI,Cancelled,
ORD002640,,CUST00292,Ahmedabad,37.0,Wireless Earbuds,Electronics,1,2370.55,10.1,Credit Card,Delivered,
ORD002641,,CUST00302,Ahmedabad,24.0,Face Wash,Beauty,3,391.54,3.6,Cash on Delivery,Delivered,3.3
ORD002642,,CUST01780,Mumbai,27.0,1080p Webcam,Electronics,1,2270.25,8.8,UPI,Delivered,3.7
ORD002643,2026-03-05,CUST00914,Kochi,26.0,Non-Stick Fry Pan,Home & Kitchen,1,1301.12,6.8,Debit Card,Returned,3.1
ORD002644,,CUST00017,Pune,40.0,Mechanical Keyboard,Electronics,2,2964.83,9.5,UPI,Delivered,5.0
ORD002645,,CUST01132,Bengaluru,31.0,Yoga Mat,Sports & Fitness,1,822.18,14.9,UPI,Delivered,4.3
ORD002646,,CUST01448,Surat,40.0,Python Programming,Books,1,727.43,6.2,Credit Card,Pending,
ORD002647,2025-04-11,CUST00267,Jaipur,36.0,Backpack,Fashion,1,1314.88,10.0,UPI,Delivered,3.2
ORD002648,,CUST00823,Bengaluru,27.0,1080p Webcam,Electronics,1,2382.08,10.4,UPI,Delivered,4.5
ORD002649,2025-05-11,CUST00643,Hyderabad,28.0,Protein Oats 1kg,Grocery,1,415.11,8.2,UPI,Delivered,5.0
ORD002650,2025-11-10,CUST01512,Surat,34.0,Yoga Mat,Sports & Fitness,1,822.26,8.3,Debit Card,Delivered,3.3
ORD002651,,CUST01763,Pune,34.0,Power Bank 20000mAh,Electronics,1,1449.27,13.9,UPI,Delivered,3.8
ORD002652,2025-09-09,CUST01998,Bengaluru,41.0,Laptop Backpack,Electronics,2,2136.51,9.7,UPI,Delivered,4.9
ORD002653,,CUST00118,Mysuru,34.0,Smartwatch,Electronics,2,3196.88,11.9,Cash on Delivery,Delivered,3.1
ORD002654,,CUST00081,Ahmedabad,45.0,Power Bank 20000mAh,Electronics,2,1485.97,0.0,Credit Card,Delivered,3.3
ORD002655,,CUST01242,Lucknow,20.0,Non-Stick Fry Pan,Home & Kitchen,3,1309.95,1.1,Credit Card,Delivered,4.0
ORD002656,2026-12-01,CUST01348,Kochi,29.0,Coffee 500g,Grocery,1,418.43,7.6,UPI,Delivered,4.5
ORD002657,2025-04-12,CUST01849,Bengaluru,26.0,Women's Kurti,Fashion,1,1010.6,14.8,UPI,Delivered,3.8
ORD002658,,CUST01519,Bengaluru,35.0,Green Tea 100 Bags,Grocery,1,337.6,10.9,UPI,Delivered,4.3
ORD002659,,CUST00450,Kochi,42.0,Men's Casual Shirt,Fashion,1,1136.2,7.8,Cash on Delivery,Cancelled,
ORD002660,2026-10-01,CUST01959,Chennai,27.0,Women's Kurti,Fashion,1,987.11,4.2,UPI,Pending,
ORD002661,2025-05-11,CUST00494,Mumbai,,Electric Kettle,Home & Kitchen,2,1753.68,8.3,Net Banking,Delivered,4.3
ORD002662,,CUST00682,Delhi,28.0,Cycling Helmet,Sports & Fitness,1,1538.38,11.0,UPI,Delivered,5.0
ORD002663,2025-07-10,CUST01145,Chandigarh,28.0,Wireless Earbuds,Electronics,2,2444.38,13.1,Net Banking,Delivered,5.0
ORD002664,,CUST00679,Ahmedabad,46.0,Running Shoes,Fashion,1,2535.17,9.0,Credit Card,Delivered,3.3
ORD002665,,CUST00092,Chennai,30.0,Water Bottle,Home & Kitchen,1,704.74,8.1,UPI,Delivered,5.0
ORD002666,,CUST00915,Chandigarh,31.0,Hair Serum,Beauty,1,465.32,8.6,Credit Card,Delivered,3.3
ORD002667,,CUST01255,Delhi,30.0,Atomic Habits,Books,1,623.4,12.8,Cash on Delivery,Delivered,4.7
ORD002668,2026-01-06,CUST00888,Lucknow,25.0,Protein Oats 1kg,Grocery,1,396.22,6.2,UPI,Delivered,2.8
ORD002669,,CUST01735,Delhi,31.0,Protein Oats 1kg,Grocery,1,393.77,9.3,UPI,Delivered,4.3
ORD002670,2025-10-10,CUST00402,Chandigarh,33.0,Machine Learning Basics,Books,2,875.81,5.9,UPI,Delivered,4.3
ORD002671,2026-05-01,CUST00573,Chennai,35.0,Competitive Aptitude,Books,1,464.71,6.6,Net Banking,Delivered,4.6
ORD002672,2026-03-03,CUST00429,Bengaluru,41.0,Cooking Oil 5L,Grocery,1,808.68,11.1, UPI ,Delivered,4.2
ORD002673,,CUST01012,Mumbai,40.0,USB-C Fast Charger,Electronics,1,1080.97,12.0,Cash on Delivery,Delivered,3.5
ORD002674,2026-07-07,CUST01633,Delhi,23.0,Denim Jeans,Fashion,1,1885.59,5.6,UPI,Delivered,3.5
ORD002675,,CUST01448,Surat,40.0,Running Shoes,Fashion,1,2371.31,17.3,UPI,Delivered,
ORD002676,,CUST00242,Delhi,20.0,Body Lotion,Beauty,1,441.64,14.1,Net Banking,Delivered,2.9
ORD002677,2026-12-04,CUST00238,Pune,32.0,Cushion Set,Home & Kitchen,1,812.11,7.7,UPI,Delivered,
ORD002678,,CUST01668,Bengaluru,25.0,Storage Container Set,Home & Kitchen,2,941.89,5.4,UPI,Delivered,
ORD002679,2026-11-02,CUST00100,Pune,24.0,1080p Webcam,Electronics,1,2423.76,5.6,Net Banking,Delivered,3.2
ORD002680,2026-09-08,CUST00826,Ahmedabad,33.0,Laptop Backpack,Electronics,1,1909.59,7.4,UPI,Delivered,3.8
ORD002681,,CUST00369,Mysuru,25.0,USB-C Fast Charger,Electronics,2,948.34,13.1,Debit Card,Delivered,3.2
ORD002682,,CUST00457,Surat,21.0,Sports Track Pants,Fashion,2,1274.61,10.1,Wallet,Delivered,4.6
ORD002683,,CUST01919,Mysuru,23.0,Rich Dad Poor Dad,Books,2,499.95,14.5,Wallet,Delivered,4.9
ORD002684,2025-10-11,CUST01349,Chennai,30.0,Water Bottle,Home & Kitchen,3,703.8,11.6,Credit Card,Delivered,5.0
ORD002685,,CUST00669,Jaipur,31.0,Dry Fruits Mix 500g,Grocery,1,601.32,12.7,Net Banking,Delivered,3.0
ORD002686,2026-11-04,CUST01910,Lucknow,33.0,Cycling Helmet,Sports & Fitness,2,1539.0,8.5,UPI,Delivered,3.0
ORD002687,,CUST00726,Mangaluru,25.0,Bedsheet Set,Home & Kitchen,1,1602.26,11.2,Credit Card,Delivered,4.0
ORD002688,2025-09-12,CUST00834,Bengaluru,27.0,Power Bank 20000mAh,Electronics,1,1597.74,13.1, UPI ,Delivered,4.2
ORD002689,2025-03-12,CUST01541,Surat,31.0,Running Shoes,Fashion,1,2384.94,10.6,Net Banking,Delivered,5.0
ORD002690,2025-05-11,CUST01594,Ahmedabad,32.0,1080p Webcam,Electronics,2,2152.88,13.9,Net Banking,Pending,
ORD002691,,CUST01865,Pune,18.0,Laptop Backpack,Electronics,1,1931.29,12.9,Credit Card,Returned,1.1
ORD002692,,CUST01955,Mumbai,36.0,Storage Container Set,Home & Kitchen,2,947.43,12.0,Debit Card,Delivered,4.3
ORD002693,,CUST00090,Lucknow,33.0,Skipping Rope,Sports & Fitness,2,298.94,7.7,UPI,Delivered,5.0
ORD002694,2025-09-09,CUST00813,Bengaluru,26.0,Cotton T-Shirt,Fashion,1,727.97,10.9,UPI,Returned,3.1
ORD002695,2026-04-01,CUST00901,Chennai,32.0,Non-Stick Fry Pan,Home & Kitchen,1,1329.58,7.7,Debit Card,Delivered,
ORD002696,,CUST00230,Bengaluru,27.0,Storage Container Set,Home & Kitchen,2,920.55,10.5,UPI,Delivered,3.0
ORD002697,2026-05-05,CUST01417,Hyderabad,24.0,Hair Serum,Beauty,1,463.79,8.8,UPI,Delivered,4.3
ORD002698,2026-07-05,CUST01555,Chandigarh,34.0,Cooking Oil 5L,Grocery,1,824.25,11.4,UPI,Delivered,3.9
ORD002699,,CUST01341,Kochi,26.0,Cooking Oil 5L,Grocery,3,752.73,5.3,UPI,Delivered,4.5
ORD002700,,CUST01904,Jaipur,30.0,Body Lotion,Beauty,4,440.8,7.0,Credit Card,Returned,2.3
ORD002701,,CUST00570,Mysuru,18.0,Atomic Habits,Books,2,570.9,13.2,Credit Card,Delivered,4.3
ORD002702,2025-07-10,CUST01508,Mysuru,36.0,Basmati Rice 5kg,Grocery,1,687.12,7.1,UPI,Delivered,4.3
ORD002703,,CUST00451,Hyderabad,38.0,Sunscreen SPF 50,Beauty,2,675.83,12.4,Debit Card,Delivered,4.5
ORD002704,2025-07-11,CUST02036,Mysuru,32.0,Indian History,Books,1,517.06,4.9,Debit Card,Delivered,4.4
ORD002705,,CUST00316,Chandigarh,18.0,Lipstick,Beauty,2,603.01,8.4,UPI,Delivered,2.6
ORD002706,2026-07-01,CUST01921,Chandigarh,30.0,Dumbbell Set 10kg,Sports & Fitness,1,1893.54,5.5,Cash on Delivery,Delivered,
ORD002707,,CUST01262,Hyderabad,30.0,Wireless Earbuds,Electronics,1,2463.57,7.5,Cash on Delivery,Delivered,3.9
ORD002708,,CUST00193,Delhi,18.0,Laptop Backpack,Electronics,2,1930.19,6.5,Credit Card,Pending,
ORD002709,,CUST00820,Pune,18.0,Competitive Aptitude,Books,1,438.32,6.7,UPI,Delivered,4.4
ORD002710,,CUST01226,Chandigarh,25.0,Men's Casual Shirt,Fashion,2,1183.29,4.6,UPI,Delivered,4.4
ORD002711,,CUST00856,Kochi,39.0,Python Programming,Books,1,659.56,9.5,UPI,Delivered,4.0
ORD002712,,CUST00611,Ahmedabad,18.0,Basmati Rice 5kg,Grocery,1,681.37,5.5,Debit Card,Delivered,4.1
ORD002713,2026-05-04,CUST01405,Pune,21.0,Football,Sports & Fitness,3,911.07,7.1,UPI,Delivered,4.5
ORD002714,2025-01-09,CUST01370,Bengaluru,20.0,Sports Track Pants,Fashion,1,1432.64,13.9,Net Banking,Delivered,4.0
ORD002715,,CUST00860,Mangaluru,18.0,Basmati Rice 5kg,Grocery,2,744.34,12.9,UPI,Delivered,3.9
ORD002716,,CUST01364,Chandigarh,42.0,Cooking Oil 5L,Grocery,2,790.68,8.8,Credit Card,Delivered,
ORD002717,,CUST01825,Hyderabad,27.0,Almonds 500g,Grocery,1,498.0,14.5,UPI,Delivered,
ORD002718,2025-06-10,CUST00084,Hyderabad,23.0,Smartwatch,Electronics,1,3302.33,15.5,Wallet,Delivered,4.1
ORD002719,,CUST00690,Mangaluru,37.0,Running Shoes,Fashion,2,2518.71,14.6,Credit Card,Delivered,4.3
ORD002720,2026-07-07,CUST00820,Pune,18.0,Data Structures,Books,3,844.9,7.0,Cash on Delivery,Delivered,
ORD002721,2026-04-04,CUST00006,Kochi,25.0,Basmati Rice 5kg,Grocery,4,717.42,5.6,Cash on Delivery,Delivered,3.9
ORD002722,,CUST01190,Kochi,33.0,Mechanical Keyboard,Electronics,2,2771.2,12.2,UPI,Delivered,
ORD002723,2025-02-11,CUST01044,Bengaluru,24.0,Mixer Grinder,Home & Kitchen,3,3643.22,10.8,Cash on Delivery,Delivered,3.8
ORD002724,2026-03-08,CUST00634,Delhi,,Coffee 500g,Grocery,1,427.67,4.8,UPI,Delivered,4.1
ORD002725,2026-09-02,CUST00238,Pune,32.0,Competitive Aptitude,Books,4,450.02,2.9,Wallet,Delivered,3.0
ORD002726,2026-04-04,CUST00223,Pune,33.0,Coffee 500g,Grocery,3,432.48,9.6,Credit Card,Delivered,3.4
ORD002727,2026-11-01,CUST00510,Bengaluru,31.0,Dry Fruits Mix 500g,Grocery,2,621.88,9.9,Cash on Delivery,Delivered,3.1
ORD002728,2026-10-08,CUST01150,Bengaluru,27.0,Saree,Fashion,2,2220.86,11.9,UPI,Delivered,3.6
ORD002729,,CUST00725,,31.0,Saree,Fashion,2,2098.59,6.5,Debit Card,Delivered,2.9
ORD002730,2026-09-07,CUST00039,Delhi,29.0,Cotton T-Shirt,Fashion,1,741.32,11.3,UPI,Delivered,4.7
ORD002731,,CUST01555,Chandigarh,34.0,Men's Casual Shirt,Fashion,2,1110.0,12.1,Debit Card,Delivered,4.3
ORD002732,2026-07-04,CUST01001,Pune,21.0,Almonds 500g,Grocery,1,506.31,8.5,UPI,Delivered,
ORD002733,,CUST00924,Mangaluru,42.0,Electric Kettle,Home & Kitchen,1,1561.29,13.5,Net Banking,Cancelled,
ORD002734,2026-01-06,CUST01904,Jaipur,30.0,Atomic Habits,Books,1,577.21,4.3,Cash on Delivery,Delivered,
ORD002735,,CUST01665,Chennai,23.0,Green Tea 100 Bags,Grocery,2,342.08,9.4,UPI,Delivered,5.0
ORD002736,,CUST01691,Jaipur,33.0,USB-C Fast Charger,Electronics,1,940.58,17.5,UPI,Delivered,5.0
ORD002737,,CUST01027,Lucknow,37.0,Bedsheet Set,Home & Kitchen,2,1613.03,8.4,Credit Card,Delivered,3.9
ORD002738,,CUST01038,Delhi,24.0,Bluetooth Speaker,Electronics,1,1985.74,10.9,UPI,Delivered,4.2
ORD002739,,CUST01590,Bengaluru,23.0,Mechanical Keyboard,Electronics,2,2921.32,8.5,Cash on Delivery,Delivered,3.2
ORD002741,,CUST00222,Pune,28.0,Yoga Mat,Sports & Fitness,2,820.44,4.2,UPI,Delivered,5.0
ORD002742,,CUST00259,Ahmedabad,32.0,Sports Track Pants,Fashion,1,1253.13,10.8,UPI,Delivered,3.2
ORD002743,,CUST01744,Kochi,28.0,Denim Jeans,Fashion,1,1747.55,13.0,UPI,Delivered,4.3
ORD002744,,CUST01438,Kochi,28.0,Almonds 500g,Grocery,2,474.49,11.1,Credit Card,Delivered,3.9
ORD002745,2025-04-12,CUST01837,Surat,28.0,Women's Kurti,Fashion,1,1028.94,7.4,UPI,Delivered,3.3
ORD002746,,CUST01128,Kochi,30.0,Yoga Mat,Sports & Fitness,1,793.04,10.1,UPI,Delivered,4.0
ORD002747,,CUST01798,Kolkata,37.0,Backpack,Fashion,2,1263.44,6.9,UPI,Delivered,4.0
ORD002748,,CUST01680,Chennai,26.0,Hair Serum,Beauty,3,497.71,10.0,UPI,Delivered,3.1
ORD002749,,CUST00348,Delhi,36.0,Yoga Mat,Sports & Fitness,1,827.66,5.6,Credit Card,Delivered,3.9
ORD002750,,CUST01676,Delhi,23.0,Bluetooth Speaker,Electronics,2,1845.94,12.2,Net Banking,Delivered,3.9
ORD002751,,CUST01783,Mumbai,35.0,Cricket Bat,Sports & Fitness,2,2385.36,9.1,UPI,Delivered,3.2
ORD002752,2026-02-02,CUST01435,Jaipur,21.0,LED Desk Lamp,Home & Kitchen,2,924.98,7.3,UPI,Delivered,4.3
ORD002753,2026-08-04,CUST01756,Bengaluru,,Bluetooth Speaker,Electronics,2,1819.22,7.1,UPI,Returned,3.8
ORD002754,2025-08-12,CUST01104,Mangaluru,25.0,Competitive Aptitude,Books,1,447.63,7.3,UPI,Delivered,3.7
ORD002755,,CUST01094,Hyderabad,33.0,1080p Webcam,Electronics,2,2354.28,5.3,Cash on Delivery,Pending,
ORD002756,,CUST00141,Delhi,49.0,Skipping Rope,Sports & Fitness,2,298.12,4.2,Cash on Delivery,Delivered,4.8
ORD002757,,CUST00933,Delhi,36.0,Perfume,Beauty,2,1271.16,4.8,Credit Card,Delivered,4.2
ORD002758,,CUST01623,Hyderabad,19.0,Python Programming,Books,2,691.97,5.5,Debit Card,Delivered,3.9
ORD002759,,CUST01061,Surat,26.0,Water Bottle,Home & Kitchen,2,707.53,13.7,UPI,Delivered,4.0
ORD002760,2026-06-06,CUST01238,Chennai,18.0,Running Shoes,Fashion,2,2478.07,10.5,UPI,Delivered,4.7
ORD002761,,CUST00554,Pune,22.0,Non-Stick Fry Pan,Home & Kitchen,1,1380.44,6.4,Debit Card,Delivered,3.4
ORD002762,,CUST01428,Mumbai,35.0,Organic Honey 500g,Grocery,1,445.95,13.7,UPI,Delivered,4.5
ORD002763,2026-03-07,CUST00102,Jaipur,18.0,Non-Stick Fry Pan,Home & Kitchen,3,1233.19,9.8,Net Banking,Delivered,4.6
ORD002764,,CUST01792,Ahmedabad,35.0,Data Structures,Books,2,820.48,11.1,UPI,Delivered,3.9
ORD002765,2026-05-03,CUST01798,Kolkata,37.0,Data Structures,Books,2,811.44,13.6,Wallet,Delivered,3.6
ORD002766,,CUST01378,,26.0,Water Bottle,Home & Kitchen,1,697.9,11.2,Net Banking,Pending,
ORD002767,,CUST01246,Chandigarh,27.0,Cricket Bat,Sports & Fitness,1,2349.02,5.0,UPI,Delivered,4.0
ORD002768,2026-04-07,CUST00790,Bengaluru,28.0,Laptop Backpack,Electronics,1,1888.42,12.3,Cash on Delivery,Delivered,3.7
ORD002769,,CUST00023,Kolkata,32.0,Hair Serum,Beauty,1,481.02,6.0,Credit Card,Delivered,3.4
ORD002770,2026-03-03,CUST01408,Delhi,37.0,Green Tea 100 Bags,Grocery,1,332.61,4.2,Debit Card,Delivered,3.9
ORD002771,2026-08-02,CUST01728,Delhi,34.0,Cycling Helmet,Sports & Fitness,2,1602.52,2.5,UPI,Delivered,4.5
ORD002772,2025-08-12,CUST00678,Jaipur,23.0,Wireless Earbuds,Electronics,2,2396.0,10.4,Credit Card,Delivered,2.8
ORD002773,,CUST01931,Hyderabad,39.0,Women's Kurti,Fashion,1,960.35,8.5,Debit Card,Cancelled,
ORD002774,2025-02-10,CUST00386,Pune,26.0,Wireless Earbuds,Electronics,1,2645.69,5.0,UPI,Delivered,4.6
ORD002775,2025-06-11,CUST00666,Chennai,21.0,Wireless Earbuds,Electronics,2,2564.68,3.9,Credit Card,Delivered,3.5
ORD002776,,CUST01024,Bengaluru,23.0,Bluetooth Speaker,Electronics,1,1865.27,13.2,UPI,Delivered,5.0
ORD002777,2026-05-01,CUST00937,Surat,31.0,Indian History,Books,2,547.55,12.9,UPI,Delivered,4.0
ORD002778,2025-01-10,CUST01541,Surat,31.0,Green Tea 100 Bags,Grocery,1,351.79,11.7,UPI,Delivered,5.0
ORD002779,,CUST01855,Delhi,33.0,Cotton T-Shirt,Fashion,2,694.11,10.5,UPI,Delivered,
ORD002780,,CUST01376,Chandigarh,25.0,Cushion Set,Home & Kitchen,1,759.19,7.2,Cash on Delivery,Pending,
ORD002781,2025-09-09,CUST01405,Pune,21.0,Sports Track Pants,Fashion,2,1383.58,6.7,UPI,Delivered,3.5
ORD002782,,CUST00562,Kolkata,32.0,Non-Stick Fry Pan,Home & Kitchen,2,1289.94,7.6,Wallet,Delivered,4.6
ORD002783,,CUST01678,Kochi,33.0,USB-C Fast Charger,Electronics,2,959.96,11.8,UPI,Delivered,4.4
ORD002784,,CUST00185,Jaipur,34.0,Wireless Earbuds,Electronics,1,2407.34,0.8,UPI,Delivered,3.5
ORD002785,,CUST01225,Chandigarh,30.0,Backpack,Fashion,2,1243.11,5.9,UPI,Returned,4.1
ORD002786,,CUST01147,Jaipur,29.0,Electric Kettle,Home & Kitchen,2,1563.36,14.0,Net Banking,Delivered,4.2
ORD002787,,CUST00877,Jaipur,26.0,Storage Container Set,Home & Kitchen,2,860.08,10.9,Credit Card,Delivered,
ORD002788,,CUST00951,Bengaluru,37.0,Lipstick,Beauty,1,614.45,13.7,Credit Card,Delivered,4.7
ORD002789,,CUST01370,Bengaluru,20.0,LED Desk Lamp,Home & Kitchen,1,1033.53,8.2,Debit Card,Returned,2.9
ORD002790,,CUST01994,Hyderabad,31.0,Mixer Grinder,Home & Kitchen,2,3530.95,2.3,Cash on Delivery,Delivered,4.2
ORD002791,,CUST01096,Mangaluru,,Coffee 500g,Grocery,2,397.93,9.5,Cash on Delivery,Delivered,3.9
ORD002792,,CUST00886,Delhi,18.0,Skipping Rope,Sports & Fitness,1,307.8,8.0,Credit Card,Delivered,3.3
ORD002793,,CUST01230,Kochi,32.0,Football,Sports & Fitness,2,883.14,13.5,Wallet,Delivered,4.7
ORD002794,,CUST00674,Bengaluru,24.0,Men's Casual Shirt,Fashion,1,1195.25,14.6,Debit Card,Delivered,3.2
ORD002795,2026-12-01,CUST00895,Mumbai,38.0,Smartwatch,Electronics,1,3373.26,10.1,UPI,Delivered,3.8
ORD002796,,CUST01428,Mumbai,35.0,Smartwatch,Electronics,1,3612.16,9.1,UPI,Delivered,3.5
ORD002797,,CUST01149,Hyderabad,25.0,Cooking Oil 5L,Grocery,1,818.24,0.6,Cash on Delivery,Delivered,3.9
ORD002798,,CUST00514,SURAT,31.0,Cotton T-Shirt,Fashion,2,723.78,10.9,Credit Card,Delivered,3.6
ORD002799,2026-01-04,CUST00537,Kochi,32.0,Lipstick,Beauty,4,572.73,7.3,UPI,Delivered,4.6
ORD002800,2026-02-04,CUST01252,Kochi,31.0,Power Bank 20000mAh,Electronics,1,1512.64,12.3,credit card,Delivered,4.2
ORD002801,2025-05-09,CUST00451,Hyderabad,38.0,Atomic Habits,Books,2,604.33,9.9,UPI,Cancelled,
ORD002802,,CUST01902,Mumbai,27.0,USB-C Fast Charger,Electronics,2,1067.0,7.9,Debit Card,Delivered,4.7
ORD002803,2025-02-09,CUST01351,Kolkata,36.0,Storage Container Set,Home & Kitchen,2,940.86,7.2,Credit Card,Delivered,4.2
ORD002804,2026-12-08,CUST01626,Mangaluru,35.0,Shampoo,Beauty,1,530.22,16.4,Debit Card,Delivered,4.9
ORD002805,,CUST00791,Mumbai,42.0,Atomic Habits,Books,1,595.54,12.0,Cash on Delivery,Delivered,4.1
ORD002806,,CUST00068,Kolkata,34.0,Smartwatch,Electronics,1,3296.23,10.3,Credit Card,Delivered,4.3
ORD002807,,CUST00885,Kolkata,23.0,Cotton T-Shirt,Fashion,1,689.77,0.3,Wallet,Cancelled,
ORD002808,,CUST00397,Chennai,37.0,Cushion Set,Home & Kitchen,2,751.07,8.3,UPI,Delivered,4.1
ORD002809,,CUST00670,Hyderabad,33.0,Men's Casual Shirt,Fashion,1,1205.97,15.0,Credit Card,Delivered,4.5
ORD002810,,CUST01928,Chandigarh,25.0,USB-C Fast Charger,Electronics,2,1020.63,9.9,UPI,Delivered,3.4
ORD002811,2026-09-04,CUST01236,Chennai,41.0,Hair Serum,Beauty,1,531.15,16.6,UPI,Delivered,4.3
ORD002812,,CUST00708,Chandigarh,,Coffee 500g,Grocery,1,437.44,19.3,Wallet,Delivered,4.0
ORD002813,,CUST00483,Delhi,37.0,LED Desk Lamp,Home & Kitchen,2,993.55,8.4,Cash on Delivery,Delivered,4.0
ORD002814,2026-02-03,CUST00532,Mangaluru,23.0,Gym Gloves,Sports & Fitness,3,456.74,7.9,Credit Card,Delivered,3.7
ORD002815,,CUST01934,Chandigarh,37.0,1080p Webcam,Electronics,1,2480.72,6.9,Credit Card,Delivered,
ORD002816,2025-08-12,CUST01047,Jaipur,23.0,Women's Kurti,Fashion,1,977.8,10.7,Cash on Delivery,Delivered,3.3
ORD002817,2026-07-04,CUST00891,Kolkata,29.0,Water Bottle,Home & Kitchen,1,687.81,8.0,Cash on Delivery,Pending,
ORD002818,,CUST00449,Ahmedabad,30.0,Cushion Set,Home & Kitchen,2,770.45,0.0,Cash on Delivery,Cancelled,
ORD002819,,CUST00188,Kolkata,40.0,Lipstick,Beauty,1,601.98,12.2,Credit Card,Delivered,3.4
ORD002820,,CUST00544,Kolkata,35.0,Yoga Mat,Sports & Fitness,1,790.94,9.0,UPI,Delivered,3.3
ORD002821,2025-06-09,CUST01345,Chandigarh,18.0,USB-C Fast Charger,Electronics,1,1012.98,8.5,Cash on Delivery,Delivered,
ORD002822,,CUST00709,Delhi,,Backpack,Fashion,2,1329.13,14.9,Debit Card,Returned,3.8
ORD002823,,CUST00684,Chandigarh,27.0,Rich Dad Poor Dad,Books,2,494.01,3.7,Cash on Delivery,Delivered,4.1
ORD002824,2026-05-05,CUST00282,Pune,18.0,Almonds 500g,Grocery,3,484.68,9.1,UPI,Delivered,5.0
ORD002825,2026-12-05,CUST01830,Chennai,23.0,Storage Container Set,Home & Kitchen,3,936.01,0.4,Cash on Delivery,Delivered,4.2
ORD002826,,CUST00377,Pune,21.0,Unknown,Grocery,1,812.11,11.9,UPI,Delivered,4.3
ORD002827,,CUST01798,Kolkata,37.0,Organic Honey 500g,Grocery,1,439.91,10.5,UPI,Delivered,4.4
ORD002828,,CUST00449,Ahmedabad,30.0,Coffee 500g,Unknown,2,402.96,10.3,Net Banking,Delivered,4.1
ORD002829,,CUST00507,Pune,24.0,Python Programming,Books,1,721.52,13.7,Cash on Delivery,Delivered,
ORD002830,,CUST00319,Delhi,31.0,Almonds 500g,Grocery,1,482.75,5.9,UPI,Delivered,4.8
ORD002831,,CUST01786,Ahmedabad,38.0,USB-C Fast Charger,Electronics,2,1026.22,12.4,Cash on Delivery,Delivered,4.0
ORD002832,,CUST01225,Chandigarh,30.0,Power Bank 20000mAh,Electronics,2,1453.84,6.1,UPI,Delivered,4.1
ORD002833,2026-03-01,CUST00831,Mumbai,29.0,Sunscreen SPF 50,Beauty,1,708.51,15.0,Credit Card,Delivered,5.0
ORD002834,,CUST00651,Kolkata,37.0,Mixer Grinder,Home & Kitchen,1,3299.51,6.0,UPI,Delivered,4.6
ORD002835,,CUST01036,Chennai,30.0,Atomic Habits,Books,1,584.33,10.3,Net Banking,Delivered,4.1
ORD002836,,CUST01094,Hyderabad,33.0,Power Bank 20000mAh,Electronics,2,1512.18,0.3,UPI,Delivered,3.4
ORD002837,,CUST00600,Unknown,26.0,Coffee 500g,Grocery,1,426.39,1.1,UPI,Delivered,3.6
ORD002838,,CUST01204,Chandigarh,38.0,Protein Oats 1kg,Grocery,1,422.42,4.2,UPI,Delivered,3.8
ORD002839,2025-03-12,CUST01248,Bengaluru,22.0,Moisturizer,Beauty,3,704.75,12.7,Cash on Delivery,Delivered,4.7
ORD002840,,CUST01295,Mangaluru,33.0,Rich Dad Poor Dad,Books,1,506.28,9.7,Debit Card,Delivered,3.5
ORD002841,2025-03-09,CUST01270,Delhi,36.0,Shampoo,Beauty,2,562.9,13.9,UPI,Cancelled,
ORD002842,,CUST00373,Delhi,35.0,Sports Track Pants,Fashion,1,1224.4,8.1,UPI,Delivered,3.9
ORD002843,,CUST00945,Mysuru,44.0,Lipstick,Beauty,1,609.5,12.2,UPI,Delivered,3.9
ORD002844,,CUST01692,Mumbai,30.0,Water Bottle,Home & Kitchen,1,756.0,6.1,Cash on Delivery,Delivered,4.2
ORD002845,,CUST00996,Kolkata,18.0,Unknown,Fashion,2,958.7,10.7,Debit Card,Delivered,5.0
ORD002846,,CUST01150,Bengaluru,27.0,Electric Kettle,Home & Kitchen,1,1598.67,2.1,UPI,Delivered,
ORD002847,,CUST01151,Bengaluru,19.0,Denim Jeans,Fashion,2,1909.52,16.3,UPI,Delivered,3.8
ORD002848,,CUST01022,Mumbai,42.0,Competitive Aptitude,Books,1,467.93,10.2,Debit Card,Delivered,5.0
ORD002849,2025-05-09,CUST01668,Bengaluru,25.0,Competitive Aptitude,Books,1,462.14,6.6,Cash on Delivery,Delivered,5.0
ORD002850,2025-04-12,CUST01408,Delhi,37.0,Mechanical Keyboard,Electronics,2,2979.17,6.2,UPI,Delivered,
ORD002851,2026-08-06,CUST00662,Chandigarh,28.0,Almonds 500g,Grocery,1,496.88,9.0,UPI,Delivered,3.9
ORD002852,,CUST01210,Chandigarh,31.0,Cooking Oil 5L,Grocery,2,797.22,4.8,Credit Card,Delivered,5.0
ORD002853,2026-07-05,CUST01394,Kochi,37.0,Python Programming,Books,2,680.24,6.8,Cash on Delivery,Delivered,4.5
ORD002854,,CUST00322,Delhi,32.0,Rich Dad Poor Dad,Books,2,516.83,9.8,Net Banking,Delivered,3.2
ORD002855,,CUST00435,Lucknow,34.0,Basmati Rice 5kg,Grocery,1,741.6,8.9,Cash on Delivery,Returned,3.0
ORD002856,,CUST01286,Kochi,37.0,Face Wash,Beauty,1,353.47,6.9,Debit Card,Delivered,5.0
ORD002857,,CUST01164,Mangaluru,38.0,Atomic Habits,Books,1,613.61,9.0,UPI,Delivered,5.0
ORD002858,2026-07-07,CUST00292,Ahmedabad,37.0,Competitive Aptitude,Books,3,429.9,9.8,UPI,Delivered,4.7
ORD002859,,CUST01365,Kochi,39.0,USB-C Fast Charger,Electronics,1,1001.39,13.0,Credit Card,Delivered,4.0
ORD002860,2026-02-03,CUST01669,Kolkata,46.0,Denim Jeans,Fashion,2,1749.06,4.4,UPI,Returned,2.9
ORD002861,,CUST01807,Chennai,42.0,Skipping Rope,Sports & Fitness,1,292.59,7.4,Credit Card,Returned,2.3
ORD002862,2026-01-07,CUST00973,,31.0,Storage Container Set,Home & Kitchen,2,944.92,8.8,Cash on Delivery,Delivered,3.2
ORD002863,,CUST01360,Delhi,42.0,Laptop Backpack,Electronics,1,1987.81,13.9,Cash on Delivery,Delivered,5.0
ORD002864,,CUST01738,Lucknow,25.0,Men's Casual Shirt,Fashion,2,1157.12,14.7,UPI,Delivered,4.5
ORD002865,,CUST00364,Bengaluru,42.0,Non-Stick Fry Pan,Home & Kitchen,1,1347.53,8.4,Credit Card,Delivered,5.0
ORD002866,,CUST00920,Mysuru,44.0,Body Lotion,Beauty,1,425.81,7.3,Credit Card,Delivered,3.1
ORD002867,,CUST00393, Chandigarh ,21.0,USB-C Fast Charger,Unknown,2,982.46,17.9,Debit Card,Pending,
ORD002868,,CUST01106,Surat,30.0,Saree,Fashion,1,2193.7,13.2,Debit Card,Pending,
ORD002869,2026-11-06,CUST00936,Ahmedabad,36.0,Wireless Earbuds,Electronics,2,2432.79,8.3,Debit Card,Delivered,5.0
ORD002870,2026-03-04,CUST01059,Hyderabad,32.0,Hair Serum,Beauty,1,521.94,13.0,Cash on Delivery,Delivered,3.6
ORD002871,2025-07-09,CUST01183,Mumbai,33.0,Laptop Backpack,Electronics,2,2013.44,10.2,Net Banking,Delivered,
ORD002872,2025-09-12,CUST00912,Kochi,26.0,Water Bottle,Home & Kitchen,1,661.6,12.6,UPI,Delivered,5.0
ORD002873,,CUST01218,Kochi,27.0,Sports Track Pants,Fashion,3,1215.76,8.2,Credit Card,Delivered,4.2
ORD002874,,CUST00573,Chennai,35.0,Wireless Earbuds,Electronics,2,2544.94,9.5,UPI,Delivered,3.9
ORD002875,2025-10-10,CUST01466,Pune,27.0,Atomic Habits,Books,1,617.35,7.0,Credit Card,Delivered,
ORD002876,,CUST00783,Bengaluru,20.0,Non-Stick Fry Pan,Home & Kitchen,1,1332.23,17.2,UPI,Delivered,3.2
ORD002877,2026-01-05,CUST00485,Jaipur,18.0,Almonds 500g,Grocery,2,501.25,2.9,Debit Card,Delivered,4.3
ORD002878,,CUST00800,Bengaluru,34.0,Python Programming,Books,2,754.89,10.7,UPI,Delivered,3.6
ORD002879,2026-01-02,CUST01027,lucknow,37.0,Hair Serum,Beauty,1,461.02,12.8,Credit Card,Delivered,3.6
ORD002880,2025-07-10,CUST00820,Pune,18.0,1080p Webcam,Electronics,2,2336.97,5.3,Credit Card,Delivered,
ORD002881,2026-07-05,CUST00954,Surat,34.0,Dumbbell Set 10kg,Sports & Fitness,2,1913.01,4.9,Wallet,Delivered,2.6
ORD002882,2026-05-07,CUST00927,Kolkata,37.0,Mixer Grinder,Home & Kitchen,2,3302.33,11.5,Debit Card,Delivered,5.0
ORD002883,,CUST00152,Mumbai,26.0,Water Bottle,Home & Kitchen,1,720.91,13.0,Debit Card,Delivered,4.8
ORD002884,,CUST01722,Mumbai,26.0,Mixer Grinder,Home & Kitchen,1,3592.85,7.4,Debit Card,Delivered,5.0
ORD002885,,CUST01165,Ahmedabad,29.0,Men's Casual Shirt,Fashion,1,1185.65,12.0,UPI,Delivered,5.0
ORD002886,2026-04-01,CUST00627,Jaipur,32.0,Women's Kurti,Fashion,1,968.49,9.7,Credit Card,Delivered,4.5
ORD002887,,CUST00012,Chennai,37.0,Resistance Bands,Sports & Fitness,2,599.18,8.5,UPI,Delivered,3.4
ORD002888,2026-12-08,CUST01800,Bengaluru,28.0,Hair Serum,Beauty,3,488.85,8.0,Cash on Delivery,Delivered,3.8
ORD002889,,CUST00959,Mysuru,18.0,Hair Serum,Beauty,2,494.12,2.2,Net Banking,Delivered,3.1
ORD002890,,CUST01753,Kolkata,31.0,Cricket Bat,Sports & Fitness,3,2344.2,6.2,Credit Card,Delivered,4.0
ORD002891,,CUST00204,Hyderabad,23.0,Bedsheet Set,Home & Kitchen,2,1719.17,8.6,UPI,Cancelled,
ORD002892,2025-11-11,CUST00223,Pune,33.0,Coffee 500g,Grocery,1,419.69,13.5,Cash on Delivery,Delivered,4.2
ORD002893,,CUST00543,Ahmedabad,32.0,Water Bottle,Home & Kitchen,1,672.25,2.9,UPI,Delivered,4.1
ORD002894,2026-02-08,CUST01039,Jaipur,38.0,Face Wash,Beauty,1,401.2,4.5,UPI,Delivered,4.3
ORD002895,,CUST01238,Chennai,18.0,Green Tea 100 Bags,Grocery,2,345.86,9.0,Debit Card,Delivered,
ORD002896,,CUST01662,chennai,36.0,Face Wash,Beauty,1,390.36,9.4,Debit Card,Returned,1.0
ORD002897,2025-04-09,CUST01002,Mumbai,33.0,Machine Learning Basics,Books,2,984.2,8.2,Debit Card,Delivered,3.8
ORD002898,,CUST02047,Mumbai,35.0,Sunscreen SPF 50,Beauty,1,720.61,16.8,Credit Card,Cancelled,
ORD002899,2026-06-04,CUST00919,Pune,32.0,Perfume,Beauty,3,1292.57,9.2,Cash on Delivery,Delivered,3.6
ORD002900,2025-03-10,CUST01594,Ahmedabad,32.0,Men's Casual Shirt,Fashion,3,1253.88,13.8,Debit Card,Returned,3.6
ORD002901,,CUST01378,Jaipur,26.0,Shampoo,Beauty,1,527.73,15.3,Cash on Delivery,Delivered,4.7
ORD002902,2026-06-02,CUST00755,Chandigarh,29.0,Bluetooth Speaker,Electronics,1,1825.86,10.5,UPI,Delivered,3.0
ORD002903,,CUST00521,Jaipur,,Yoga Mat,Sports & Fitness,1,758.31,5.9,UPI,Delivered,2.8
ORD002904,,CUST00194,Ahmedabad,22.0,Basmati Rice 5kg,Grocery,3,707.88,7.7,Net Banking,Returned,3.5
ORD002905,2026-08-04,CUST00640,Mumbai,24.0,Running Shoes,Fashion,1,2682.38,11.5,UPI,Delivered,3.1
ORD002906,,CUST00639,Surat,27.0,Power Bank 20000mAh,Electronics,1,1464.05,16.1,Credit Card,Delivered,4.7
ORD002907,,CUST01473,Mysuru,30.0,Almonds 500g,Grocery,1,505.34,9.7,UPI,Returned,
ORD002908,,CUST01696,Mumbai,40.0,Laptop Backpack,Electronics,1,1979.55,13.9,Cash on Delivery,Cancelled,
ORD002909,,CUST01015,Mumbai,36.0,Sports Track Pants,Fashion,1,1395.36,2.4,Credit Card,Delivered,4.4
ORD002910,,CUST01938,Lucknow,37.0,Men's Casual Shirt,Fashion,1,1121.73,17.1,UPI,Delivered,4.2
ORD002911,,CUST00349,Delhi,18.0,Smartwatch,Electronics,2,3363.27,13.7,Credit Card,Delivered,2.8
ORD002912,2026-10-07,CUST02021,Mumbai,27.0,Skipping Rope,Sports & Fitness,2,292.54,7.5,Credit Card,Delivered,4.1
ORD002913,,CUST00271,Hyderabad,31.0,Basmati Rice 5kg,Grocery,1,763.87,9.9,UPI,Delivered,
ORD002914,2026-03-01,CUST01846,Hyderabad,18.0,Non-Stick Fry Pan,Home & Kitchen,2,1387.64,9.8,UPI,Delivered,2.9
ORD002915,2026-03-07,CUST01384,Bengaluru,27.0,Sunscreen SPF 50,Beauty,2,741.08,18.2,UPI,Delivered,4.1
ORD002916,2026-02-02,CUST00208,Kochi,33.0,Almonds 500g,Grocery,1,509.71,8.6,Cash on Delivery,Delivered,3.5
ORD002917,,CUST00384,Surat,31.0,Body Lotion,Beauty,1,431.98,20.7,Debit Card,Delivered,
ORD002918,2025-05-12,CUST01323,Hyderabad,30.0,Dry Fruits Mix 500g,Grocery,1,609.86,8.7,UPI,Delivered,
ORD002919,,CUST01153, Pune ,36.0,Coffee 500g,Grocery,4,421.34,5.8,UPI,Delivered,4.2
ORD002920,,CUST00292,Ahmedabad,37.0,Storage Container Set,Home & Kitchen,3,874.67,13.6,UPI,Delivered,4.2
ORD002921,,CUST00506,Jaipur,21.0,Smartwatch,Electronics,1,3131.73,0.6,UPI,Delivered,2.9
ORD002922,,CUST00292,Ahmedabad,37.0,Storage Container Set,Home & Kitchen,1,885.18,12.7,Net Banking,Delivered,
ORD002923,2026-03-01,CUST01455,Kolkata,27.0,Lipstick,Beauty,2,593.35,11.2,UPI,Delivered,3.6
ORD002924,2026-07-01,CUST01273,Pune,25.0,Body Lotion,Beauty,1,466.37,11.9,UPI,Pending,
ORD002925,2025-02-12,CUST00910,Mumbai,31.0,Backpack,Fashion,2,1383.59,10.0,UPI,Delivered,
ORD002926,,CUST01963,Chennai,29.0,Coffee 500g,Grocery,1,435.9,14.8,UPI,Delivered,4.5
ORD002927,,CUST01376,Chandigarh,25.0,Dry Fruits Mix 500g,Grocery,1,548.58,6.6,Net Banking,Delivered,4.2
ORD002928,2025-11-10,CUST00566,Kochi,29.0,Data Structures,Books,1,774.86,10.2,UPI,Delivered,4.5
ORD002929,,CUST00886,Delhi,18.0,Machine Learning Basics,Books,2,921.71,4.0,Credit Card,Delivered,4.6
ORD002930,,CUST00210,Hyderabad,18.0,Water Bottle,Home & Kitchen,3,689.62,0.0,UPI,Delivered,3.3
ORD002931,,CUST00719,Kolkata,18.0,Almonds 500g,Grocery,1,502.01,9.1,Debit Card,Delivered,5.0
ORD002932,,CUST00798,Bengaluru,29.0,Wireless Earbuds,Electronics,2,2533.5,10.6,Credit Card,Delivered,3.6
ORD002933,,CUST01345,Chandigarh,18.0,Sunscreen SPF 50,Beauty,1,674.83,8.9,Debit Card,Delivered,5.0
ORD002934,2025-02-09,CUST00823,Bengaluru,27.0,LED Desk Lamp,Home & Kitchen,3,1102.72,9.2,Credit Card,Delivered,
ORD002935,2025-05-09,CUST00823,Bengaluru,27.0,LED Desk Lamp,Home & Kitchen,1,997.0,7.8,Cash on Delivery,Delivered,3.2
ORD002936,2025-09-12,CUST01421,Jaipur,18.0,Competitive Aptitude,Books,2,450.69,2.0,UPI,Delivered,2.6
ORD002937,,CUST02037,Delhi,30.0,Indian History,Books,1,544.99,13.0,UPI,Delivered,3.6
ORD002938,,CUST00715,Ahmedabad,35.0,Rich Dad Poor Dad,Books,1,486.96,10.9,Credit Card,Delivered,4.6
ORD002939,,CUST00763,Chandigarh,32.0,Bluetooth Speaker,Electronics,1,1731.58,21.2,Credit Card,Delivered,
ORD002940,2025-10-11,CUST01568,Mumbai,30.0,Smartwatch,Electronics,2,3312.4,10.6,UPI,Delivered,4.5
ORD002941,,CUST01677,Kochi,21.0,Football,Sports & Fitness,1,876.44,8.2,Credit Card,Delivered,
ORD002942,,CUST00933,Delhi,36.0,Cooking Oil 5L,Grocery,1,795.56,8.4,UPI,Delivered,3.9
ORD002943,,CUST01648,Mangaluru,39.0,Indian History,Books,2,542.58,17.3,UPI,Delivered,4.1
ORD002944,2026-02-05,CUST01149,Hyderabad,25.0,Green Tea 100 Bags,Grocery,1,332.81,6.2,Net Banking,Delivered,3.6
ORD002945,2026-04-06,CUST01305,Kolkata,27.0,Storage Container Set,Home & Kitchen,3,825.21,4.5,UPI,Cancelled,
ORD002946,,CUST00179,Bengaluru,23.0,Cotton T-Shirt,Fashion,2,746.64,15.4,Credit Card,Delivered,4.7
ORD002947,,CUST00764,Kolkata,34.0,Organic Honey 500g,Grocery,1,442.3,1.9,UPI,Delivered,4.0
ORD002948,,CUST01488,Chennai,25.0,Laptop Backpack,Electronics,1,2014.8,9.2,UPI,Delivered,3.9
ORD002949,2026-03-08,CUST01559,Lucknow,42.0,Cooking Oil 5L,Grocery,3,758.56,12.9,UPI,Delivered,3.3
ORD002950,,CUST01143,Delhi,30.0,Running Shoes,Fashion,1,2443.83,14.4,Wallet,Delivered,3.8
ORD002951,,CUST00933,Delhi,36.0,Denim Jeans,Fashion,2,1749.44,8.0,UPI,Delivered,4.3
ORD002952,,CUST01027,Lucknow,37.0,Bluetooth Speaker,Electronics,2,1765.32,6.1,Debit Card,Delivered,4.5
ORD002953,,CUST02019,Delhi,29.0,Sunscreen SPF 50,Beauty,3,713.3,5.2,UPI,Delivered,2.5
ORD002954,,CUST00917,Kochi,24.0,Dry Fruits Mix 500g,Grocery,1,607.04,6.2,UPI,Delivered,3.4
ORD002955,2026-04-02,CUST01236,Chennai,41.0,Bedsheet Set,Home & Kitchen,3,1706.19,8.4,UPI,Delivered,3.6
ORD002956,,CUST01954,Chennai,43.0,Bluetooth Speaker,Electronics,1,1709.52,11.4,Debit Card,Delivered,4.0
ORD002957,2025-06-11,CUST00349,Delhi,18.0,Rich Dad Poor Dad,Books,1,491.27,4.2,UPI,Delivered,4.3
ORD002958,2025-02-12,CUST01377,Bengaluru,48.0,Indian History,Books,2,605.99,9.4,Debit Card,Delivered,2.8
ORD002959,2026-05-08,CUST01661,Hyderabad,29.0,Moisturizer,Beauty,1,628.66,8.9,Cash on Delivery,Delivered,4.0
ORD002960,,CUST00483,Delhi,37.0,Laptop Backpack,Electronics,2,1880.74,1.9,Debit Card,Delivered,4.4
ORD002961,,CUST00483,Delhi,37.0,Cushion Set,Home & Kitchen,1,795.14,8.9,UPI,Delivered,5.0
ORD002962,2026-07-05,CUST01888,Lucknow,28.0,Skipping Rope,Sports & Fitness,1,297.74,9.4,Wallet,Delivered,3.8
ORD002964,2025-07-12,CUST01523,Pune,30.0,Power Bank 20000mAh,Electronics,1,1447.95,16.0,UPI,Cancelled,
ORD002965,2025-06-10,CUST00445,Jaipur,25.0,Unknown,Books,2,496.12,11.0,Credit Card,Delivered,4.2
ORD002966,2025-03-12,CUST02046,Kolkata,20.0,Storage Container Set,Home & Kitchen,1,838.32,6.8,Wallet,Pending,
ORD002967,,CUST01744,Kochi,28.0,Green Tea 100 Bags,Grocery,1,343.49,11.5,Wallet,Delivered,
ORD002968,,CUST00947,Chennai,40.0,Data Structures,Books,1,796.9,6.7,UPI,Delivered,
ORD002969,2026-09-03,CUST01932,Delhi,36.0,Storage Container Set,Home & Kitchen,1,972.49,3.8,Credit Card,Delivered,4.2
ORD002970,,CUST00715,Ahmedabad,35.0,Green Tea 100 Bags,Grocery,1,344.94,17.9,Debit Card,Delivered,3.8
ORD002971,,CUST01302,Delhi,18.0,Wireless Earbuds,Electronics,2,2675.25,8.6,Credit Card,Delivered,4.7
ORD002972,,CUST00337,Lucknow,29.0,Cooking Oil 5L,Grocery,2,806.46,9.1,UPI,Delivered,3.7
ORD002973,2026-04-02,CUST01842,Bengaluru,32.0,Cotton T-Shirt,Fashion,1,737.09,13.6,Wallet,Returned,3.1
ORD002974,2026-06-05,CUST00109,Chennai,27.0,Smartwatch,Electronics,1,3264.86,8.4,Cash on Delivery,Delivered,
ORD002975,,CUST01619,Chandigarh,37.0,Electric Kettle,Home & Kitchen,2,1602.07,0.0,UPI,Delivered,3.1
ORD002976,,CUST00828,Lucknow,21.0,Women's Kurti,Fashion,2,1014.81,13.6,UPI,Delivered,3.7
ORD002977,2026-02-08,CUST01072,Hyderabad,38.0,Rich Dad Poor Dad,Books,1,478.13,14.3,UPI,Cancelled,
ORD002978,,CUST00670,Hyderabad,33.0,Cotton T-Shirt,Fashion,2,719.38,9.0,UPI,Delivered,2.6
ORD002979,2026-03-04,CUST01601,Surat,35.0,Laptop Backpack,Electronics,1,1794.18,15.7,Debit Card,Delivered,4.1
ORD002980,,CUST01469,Mumbai,23.0,Denim Jeans,Fashion,1,1886.02,15.8,Debit Card,Returned,3.2
ORD002981,2025-05-09,CUST00880,Chennai,22.0,Python Programming,Books,2,698.25,16.7,UPI,Delivered,3.7
ORD002982,,CUST01424,Chennai,21.0,Skipping Rope,Sports & Fitness,2,291.94,0.0,UPI,Pending,
ORD002983,,CUST01450,Delhi,29.0,Women's Kurti,Fashion,1,1035.79,9.3,Credit Card,Delivered,4.6
ORD002984,,CUST00762,Mysuru,37.0,Cooking Oil 5L,Grocery,2,799.57,4.8,UPI,Delivered,2.8
ORD002985,,CUST01985,Surat,41.0,Electric Kettle,Home & Kitchen,1,1577.25,13.6,UPI,Delivered,3.4
ORD002986,,CUST00184,Surat,18.0,Basmati Rice 5kg,Grocery,1,776.64,18.6,UPI,Delivered,4.2
ORD002987,,CUST01373,Delhi,26.0,LED Desk Lamp,Home & Kitchen,3,1010.54,10.7,Wallet,Delivered,4.5
ORD002988,,CUST00919,Pune,32.0,USB-C Fast Charger,Electronics,2,983.02,12.7,Credit Card,Delivered,4.9
ORD002989,2025-12-10,CUST01732,Bengaluru,31.0,Lipstick,Beauty,2,620.62,15.6,UPI,Delivered,3.9
ORD002990,,CUST01039,Jaipur,38.0,Non-Stick Fry Pan,Home & Kitchen,2,1307.17,19.2,Debit Card,Delivered,
ORD002991,,CUST01186, Bengaluru ,29.0,Non-Stick Fry Pan,Home & Kitchen,3,1241.4,13.2,UPI,Delivered,2.9
ORD002992,2025-07-11,CUST01678,Kochi,33.0,Laptop Backpack,Electronics,1,1783.72,10.2,UPI,Delivered,
ORD002993,,CUST01265,Hyderabad,38.0,Green Tea 100 Bags,Grocery,1,337.04,13.1,UPI,Delivered,2.9
ORD002994,2025-07-10,CUST00334,Mysuru,30.0,Python Programming,Books,1,682.75,8.3,Cash on Delivery,Delivered,3.5
ORD002995,,CUST00951,Bengaluru,37.0,Data Structures,Books,3,845.65,6.9,UPI,Delivered,
ORD002996,2025-11-12,CUST00304,Chennai,48.0,Cushion Set,Home & Kitchen,2,787.37,7.8,UPI,Delivered,4.1
ORD002997,2025-11-12,CUST00820,Pune,18.0,Green Tea 100 Bags,Grocery,1,348.47,5.6,UPI,Delivered,
ORD002998,2025-07-09,CUST00820,Pune,18.0,Data Structures,Books,2,815.91,11.5,UPI,Delivered,4.6
ORD002999,2026-12-05,CUST01555,Chandigarh,34.0,Cotton T-Shirt,Fashion,2,667.83,11.3,UPI,Delivered,4.7
ORD003000,,CUST00504,Lucknow,18.0,Yoga Mat,Sports & Fitness,3,773.8,10.3,UPI,Delivered,5.0
ORD003001,2026-07-07,CUST00693,Mysuru,23.0,Smartwatch,Electronics,2,3158.69,1.9,UPI,Delivered,4.3
ORD003002,,CUST00876,Ahmedabad,37.0,Face Wash,Beauty,1,382.95,15.6,UPI,Delivered,4.3
ORD003003,,CUST01846,Hyderabad,18.0,Sunscreen SPF 50,Beauty,1,712.2,8.2,UPI,Delivered,4.3
ORD003004,,CUST00084,Hyderabad,23.0,Laptop Backpack,Electronics,1,2041.42,3.6,UPI,Delivered,2.5
ORD003005,,CUST01204,Chandigarh,38.0,Cotton T-Shirt,Fashion,2,726.6,4.7,UPI,Delivered,4.0
ORD003006,2025-07-11,CUST00384,Surat,31.0,Men's Casual Shirt,Fashion,2,1166.51,10.8,Cash on Delivery,Delivered,3.8
ORD003007,2026-08-07,CUST01423,Pune,33.0,Women's Kurti,Fashion,1,1027.37,8.7,UPI,Delivered,4.5
ORD003008,,CUST00222,Pune,28.0,Bluetooth Speaker,Electronics,2,1686.93,9.5,UPI,Delivered,3.8
ORD003009,,CUST01081,Pune,25.0,Dry Fruits Mix 500g,Grocery,2,613.67,5.4,UPI,Delivered,5.0
ORD003010,2026-09-08,CUST00335,Chennai,30.0,Face Wash,Beauty,1,386.79,18.0,,Delivered,3.4
ORD003011,,CUST01175,Mumbai,22.0,Data Structures,Books,3,803.78,8.7,Credit Card,Delivered,3.8
ORD003012,2026-02-06,CUST00665,Mumbai,34.0,Bluetooth Speaker,Electronics,2,1756.33,7.1,UPI,Delivered,4.3
ORD003013,,CUST01351,Kolkata,36.0,1080p Webcam,Electronics,2,2298.31,13.7,Net Banking,Delivered,3.3
ORD003014,,CUST01974,Chennai,20.0,SQL for Beginners,Books,2,615.71,10.9,UPI,Delivered,3.8
ORD003015,,CUST00690,Mangaluru,37.0,Almonds 500g,Grocery,1,535.63,7.9,UPI,Delivered,3.8
ORD003016,,CUST00095,Mangaluru,28.0,Protein Oats 1kg,Grocery,2,378.7,7.8,Credit Card,Delivered,4.4
ORD003017,,CUST01350,Chennai,22.0,Perfume,Beauty,1,1333.65,11.1,UPI,Delivered,6.0
ORD003018,,CUST01904,Jaipur,30.0,Skipping Rope,Sports & Fitness,2,289.36,6.9,Cash on Delivery,Delivered,3.7
ORD003019,,CUST00593,Mumbai,28.0,Cooking Oil 5L,Grocery,1,780.38,1.0,Credit Card,Delivered,4.0
ORD003020,2025-11-10,CUST00864,Bengaluru,27.0,Football,Sports & Fitness,1,931.23,8.8,UPI,Cancelled,
ORD003021,2026-09-06,CUST01377,Bengaluru,48.0,Storage Container Set,Home & Kitchen,3,890.19,11.7,UPI,Delivered,4.5
ORD003022,2026-01-07,CUST00104,Surat,41.0,Data Structures,Books,2,773.66,11.5,Wallet,Delivered,4.4
ORD003023,,CUST01307,Mumbai,19.0,Atomic Habits,Books,2,612.79,11.9,Cash on Delivery,Delivered,3.7
ORD003024,2025-08-10,CUST00229,Kolkata,33.0,Women's Kurti,Fashion,1,945.65,15.4,UPI,Delivered,3.8
ORD003025,2026-01-08,CUST00679,Ahmedabad,46.0,Cotton T-Shirt,Fashion,1,686.81,13.9,UPI,Delivered,5.0
ORD003026,2026-09-03,CUST00914,Kochi,26.0,Electric Kettle,Home & Kitchen,2,1440.17,3.1,UPI,Delivered,
ORD003027,2026-04-06,CUST02036,Mysuru,32.0,Electric Kettle,Home & Kitchen,2,1604.68,9.5,UPI,Delivered,
ORD003028,,CUST01129,Mumbai,38.0,Women's Kurti,Fashion,3,996.15,17.9,Credit Card,Delivered,4.2
ORD003029,,CUST02028,Mumbai,27.0,Protein Oats 1kg,Grocery,1,407.0,2.3,Net Banking,Delivered,5.0
ORD003030,,CUST01180,Pune,33.0,Smartwatch,Electronics,1,3316.18,12.7,Debit Card,Delivered,
ORD003031,2025-02-12,CUST01202,Kolkata,35.0,Women's Kurti,Fashion,1,1030.21,0.0,Cash on Delivery,Delivered,4.7
ORD003032,2026-11-02,CUST00351,Mumbai,24.0,Denim Jeans,Fashion,2,1825.22,11.1,UPI,Delivered,3.9
ORD003033,,CUST00191,Kolkata,39.0,Backpack,Fashion,1,1268.19,0.5,Credit Card,Pending,
ORD003034,,CUST00060,Delhi,33.0,Bedsheet Set,Home & Kitchen,1,1760.26,9.5,UPI,Delivered,
ORD003035,,CUST01027,Lucknow,37.0,Storage Container Set,Home & Kitchen,1,811.09,7.7,UPI,Delivered,
ORD003036,,CUST00875,Lucknow,32.0,Coffee 500g,Grocery,1,432.55,11.1,UPI,Delivered,3.3
ORD003037,2025-02-09,CUST01252,Kochi,31.0,Dumbbell Set 10kg,Sports & Fitness,2,1870.43,10.4,UPI,Pending,
ORD003038,2026-05-06,CUST01965,Jaipur,41.0,Face Wash,Beauty,1,419.35,4.7,UPI,Delivered,3.6
ORD003039,,CUST01678,Kochi,33.0,Organic Honey 500g,Grocery,1,435.83,8.0,Cash on Delivery,Delivered,4.3
ORD003040,,CUST00691,Ahmedabad,32.0,Backpack,Fashion,1,1231.82,9.3,Wallet,Delivered,3.3
ORD003041,,CUST00807,Bengaluru,27.0,Laptop Backpack,Electronics,2,1792.46,15.1,UPI,Delivered,
ORD003042,2025-03-09,CUST01772,Lucknow,37.0,Dry Fruits Mix 500g,Grocery,2,631.88,18.6,UPI,Delivered,4.4
ORD003043,,CUST01390,Bengaluru,27.0,Backpack,Fashion,2,1409.96,11.0,UPI,Returned,2.4
ORD003044,,CUST02036,Mysuru,32.0,Resistance Bands,Sports & Fitness,2,558.32,13.5,Credit Card,Delivered,2.7
ORD003045,,CUST01408,Delhi,37.0,Men's Casual Shirt,Fashion,1,1180.84,14.1,UPI,Delivered,3.5
ORD003046,2026-09-02,CUST01060,Chennai,26.0,Backpack,Fashion,2,1264.2,11.0,UPI,Delivered,3.3
ORD003047,2025-07-11,CUST00045,Mangaluru,30.0,Cushion Set,Home & Kitchen,2,796.21,8.1,UPI,Delivered,3.5
ORD003048,,CUST01809,Chandigarh,24.0,Power Bank 20000mAh,Electronics,2,1567.96,4.3,UPI,Delivered,3.9
ORD003049,,CUST00543,Ahmedabad,32.0,Basmati Rice 5kg,Grocery,2,774.28,9.6,UPI,Delivered,4.9
ORD003050,2026-07-03,CUST00599,Mumbai,35.0,LED Desk Lamp,Home & Kitchen,1,1073.2,3.8,UPI,Delivered,
ORD003051,,CUST01777,Kochi,24.0,Rich Dad Poor Dad,Books,2,496.52,13.4,UPI,Delivered,4.9
ORD003052,,CUST00806,Pune,30.0,USB-C Fast Charger,Electronics,1,995.87,2.9,UPI,Delivered,2.6
ORD003053,2026-07-05,CUST01744,Kochi,28.0,Rich Dad Poor Dad,Books,2,471.07,5.5,UPI,Delivered,3.1
ORD003054,2026-06-04,CUST00449,Ahmedabad,30.0,Protein Oats 1kg,Grocery,2,371.83,7.9,Net Banking,Delivered,2.2
ORD003055,,CUST01929,Jaipur,31.0,Unknown,Electronics,2,2475.11,8.3,Net Banking,Delivered,4.0
ORD003056,,CUST01164,Mangaluru,38.0,Atomic Habits,Books,1,589.88,6.0,UPI,Delivered,4.8
ORD003057,,CUST00951,Bengaluru,37.0,Bedsheet Set,Home & Kitchen,1,1691.71,15.2,UPI,Delivered,3.4
ORD003058,,CUST01072,Hyderabad,38.0,Face Wash,Beauty,1,372.51,11.2,UPI,Pending,
ORD003059,2026-05-02,CUST00222,Pune,28.0,USB-C Fast Charger,Electronics,1,1084.18,7.7,Credit Card,Delivered,4.0
ORD003060,2025-05-11,CUST00042,Lucknow,29.0,Rich Dad Poor Dad,Books,1,469.76,13.5,UPI,Delivered,4.4
ORD003061,2026-07-03,CUST00272,Bengaluru,34.0,Running Shoes,Fashion,1,2616.67,13.3,Credit Card,Returned,1.7
ORD003062,,CUST01345,Chandigarh,18.0,Data Structures,Books,1,756.53,7.3,UPI,Delivered,3.2
ORD003063,2025-06-11,CUST00482,Delhi,30.0,Running Shoes,Fashion,3,2556.43,10.6,UPI,Delivered,4.0
ORD003064,,CUST00797,Pune,42.0,Water Bottle,Home & Kitchen,1,699.31,15.5,Debit Card,Delivered,4.7
ORD003065,,CUST00102,Jaipur,18.0,Competitive Aptitude,Books,1,416.95,5.7,UPI,Delivered,3.5
ORD003066,,CUST01009,Chandigarh,23.0,Basmati Rice 5kg,Grocery,3,746.82,8.7,UPI,Delivered,4.2
ORD003067,,CUST00709,Delhi,40.0,1080p Webcam,Electronics,2,2389.21,6.1,Debit Card,Delivered,3.7
ORD003068,2026-06-08,CUST00518,Chandigarh,31.0,USB-C Fast Charger,Electronics,2,958.75,15.6,Credit Card,Cancelled,
ORD003069,2026-02-08,CUST01969,Hyderabad,34.0,USB-C Fast Charger,Electronics,1,1077.3,6.9,UPI,Delivered,4.1
ORD003070,2026-02-03,CUST00951,Bengaluru,37.0,Lipstick,Beauty,2,633.22,3.6,UPI,Delivered,4.4
ORD003071,,CUST01468,Chennai,30.0,Body Lotion,Beauty,2,438.44,10.4,Wallet,Delivered,4.5
ORD003072,,CUST01802,Pune,23.0,LED Desk Lamp,Home & Kitchen,1,996.33,7.6,Credit Card,Delivered,4.4
ORD003073,2026-03-07,CUST00529,Mysuru,41.0,Green Tea 100 Bags,Grocery,1,336.75,12.1,UPI,Returned,2.5
ORD003074,,CUST01760,Hyderabad,33.0,Water Bottle,Home & Kitchen,2,711.84,6.8,UPI,Delivered,3.6
ORD003075,,CUST00370,Lucknow,40.0,Non-Stick Fry Pan,Home & Kitchen,3,1340.41,6.9,Net Banking,Delivered,4.4
ORD003076,,CUST01994,Hyderabad,31.0,Atomic Habits,Books,2,594.61,13.3,Credit Card,Delivered,3.1
ORD003077,,CUST01132,Bengaluru,31.0,Coffee 500g,Grocery,2,441.96,8.0,Credit Card,Delivered,3.1
ORD003078,,CUST01353,Ahmedabad,22.0,Cycling Helmet,Sports & Fitness,2,1510.58,7.3,UPI,Delivered,4.2
ORD003079,2025-08-11,CUST01036,Chennai,30.0,Shampoo,Beauty,3,549.03,14.3,Credit Card,Delivered,4.8
ORD003080,,CUST00121,Mangaluru,33.0,Almonds 500g,Grocery,1,469.17,5.0,Wallet,Delivered,5.0
ORD003081,,CUST00276,Surat,39.0,Wireless Earbuds,Electronics,1,2474.6,9.7,Credit Card,Delivered,4.3
ORD003082,2025-04-12,CUST00745,Delhi,36.0,Denim Jeans,Fashion,2,1687.5,4.5,Wallet,Delivered,
ORD003083,,CUST01233,Mumbai,22.0,Green Tea 100 Bags,Grocery,3,355.57,11.4,UPI,Delivered,4.6
ORD003084,,CUST00859,Mumbai,18.0,Storage Container Set,Home & Kitchen,1,960.71,15.0,Wallet,Delivered,5.0
ORD003085,2026-10-04,CUST01508,Mysuru,36.0,Green Tea 100 Bags,Grocery,1,321.21,4.2,UPI,Delivered,4.3
ORD003086,2025-12-11,CUST00823,Bengaluru,27.0,Laptop Backpack,Electronics,2,2010.95,10.5,UPI,Delivered,2.9
ORD003087,,CUST01514,Jaipur,31.0,Non-Stick Fry Pan,Home & Kitchen,1,1284.76,10.1,Credit Card,Delivered,
ORD003088,,CUST00092,Chennai,30.0,Men's Casual Shirt,Fashion,3,1202.17,11.0,Credit Card,Delivered,3.8
ORD003089,,CUST01653,Chennai,40.0,USB-C Fast Charger,Electronics,1,999.69,11.6,Credit Card,Delivered,3.3
ORD003090,2026-05-06,CUST00917,Kochi,24.0,Saree,Fashion,3,2212.52,19.8,Cash on Delivery,Delivered,3.2
ORD003091,,CUST01279,Mangaluru,23.0,SQL for Beginners,Books,2,629.87,15.9,UPI,Delivered,4.3
ORD003092,,CUST00685,Chandigarh,35.0,Power Bank 20000mAh,Electronics,2,1455.1,11.9,Credit Card,Delivered,4.7
ORD003093,,CUST00658,Chandigarh,27.0,Men's Casual Shirt,Fashion,2,1167.57,15.1,UPI,Delivered,4.1
ORD003094,,CUST01036,Chennai,30.0,Wireless Earbuds,Electronics,1,2463.54,12.2,Cash on Delivery,Delivered,
ORD003095,2025-05-10,CUST00610,Chennai,43.0,Hair Serum,Beauty,1,498.24,6.0,Debit Card,Delivered,4.2
ORD003096,,CUST01508,Mysuru,36.0,Smartwatch,Electronics,2,3287.9,14.7,UPI,Delivered,
ORD003097,,CUST00989,Ahmedabad,33.0,Coffee 500g,Grocery,1,437.04,8.9,Cash on Delivery,Cancelled,
ORD003098,2026-05-03,CUST00229,Kolkata,33.0,Bedsheet Set,Home & Kitchen,2,1585.25,11.0,UPI,Delivered,5.0
ORD003099,,CUST00429,Bengaluru,41.0,Competitive Aptitude,Books,2,459.65,9.2,UPI,Delivered,3.3
ORD003100,2025-05-09,CUST01238,Chennai,18.0,Green Tea 100 Bags,Grocery,2,360.42,6.0,UPI,Delivered,3.2
ORD003101,2025-03-10,CUST01914,Mangaluru,40.0,USB-C Fast Charger,Electronics,1,984.96,8.8,UPI,Delivered,
ORD003102,2026-04-01,CUST00675,Mumbai,29.0,Sports Track Pants,Fashion,1,1341.47,10.2,UPI,Delivered,3.9
ORD003103,2025-01-09,CUST01643,Hyderabad,27.0,Basmati Rice 5kg,Grocery,1,760.32,9.0,UPI,Delivered,4.5
ORD003104,,CUST01812,Chennai,35.0,Machine Learning Basics,Books,1,920.34,6.2,Cash on Delivery,Delivered,
ORD003105,2025-01-09,CUST00635,Chennai,35.0,Atomic Habits,Books,2,595.91,5.7,UPI,Delivered,4.1
ORD003106,,CUST00929,Surat,33.0,Power Bank 20000mAh,Electronics,2,1361.96,10.1,UPI,Cancelled,
ORD003107,,CUST01870,Ahmedabad,18.0,Body Lotion,Beauty,1,428.24,5.6,UPI,Delivered,3.9
ORD003108,2025-04-12,CUST00243,Kolkata,25.0,Backpack,Fashion,3,1302.06,13.5,UPI,Delivered,4.0
ORD003109,,CUST00349,Delhi,18.0,Basmati Rice 5kg,Grocery,2,745.86,3.3,UPI,Delivered,4.7
ORD003110,,CUST01697,Jaipur,32.0,Mixer Grinder,Home & Kitchen,2,3331.44,0.0,UPI,Delivered,3.8
ORD003111,2026-01-07,CUST00916,Chennai,53.0,Basmati Rice 5kg,Grocery,2,713.35,0.0,UPI,Delivered,4.2
ORD003112,,CUST01225,Chandigarh,30.0,Cooking Oil 5L,Grocery,1,746.39,6.2,UPI,Delivered,
ORD003113,2025-03-10,CUST01884,Surat,48.0,Competitive Aptitude,Books,2,429.47,13.0,UPI,Delivered,4.1
ORD003114,,CUST00679,Ahmedabad,46.0,Wireless Earbuds,Electronics,2,2349.91,18.7,UPI,Delivered,3.9
ORD003115,2025-07-12,CUST00720,Hyderabad,29.0,Bedsheet Set,Home & Kitchen,1,1755.7,5.1,UPI,Delivered,3.7
ORD003116,,CUST01906,Hyderabad,34.0,Dry Fruits Mix 500g,Grocery,1,578.97,7.5,UPI,Delivered,4.2
ORD003117,,CUST01744,Kochi,28.0,Resistance Bands,Sports & Fitness,3,587.0,,UPI,Pending,
ORD003118,2026-01-07,CUST00318,Ahmedabad,42.0,Lipstick,Beauty,2,566.08,9.6,Net Banking,Delivered,4.4
ORD003119,,CUST01684,Mysuru,,Almonds 500g,Grocery,1,503.01,8.7,UPI,Delivered,4.8
ORD003120,,CUST01143,Delhi,30.0,Python Programming,Books,2,702.61,0.0,UPI,Cancelled,
ORD003121,2026-10-03,CUST01587,Jaipur,32.0,Sports Track Pants,Fashion,2,1272.18,6.8,Credit Card,Delivered,3.4
ORD003122,,CUST01613,Delhi,30.0,Power Bank 20000mAh,Electronics,2,1448.68,9.8,Credit Card,Cancelled,
ORD003123,,CUST01924,Mumbai,24.0,Rich Dad Poor Dad,Books,2,527.76,11.8,UPI,Delivered,4.7
ORD003124,2025-09-10,CUST00483,Delhi,37.0,Mechanical Keyboard,Electronics,1,2911.07,8.9,Cash on Delivery,Pending,
ORD003125,,CUST01440,Pune,26.0,Water Bottle,Home & Kitchen,1,723.36,11.6,Credit Card,Delivered,4.5
ORD003126,,CUST01912,Chennai,35.0,1080p Webcam,Electronics,1,2353.6,13.2,Debit Card,Returned,4.5
ORD003127,,CUST01239,Pune,18.0,Wireless Earbuds,Electronics,2,2642.79,6.2,Wallet,Delivered,3.9
ORD003128,,CUST00951,Bengaluru,37.0,Cycling Helmet,Sports & Fitness,2,1519.96,8.1,Credit Card,Delivered,3.6
ORD003129,2026-04-07,CUST00392,Chandigarh,34.0,Rich Dad Poor Dad,Books,1,489.97,4.8,UPI,Delivered,5.0
ORD003130,2026-01-01,CUST01448,Surat,40.0,USB-C Fast Charger,Electronics,2,951.37,6.5,UPI,Cancelled,
ORD003131,2026-03-06,CUST00364,Bengaluru,42.0,USB-C Fast Charger,Electronics,2,1100.45,10.9,UPI,Delivered,
ORD003132,2026-07-02,CUST01591,Pune,31.0,Bedsheet Set,Home & Kitchen,1,1735.21,3.7,UPI,Delivered,
ORD003133,2025-03-11,CUST01039,Jaipur,38.0,Cooking Oil 5L,Grocery,3,744.6,7.0,UPI,Delivered,4.2
ORD003134,,CUST00822,Chandigarh,,Basmati Rice 5kg,Grocery,2,713.45,9.3,UPI,Delivered,4.3
ORD003135,,CUST01710,Surat,23.0,Cotton T-Shirt,Fashion,1,696.03,7.4,UPI,Delivered,4.2
ORD003136,,CUST00046,Surat,30.0,Denim Jeans,Fashion,2,1841.63,12.8,UPI,Delivered,5.0
ORD003137,2025-09-12,CUST01417,Hyderabad,24.0,USB-C Fast Charger,Electronics,1,964.21,2.9,Debit Card,Cancelled,
ORD003138,,CUST01065,Mysuru,,Women's Kurti,Fashion,2,1006.99,18.0,UPI,Delivered,4.0
ORD003139,,CUST01957,Chandigarh,24.0,Sunscreen SPF 50,Beauty,1,706.09,7.7,UPI,Delivered,3.8
ORD003140,,CUST01381,Bengaluru,28.0,Saree,Fashion,3,2202.14,17.1,UPI,Delivered,2.8
ORD003141,2025-02-10,CUST00334,Mysuru,30.0,Lipstick,Beauty,1,578.1,9.9,UPI,Delivered,3.8
ORD003142,,CUST00680,Surat,31.0,Cotton T-Shirt,Fashion,1,705.62,11.8,Credit Card,Delivered,4.0
ORD003143,2026-06-04,CUST02030,Jaipur,20.0,Body Lotion,Beauty,1,444.16,11.2,Credit Card,Delivered,3.6
ORD003144,,CUST01133,Bengaluru,36.0,Coffee 500g,Grocery,2,434.36,2.7,Credit Card,Delivered,4.9
ORD003145,,CUST00449,Ahmedabad,30.0,Bluetooth Speaker,Electronics,2,1765.09,9.4,UPI,Cancelled,
ORD003146,,CUST01559,Lucknow,42.0,Cycling Helmet,Sports & Fitness,2,1513.57,16.0,Credit Card,Delivered,3.9
ORD003147,2026-03-02,CUST01886,Chandigarh,38.0,Cooking Oil 5L,Grocery,3,723.56,11.2,Debit Card,Delivered,3.7
ORD003148,2026-04-07,CUST01615,Hyderabad,36.0,Protein Oats 1kg,Grocery,2,404.14,8.5,UPI,Cancelled,
ORD003149,,CUST00229,Kolkata,33.0,Power Bank 20000mAh,Electronics,2,1501.73,15.2,UPI,Delivered,3.0
ORD003150,,CUST01353,Ahmedabad,22.0,Hair Serum,Beauty,1,468.65,7.5,UPI,Delivered,
ORD003151,,CUST01580,Hyderabad,30.0,Bedsheet Set,Home & Kitchen,3,1812.23,11.1,UPI,Delivered,3.7
ORD003152,2025-05-10,CUST00091,Chandigarh,29.0,Sunscreen SPF 50,Beauty,2,646.81,7.6,UPI,Delivered,4.2
ORD003153,2026-09-03,CUST00082,Pune,42.0,Bluetooth Speaker,Electronics,1,1765.21,8.6,UPI,Delivered,4.1
ORD003154,2026-01-02,CUST00594,Chennai,38.0,Moisturizer,Beauty,1,632.5,11.4,Credit Card,Delivered,2.8
ORD003155,2025-08-09,CUST00501,Chennai,43.0,Moisturizer,Beauty,1,659.62,12.6,Credit Card,Delivered,3.5
ORD003156,,CUST00933,Delhi,36.0,Atomic Habits,Books,1,596.89,6.1,UPI,Delivered,3.0
ORD003157,,CUST01472,,29.0,LED Desk Lamp,Home & Kitchen,3,995.5,14.3,Net Banking,Delivered,4.3
ORD003158,2026-05-03,CUST01514,Jaipur,31.0,Atomic Habits,Books,1,587.11,10.1,Net Banking,Delivered,4.8
ORD003159,,CUST01009,Chandigarh,23.0,Cotton T-Shirt,Fashion,1,674.83,4.2,UPI,Delivered,5.0
ORD003160,,CUST01149,Hyderabad,25.0,Machine Learning Basics,Books,1,899.62,7.4,UPI,Delivered,3.1
ORD003161,,CUST00116,Pune,37.0,Protein Oats 1kg,Grocery,2,399.84,0.0,Credit Card,Delivered,5.0
ORD003162,,CUST01886,Chandigarh,38.0,Bedsheet Set,Home & Kitchen,2,1634.84,3.1,Credit Card,Delivered,4.5
ORD003163,2026-05-08,CUST00450,Kochi,42.0,Storage Container Set,Home & Kitchen,1,888.77,11.6,Debit Card,Delivered,3.8
ORD003164,,CUST00796,Kolkata,18.0,Water Bottle,Home & Kitchen,3,663.91,14.5,Cash on Delivery,Delivered,4.5
ORD003165,2026-04-08,CUST01602,Chennai,35.0,Gym Gloves,Sports & Fitness,3,477.42,3.5,UPI,Delivered,4.8
ORD003166,2026-05-03,CUST00364,Bengaluru,42.0,Skipping Rope,Sports & Fitness,2,306.07,4.2,Credit Card,Pending,
ORD003167,,CUST01076,Ahmedabad,32.0,Laptop Backpack,Electronics,2,1994.58,5.4,Net Banking,Delivered,3.0
ORD003168,,CUST00412,Mysuru,30.0,Smartwatch,Electronics,1,3055.24,5.3,UPI,Delivered,3.6
ORD003169,2025-10-11,CUST01004,Delhi,22.0,Cooking Oil 5L,Grocery,2,799.01,11.4,Net Banking,Delivered,4.1
ORD003170,,CUST00025,Mumbai,28.0,Cotton T-Shirt,Fashion,1,733.44,8.8,UPI,Delivered,4.3
ORD003171,,CUST01677,Kochi,21.0,Laptop Backpack,Electronics,2,1861.89,7.7,UPI,Delivered,
ORD003172,,CUST00726,Mangaluru,25.0,Saree,Fashion,1,2141.93,6.1,Net Banking,Delivered,3.1
ORD003173,,CUST01443,Delhi,40.0,Basmati Rice 5kg,Grocery,1,764.31,6.2,Credit Card,Delivered,3.9
ORD003174,,CUST01460,Chennai,33.0,Yoga Mat,Sports & Fitness,2,824.15,7.2,Credit Card,Delivered,4.0
ORD003175,,CUST01139,Ahmedabad,26.0,Python Programming,Books,3,711.87,5.3,Credit Card,Delivered,3.6
ORD003176,2026-03-02,CUST01406,Delhi,28.0,USB-C Fast Charger,Electronics,2,1057.52,7.2,UPI,Delivered,3.9
ORD003177,2025-05-11,CUST01493,Mysuru,43.0,Atomic Habits,Books,1,568.83,4.9,UPI,Delivered,2.7
ORD003178,,CUST01795,Chennai,28.0,Indian History,Books,2,544.24,12.0,UPI,Delivered,4.5
ORD003179,2026-06-01,CUST01417,Hyderabad,24.0,SQL for Beginners,Books,4,671.17,9.0,UPI,Delivered,4.5
ORD003180,,CUST01187,Delhi,26.0,Indian History,Books,1,567.85,7.3,Credit Card,Delivered,4.6
ORD003181,,CUST01341,Kochi,26.0,Perfume,Beauty,3,1270.41,12.8,UPI,Delivered,3.8
ORD003182,2025-10-12,CUST01367,Chennai,34.0,Mechanical Keyboard,Electronics,1,2863.92,10.0,UPI,Delivered,3.9
ORD003183,,CUST01236,Chennai,41.0,Skipping Rope,Sports & Fitness,2,294.79,17.4,UPI,Delivered,
ORD003184,,CUST00294,Mysuru,31.0,Mechanical Keyboard,Electronics,2,2798.07,11.7,UPI,Delivered,3.5
ORD003185,,CUST01429,Chennai,38.0,USB-C Fast Charger,Electronics,2,932.78,9.2,Credit Card,Delivered,3.7
ORD003186,,CUST00266,Lucknow,41.0,SQL for Beginners,Books,1,653.79,,Credit Card,Delivered,
ORD003187,,CUST00403,Pune,30.0,Storage Container Set,Home & Kitchen,2,896.51,3.3,Credit Card,Delivered,3.3
ORD003188,,CUST00482,Delhi,30.0,Cricket Bat,Sports & Fitness,2,2310.1,6.8,Debit Card,Delivered,4.6
ORD003189,,CUST00292,Ahmedabad,37.0,Wireless Earbuds,Electronics,1,2257.28,,Debit Card,Delivered,3.0
ORD003190,,CUST01949,Lucknow,42.0,Men's Casual Shirt,Fashion,2,1137.88,9.1,UPI,Delivered,5.0
ORD003191,,CUST01783,Mumbai,35.0,Lipstick,Beauty,1,658.43,11.2,UPI,Delivered,4.8
ORD003192,2026-06-05,CUST00319,Delhi,31.0,Atomic Habits,Books,1,645.99,11.7,Wallet,Delivered,
ORD003193,,CUST00424,Bengaluru,39.0,USB-C Fast Charger,Electronics,2,1043.54,11.2,UPI,Delivered,4.7
ORD003194,2025-08-09,CUST00111, Mumbai ,20.0,Running Shoes,Fashion,2,2602.18,9.1,Credit Card,Delivered,2.8
ORD003195,,CUST01734,Surat,22.0,Cotton T-Shirt,Fashion,1,664.32,12.6,UPI,Delivered,4.9
ORD003196,,CUST00135,Pune,30.0,Smartwatch,Electronics,1,3442.78,18.5,Net Banking,Delivered,
ORD003197,2026-01-08,CUST01336,Surat,42.0,Hair Serum,Beauty,1,501.88,9.6,UPI,Delivered,4.0
ORD003198,2025-03-11,CUST00778,Kolkata,19.0,Almonds 500g,Grocery,2,461.29,13.8,UPI,Delivered,5.0
ORD003199,,CUST01297,Mysuru,35.0,Python Programming,Books,1,722.87,,UPI,Delivered,3.8
ORD003200,,CUST01425,Kolkata,26.0,Running Shoes,Fashion,1,2401.97,9.8,Credit Card,Cancelled,
ORD003201,,CUST01333,Delhi,18.0,Yoga Mat,Sports & Fitness,3,797.42,5.2,UPI,Delivered,4.1
ORD003202,,CUST00621,Surat,38.0,Protein Oats 1kg,Grocery,1,402.21,4.2,Debit Card,Delivered,2.9
ORD003203,2025-11-09,CUST01657,Kolkata,34.0,Rich Dad Poor Dad,Books,2,461.08,5.9,Credit Card,Delivered,
ORD003204,2025-05-12,CUST00361,Lucknow,47.0,Basmati Rice 5kg,Grocery,2,747.43,7.6,UPI,Delivered,5.0
ORD003205,,CUST01410,Chandigarh,22.0,Almonds 500g,Grocery,1,503.76,3.8,UPI,Delivered,3.9
ORD003206,,CUST00873,Kolkata,35.0,1080p Webcam,Electronics,1,2181.86,9.2,Cash on Delivery,Cancelled,
ORD003207,2026-10-08,CUST00650,Mangaluru,31.0,Sunscreen SPF 50,Beauty,2,721.71,9.3,UPI,Returned,3.8
ORD003208,2025-08-10,CUST00815,Ahmedabad,43.0,Organic Honey 500g,Grocery,1,420.0,12.7,UPI,Delivered,4.4
ORD003209,2025-05-10,CUST01770,Jaipur,28.0,Smartwatch,Electronics,2,3198.46,11.9,Cash on Delivery,Delivered,5.0
ORD003210,,CUST00878,Mumbai,36.0,Cooking Oil 5L,Grocery,3,808.41,9.0,Net Banking,Delivered,4.2
ORD003211,,CUST00880,Chennai,22.0,Bluetooth Speaker,Electronics,1,1824.97,7.0,UPI,Delivered,3.0
ORD003212,2025-12-09,CUST00046,Surat,30.0,Wireless Earbuds,Electronics,2,2525.13,13.0,UPI,Delivered,2.2
ORD003213,,CUST00256,Kochi,21.0,Water Bottle,Home & Kitchen,1,695.06,2.8,UPI,Delivered,3.3
ORD003214,,CUST01827,Kochi,40.0,Rich Dad Poor Dad,Books,1,456.72,10.1,UPI,Delivered,3.3
ORD003215,,CUST00666,Chennai,21.0,Storage Container Set,Home & Kitchen,3,883.01,5.5,UPI,Delivered,4.6
ORD003216,2025-09-10,CUST01732,Bengaluru,31.0,Green Tea 100 Bags,Grocery,1,345.1,13.0,UPI,Delivered,3.8
ORD003217,2026-06-06,CUST00416,Bengaluru,27.0,Backpack,Fashion,1,1357.84,8.8,UPI,Delivered,5.0
ORD003218,,CUST00937,Surat,31.0,Basmati Rice 5kg,Grocery,1,714.39,1.2,Debit Card,Delivered,4.4
ORD003219,2025-06-12,CUST01744,Kochi,28.0,Mechanical Keyboard,Electronics,2,2838.63,16.0,Credit Card,Delivered,4.8
ORD003220,,CUST01911,Lucknow,29.0,Power Bank 20000mAh,Electronics,2,1437.38,7.1,Net Banking,Delivered,4.1
ORD003221,,CUST00771,Mysuru,38.0,Resistance Bands,Sports & Fitness,2,596.15,13.0,Credit Card,Delivered,4.5
ORD003222,2026-01-02,CUST00974,Hyderabad,25.0,Skipping Rope,Sports & Fitness,2,296.08,0.7,UPI,Delivered,4.1
ORD003223,2026-06-05,CUST01610,Mumbai,36.0,USB-C Fast Charger,Electronics,2,1073.57,10.7,UPI,Delivered,3.6
ORD003224,,CUST00671,Chennai,18.0,Data Structures,Books,1,816.05,14.5,Credit Card,Delivered,3.6
ORD003225,,CUST01680,Chennai,26.0,Cricket Bat,Sports & Fitness,1,2409.39,4.4,UPI,Pending,
ORD003226,2026-10-01,CUST01744,Kochi,28.0,Electric Kettle,Home & Kitchen,2,1578.64,14.4,UPI,Delivered,4.4
ORD003227,,CUST01783,Mumbai,35.0,Cotton T-Shirt,Fashion,1,739.82,7.1,Credit Card,Delivered,3.2
ORD003228,2026-05-02,CUST00645,Hyderabad,34.0,Backpack,Fashion,1,1280.53,8.8,UPI,Delivered,4.6
ORD003229,2025-09-11,CUST01698,Mysuru,,Green Tea 100 Bags,Grocery,2,350.66,11.5,Net Banking,Delivered,
ORD003230,,CUST00845,Surat,20.0,Basmati Rice 5kg,Grocery,1,825.74,9.1,UPI,Delivered,4.4
ORD003231,,CUST00795,Mysuru,41.0,Coffee 500g,Grocery,2,442.3,10.1,Credit Card,Pending,
ORD003232,2026-11-04,CUST01210,Chandigarh,31.0,Denim Jeans,Fashion,1,1734.84,6.0,UPI,Returned,2.5
ORD003233,,CUST00795,Mysuru,41.0,Moisturizer,Beauty,2,647.62,11.3,Credit Card,Delivered,
ORD003234,2025-05-11,CUST00492,Jaipur,46.0,Face Wash,Beauty,3,413.85,14.1,UPI,Delivered,4.6
ORD003235,,CUST00823,Bengaluru,27.0,Skipping Rope,Sports & Fitness,3,306.93,6.0,Credit Card,Delivered,3.9
ORD003236,,CUST00768,Chennai,22.0,Men's Casual Shirt,Fashion,1,1148.93,8.6,Credit Card,Delivered,4.5
ORD003237,2025-01-11,CUST01901,Kolkata,38.0,Power Bank 20000mAh,Electronics,2,1394.68,19.9,Credit Card,Pending,
ORD003238,,CUST00212,Kolkata,35.0,Lipstick,Beauty,1,596.85,14.6,Credit Card,Delivered,2.1
ORD003239,2025-03-10,CUST01221,Lucknow,27.0,Almonds 500g,Grocery,1,477.02,10.9,Cash on Delivery,Delivered,4.0
ORD003240,,CUST00681,Jaipur,,Atomic Habits,Books,2,574.91,6.2,UPI,Delivered,5.0
ORD003241,2025-06-09,CUST00617,Lucknow,30.0,Basmati Rice 5kg,Grocery,2,744.23,5.5,UPI,Delivered,5.0
ORD003242,,CUST00837,Ahmedabad,27.0,Electric Kettle,Home & Kitchen,1,1492.28,6.4,Cash on Delivery,Delivered,4.0
ORD003243,2025-07-11,CUST00239,Bengaluru,20.0,Denim Jeans,Fashion,3,1937.52,12.0,Cash on Delivery,Delivered,4.4
ORD003244,2026-11-07,CUST01330,,42.0,Cooking Oil 5L,Grocery,1,786.96,11.7,Credit Card,Delivered,
ORD003245,,CUST00198,Pune,29.0,Cotton T-Shirt,Fashion,2,718.4,13.7,UPI,Delivered,
ORD003246,,CUST00298,Pune,23.0,Lipstick,Beauty,1,602.8,16.9,UPI,Delivered,3.9
ORD003247,,CUST01993,Surat,22.0,Non-Stick Fry Pan,Home & Kitchen,2,1306.5,18.0,UPI,Delivered,3.2
ORD003248,,CUST00859,Mumbai,18.0,Cooking Oil 5L,Grocery,2,812.64,11.1,Credit Card,Delivered,4.4
ORD003249,,CUST01790,Kolkata,34.0,Football,Sports & Fitness,2,838.07,5.8,Debit Card,Delivered,3.5
ORD003250,,CUST01016,Delhi,28.0,Data Structures,Books,3,770.86,4.4,UPI,Delivered,4.4
ORD003251,,CUST01744,Kochi,28.0,Skipping Rope,Sports & Fitness,1,296.99,8.5,Wallet,Delivered,4.0
ORD003252,,CUST00341,Delhi,34.0,Backpack,Fashion,2,1360.98,12.0,UPI,Returned,
ORD003253,,CUST01639,Kochi,42.0,Storage Container Set,Home & Kitchen,1,958.28,12.1,Credit Card,Delivered,5.0
ORD003254,2025-04-12,CUST00824,Mysuru,18.0,Non-Stick Fry Pan,Home & Kitchen,2,1245.34,12.2,Debit Card,Delivered,3.4
ORD003255,,CUST01076,Ahmedabad,32.0,Cooking Oil 5L,Grocery,1,839.33,6.1,UPI,Delivered,
ORD003256,,CUST01408,Delhi,37.0,Moisturizer,Beauty,1,647.48,11.6,UPI,Delivered,
ORD003258,,CUST00899,Bengaluru,30.0,Organic Honey 500g,Grocery,1,446.39,6.8,UPI,Delivered,4.6
ORD003259,,CUST01353,Ahmedabad,22.0,Python Programming,Books,3,678.77,0.3,UPI,Delivered,3.5
ORD003260,2025-06-12,CUST00610,Chennai,43.0,Bedsheet Set,Home & Kitchen,3,1563.12,9.5,Credit Card,Delivered,5.0
ORD003261,2026-08-03,CUST00681,Jaipur,38.0,Face Wash,Beauty,3,388.52,13.3,Debit Card,Delivered,3.7
ORD003262,2026-01-08,CUST00979,Ahmedabad,33.0,Machine Learning Basics,Books,1,857.66,6.6,UPI,Delivered,4.2
ORD003263,,CUST00061,Ahmedabad,27.0,USB-C Fast Charger,Electronics,1,998.49,20.1,Wallet,Delivered,4.7
ORD003264,,CUST00704,Mysuru,28.0,Women's Kurti,Fashion,2,1010.63,7.0,Cash on Delivery,Delivered,3.4
ORD003265,2025-05-12,CUST00320,Bengaluru,23.0,Power Bank 20000mAh,Electronics,2,1572.16,1.6,UPI,Delivered,3.5
ORD003266,,CUST00179,Bengaluru,23.0,Electric Kettle,Home & Kitchen,3,1513.58,4.0,UPI,Delivered,4.9
ORD003267,,CUST00996,Kolkata,18.0,Coffee 500g,Grocery,2,431.19,4.0,Debit Card,Pending,
ORD003268,,CUST00135,Unknown,30.0,Women's Kurti,Fashion,3,1046.18,9.9,Cash on Delivery,Delivered,4.1
ORD003269,2026-06-02,CUST00829,Ahmedabad,22.0,Almonds 500g,Grocery,4,479.77,3.0,Credit Card,Delivered,4.4
ORD003270,2026-11-01,CUST01236,Chennai,41.0,Cricket Bat,Sports & Fitness,3,2364.28,14.4,Debit Card,Delivered,5.0
ORD003271,,CUST01079,Hyderabad,29.0,USB-C Fast Charger,Electronics,2,986.28,6.8,Wallet,Delivered,3.9
ORD003272,,CUST01450,Delhi,29.0,SQL for Beginners,Books,2,650.99,6.3,UPI,Delivered,3.6
ORD003273,,CUST00651,Kolkata,37.0,Storage Container Set,Home & Kitchen,2,909.42,15.5,Debit Card,Delivered,4.2
ORD003274,,CUST01239,Pune,18.0,Perfume,Beauty,2,1343.41,8.4,Credit Card,Delivered,
ORD003275,2025-11-10,CUST01870,Ahmedabad,18.0,Sports Track Pants,Fashion,2,1281.56,14.9,Debit Card,Delivered,3.3
ORD003276,2026-01-06,CUST01541,Surat,31.0,Cotton T-Shirt,Fashion,2,661.84,10.7,UPI,Delivered,4.4
ORD003277,,CUST00552,Pune,23.0,Men's Casual Shirt,Fashion,1,1242.56,11.9,UPI,Delivered,
ORD003278,2026-09-02,CUST00514,Surat,31.0,Moisturizer,Beauty,3,663.92,3.1,Credit Card,Pending,
ORD003279,2025-12-12,CUST00056,Ahmedabad,20.0,Non-Stick Fry Pan,Home & Kitchen,2,1290.07,2.8,Credit Card,Delivered,4.5
ORD003280,,CUST01596,Pune,25.0,Mechanical Keyboard,Electronics,2,3041.46,9.1,Credit Card,Delivered,4.6
ORD003281,,CUST01244,Delhi,32.0,Cooking Oil 5L,Grocery,1,800.82,11.2,UPI,Cancelled,
ORD003282,2026-04-05,CUST01618,Mumbai,41.0,Face Wash,Beauty,2,415.75,8.7,Debit Card,Delivered,4.6
ORD003283,,CUST00795,Mysuru,41.0,SQL for Beginners,Books,1,634.03,3.1,Credit Card,Delivered,4.2
ORD003284,2026-11-01,CUST00437,Chennai,20.0,Organic Honey 500g,Grocery,2,431.73,4.7,Credit Card,Delivered,4.9
ORD003285,,CUST00169,Jaipur,33.0,Lipstick,Beauty,1,591.7,13.8,Credit Card,Delivered,
ORD003286,,CUST01330,Bengaluru,42.0,Dry Fruits Mix 500g,Grocery,2,644.93,8.9,UPI,Delivered,4.6
ORD003287,2026-09-01,CUST01629,Kolkata,41.0,Laptop Backpack,Electronics,2,1770.94,9.1,Credit Card,Delivered,3.1
ORD003288,2026-09-02,CUST00471,Hyderabad,21.0,Women's Kurti,Fashion,2,1058.81,11.0,Cash on Delivery,Delivered,3.5
ORD003289,,CUST00208,Kochi,33.0,Atomic Habits,Books,2,602.31,6.8,Credit Card,Delivered,3.7
ORD003290,2025-09-11,CUST00409,Kolkata,39.0,Women's Kurti,Fashion,2,1025.96,19.6,Wallet,Delivered,3.9
ORD003291,2026-08-07,CUST00057,Ahmedabad,36.0,Perfume,Beauty,2,1224.37,11.5,UPI,Delivered,4.3
ORD003292,,CUST01477,Jaipur,28.0,Sports Track Pants,Fashion,2,1166.74,11.5,Credit Card,Cancelled,
ORD003293,,CUST01094,Hyderabad,33.0,Coffee 500g,Grocery,1,421.99,11.1,Credit Card,Delivered,
ORD003294,,CUST00962,Bengaluru,32.0,1080p Webcam,Electronics,1,2342.41,10.0,UPI,Delivered,
ORD003295,,CUST01053,Delhi,30.0,Women's Kurti,Fashion,1,1026.96,10.4,UPI,Delivered,3.7
ORD003296,,CUST00611,Ahmedabad,18.0,Smartwatch,Electronics,1,3261.46,10.5,Cash on Delivery,Delivered,2.9
ORD003297,2026-03-08,CUST00679,Ahmedabad,46.0,Machine Learning Basics,Books,3,862.13,10.4,Net Banking,Delivered,5.0
ORD003298,,CUST00280,Pune,27.0,Cooking Oil 5L,Grocery,3,804.07,8.6,UPI,Delivered,3.4
ORD003299,,CUST00523,Surat,40.0,Almonds 500g,Grocery,2,477.14,5.1,Credit Card,Delivered,3.6
ORD003300,,CUST01155,Hyderabad,25.0,Machine Learning Basics,Books,2,870.32,5.5,Debit Card,Delivered,3.6
ORD003301,,CUST00934,Chennai,19.0,Green Tea 100 Bags,Grocery,2,359.35,6.5,Credit Card,Delivered,4.2
ORD003302,2026-08-07,CUST00951,Bengaluru,37.0,Water Bottle,Home & Kitchen,1,718.56,11.0,Cash on Delivery,Delivered,4.1
ORD003303,,CUST00272,Bengaluru,34.0,Cotton T-Shirt,Fashion,1,673.8,17.2,UPI,Delivered,3.9
ORD003304,,CUST01056,Kolkata,32.0,Basmati Rice 5kg,Grocery,2,722.28,5.0,UPI,Delivered,3.4
ORD003305,2026-11-06,CUST00248,Chennai,57.0,Electric Kettle,Home & Kitchen,1,1630.26,1.4,Net Banking,Delivered,
ORD003306,2026-04-02,CUST00755,Chandigarh,29.0,Hair Serum,Beauty,4,498.49,10.2,Debit Card,Delivered,4.3
ORD003307,2026-10-06,CUST00495,Jaipur,32.0,1080p Webcam,Electronics,1,2161.86,7.3,Net Banking,Delivered,4.1
ORD003308,,CUST01149,Hyderabad,25.0,Atomic Habits,Books,1,592.83,8.7,UPI,Delivered,
ORD003309,2026-07-03,CUST00133,Bengaluru,27.0,Cotton T-Shirt,Fashion,2,755.44,10.7,UPI,Delivered,4.2
ORD003310,2026-07-02,CUST01783,Mumbai,35.0,Yoga Mat,Sports & Fitness,1,804.44,8.0,Credit Card,Delivered,3.1
ORD003311,,CUST00111,Mumbai,20.0,Wireless Earbuds,Electronics,1,2494.44,7.8,Credit Card,Delivered,5.0
ORD003312,2025-06-11,CUST01911,Lucknow,29.0,Football,Sports & Fitness,1,895.82,10.1,Cash on Delivery,Delivered,4.8
ORD003313,,CUST00893,Delhi,31.0,Smartwatch,Electronics,2,3411.09,13.1,Debit Card,Cancelled,
ORD003314,2025-05-09,CUST00019,Hyderabad,18.0,Coffee 500g,Grocery,3,425.17,14.0,Net Banking,Delivered,3.9
ORD003315,2026-07-05,CUST00823,Bengaluru,27.0,Machine Learning Basics,Books,2,963.1,8.5,Cash on Delivery,Delivered,3.9
ORD003316,2025-09-12,CUST01007,Mumbai,18.0,Atomic Habits,Books,2,636.41,6.0,UPI,Cancelled,
ORD003317,2026-04-03,CUST00123,Chandigarh,22.0,Cooking Oil 5L,Grocery,2,809.32,3.1,Debit Card,Delivered,5.0
ORD003318,,CUST01780,,27.0,Lipstick,Beauty,2,585.58,15.9,UPI,Delivered,3.6
ORD003319,,CUST01448,Surat,40.0,Backpack,Fashion,3,1321.12,8.3,Net Banking,Delivered,3.8
ORD003320,,CUST00091,Chandigarh,29.0,Basmati Rice 5kg,Grocery,3,735.88,10.3,Net Banking,Delivered,4.2
ORD003321,2025-02-11,CUST01288,Bengaluru,43.0,Backpack,Fashion,2,1344.8,10.0,UPI,Delivered,3.6
ORD003322,,CUST00179,Bengaluru,23.0,USB-C Fast Charger,Electronics,2,1018.97,11.8,UPI,Delivered,4.9
ORD003323,,CUST00292,Ahmedabad,37.0,Protein Oats 1kg,Grocery,1,411.56,13.2,Credit Card,Delivered,4.2
ORD003324,2025-03-12,CUST01265,Hyderabad,38.0,Men's Casual Shirt,Fashion,2,1207.29,8.1,Debit Card,Returned,3.5
ORD003325,,CUST01259,Ahmedabad,21.0,Sports Track Pants,Fashion,2,1239.87,10.8,Cash on Delivery,Delivered,3.9
ORD003326,2025-02-12,CUST01183,Mumbai,33.0,Face Wash,Beauty,1,412.02,9.0,Credit Card,Delivered,4.5
ORD003327,2026-11-07,CUST00303,Delhi ,28.0,LED Desk Lamp,Home & Kitchen,3,944.74,11.2,Credit Card,Delivered,3.6
ORD003328,,CUST01044,Bengaluru,24.0,Wireless Earbuds,Electronics,1,2685.12,18.0,UPI,Delivered,4.2
ORD003329,2025-10-12,CUST01325,Lucknow,39.0,Resistance Bands,Sports & Fitness,1,588.16,10.6,UPI,Delivered,3.0
ORD003330,2025-06-12,CUST00536,Surat,35.0,Denim Jeans,Fashion,3,1746.68,6.9,UPI,Delivered,4.5
ORD003331,,CUST00262,Mumbai,36.0,Non-Stick Fry Pan,Home & Kitchen,1,1344.97,7.8,Cash on Delivery,Delivered,4.4
ORD003332,,CUST01255,Delhi,30.0,Data Structures,Books,4,792.08,3.8,UPI,Delivered,3.4
ORD003333,,CUST00319,Delhi,31.0,Bedsheet Set,Home & Kitchen,2,1709.85,6.5,UPI,Delivered,4.0
ORD003334,,CUST00194,Ahmedabad,22.0,Basmati Rice 5kg,Grocery,1,758.35,9.4,Net Banking,Delivered,3.0
ORD003335,,CUST00225,Lucknow,23.0,Coffee 500g,Grocery,1,406.26,10.5,Wallet,Delivered,3.6
ORD003336,,CUST01002,Mumbai,33.0,Denim Jeans,Fashion,3,1811.99,9.3,UPI,Delivered,3.9
ORD003337,,CUST01894,Lucknow,24.0,Men's Casual Shirt,Fashion,2,1202.16,15.0,UPI,Delivered,5.0
ORD003338,,CUST01374,Lucknow,27.0,Smartwatch,Electronics,1,3296.3,4.8,UPI,Delivered,3.9
ORD003339,2025-03-11,CUST00642,Delhi,25.0,Shampoo,Beauty,2,555.88,13.4,Cash on Delivery,Delivered,3.0
ORD003340,2026-05-07,CUST01308,Ahmedabad,36.0,Men's Casual Shirt,Fashion,2,1168.94,,UPI,Delivered,3.8
ORD003341,2025-01-09,CUST01162,Hyderabad,29.0,Football,Sports & Fitness,1,924.76,15.1,UPI,Delivered,4.1
ORD003342,,CUST01190,Kochi,33.0,Moisturizer,Beauty,3,657.45,8.0,Net Banking,Delivered,4.1
ORD003343,,CUST00067,Delhi,35.0,Cushion Set,Home & Kitchen,3,805.96,9.4,Debit Card,Delivered,4.2
ORD003344,,CUST00595,Hyderabad,33.0,Resistance Bands,Sports & Fitness,2,613.43,4.3,Net Banking,Delivered,4.3
ORD003345,,CUST00111,Mumbai,20.0,Bluetooth Speaker,Electronics,1,1951.54,1.3,UPI,Delivered,3.4
ORD003346,2026-05-04,CUST00292,Ahmedabad,37.0,USB-C Fast Charger,Electronics,2,998.5,15.8,Credit Card,Delivered,3.9
ORD003347,,CUST01395,Lucknow,32.0,USB-C Fast Charger,Electronics,2,972.19,11.8,Credit Card,Delivered,3.7
ORD003348,,CUST01036,Chennai,30.0,Almonds 500g,Grocery,1,508.1,1.1,Credit Card,Delivered,3.6
ORD003349,2025-02-11,CUST01972,Mangaluru,34.0,Wireless Earbuds,Electronics,2,2485.82,8.2,Cash on Delivery,Delivered,3.9
ORD003350,2025-09-09,CUST02005,Mumbai,41.0,Green Tea 100 Bags,Grocery,2,380.94,10.6,Credit Card,Delivered,4.4
ORD003351,,CUST00881,Delhi,32.0,LED Desk Lamp,Home & Kitchen,1,987.73,3.9,Debit Card,Delivered,3.9
ORD003352,2026-05-04,CUST00023,Kolkata,32.0,LED Desk Lamp,Home & Kitchen,2,937.23,9.7,Wallet,Delivered,5.0
ORD003353,,CUST01092,Kolkata,40.0,Cotton T-Shirt,Fashion,3,680.22,6.0,Debit Card,Delivered,5.0
ORD003354,,CUST00212,Kolkata,35.0,Python Programming,Books,3,696.46,9.1,Debit Card,Delivered,3.8
ORD003355,2026-07-01,CUST01936,Pune,36.0,Backpack,Fashion,1,1393.47,6.4,UPI,Cancelled,
ORD003356,2026-04-04,CUST01376,Chandigarh,25.0,Moisturizer,Beauty,2,645.01,8.5,UPI,Delivered,3.9
ORD003357,,CUST01326,Kochi,39.0,Yoga Mat,Sports & Fitness,1,795.17,7.9,UPI,Cancelled,
ORD003358,,CUST01098,Jaipur,18.0,USB-C Fast Charger,Electronics,1,925.63,9.7,Cash on Delivery,Returned,2.9
ORD003359,,CUST00916,Chennai,53.0,Almonds 500g,Grocery,1,516.59,4.9,Debit Card,Delivered,3.5
ORD003360,,CUST02036,Mysuru,32.0,Atomic Habits,Books,3,617.27,11.3,UPI,Delivered,3.3
ORD003361,,CUST00554,Pune,22.0,Mechanical Keyboard,Electronics,2,2985.41,15.7,UPI,Delivered,3.0
ORD003362,2026-04-07,CUST00526,Kochi,38.0,Body Lotion,Beauty,1,435.75,4.2,UPI,Delivered,3.8
ORD003363,,CUST00092,Chennai,30.0,Non-Stick Fry Pan,Home & Kitchen,3,1304.81,11.8,Credit Card,Delivered,4.5
ORD003364,2025-12-09,CUST02036,Mysuru,32.0,Wireless Earbuds,Electronics,2,2518.53,10.4,Cash on Delivery,Delivered,4.8
ORD003365,,CUST01022,Mumbai,42.0,Bluetooth Speaker,Electronics,1,1707.47,3.9,Debit Card,Delivered,5.0
ORD003366,,CUST00256,Kochi,21.0,Rich Dad Poor Dad,Books,2,470.67,12.4,Debit Card,Delivered,3.9
ORD003367,,CUST00455,Kolkata,22.0,Face Wash,Beauty,1,378.15,11.4,Credit Card,Delivered,3.7
ORD003368,,CUST01193,Kochi,30.0,Dry Fruits Mix 500g,Grocery,2,568.37,5.4,Cash on Delivery,Delivered,4.5
ORD003369,2026-01-08,CUST00048,Ahmedabad,22.0,Running Shoes,Fashion,1,2565.17,6.5,Cash on Delivery,Delivered,3.9
ORD003370,,CUST00636,Mysuru,30.0,Storage Container Set,Home & Kitchen,1,900.99,9.6,Debit Card,Delivered,4.5
ORD003371,2026-03-04,CUST01564,Mumbai,27.0,Shampoo,Beauty,4,562.34,2.7,UPI,Delivered,3.7
ORD003372,,CUST00598,Jaipur,25.0,Body Lotion,Beauty,2,456.22,13.0,Cash on Delivery,Delivered,3.0
ORD003373,,CUST00456,Surat,29.0,Storage Container Set,Home & Kitchen,2,868.28,5.9,Cash on Delivery,Delivered,4.1
ORD003374,2026-11-03,CUST01208,Delhi,32.0,Rich Dad Poor Dad,Books,2,533.53,16.3,Debit Card,Delivered,5.0
ORD003375,2026-06-07,CUST01047,Jaipur,23.0,Python Programming,Books,1,682.46,12.8,UPI,Delivered,3.9
ORD003376,,CUST01545,Delhi,36.0,Women's Kurti,Fashion,2,992.9,6.2,UPI,Delivered,3.7
ORD003377,2025-02-11,CUST01858,Kochi,38.0,Power Bank 20000mAh,Electronics,1,1583.95,8.0,UPI,Delivered,2.3
ORD003378,,CUST01774,Surat,29.0,Resistance Bands,Sports & Fitness,2,579.28,1.1,Net Banking,Delivered,4.3
ORD003379,,CUST00635,Chennai,35.0,Women's Kurti,Fashion,3,933.38,11.9,UPI,Pending,
ORD003380,,CUST00815,Ahmedabad,43.0,Water Bottle,Home & Kitchen,1,662.63,7.4,UPI,Delivered,3.5
ORD003381,,CUST00097,Hyderabad,34.0,USB-C Fast Charger,Electronics,1,975.66,8.3,UPI,Delivered,3.7
ORD003382,,CUST00212,Kolkata,35.0,Running Shoes,Fashion,1,2429.03,9.0,UPI,Delivered,2.7
ORD003384,,CUST00783,Bengaluru,20.0,Coffee 500g,Grocery,2,447.85,7.1,Net Banking,Cancelled,
ORD003385,,CUST00652,Bengaluru,30.0,USB-C Fast Charger,Electronics,1,1017.31,9.4,Debit Card,Delivered,4.0
ORD003386,2026-06-06,CUST00544,Kolkata,35.0,Mechanical Keyboard,Electronics,2,2831.36,5.8,UPI,Delivered,4.0
ORD003387,2025-06-09,CUST00296,Lucknow,37.0,LED Desk Lamp,Home & Kitchen,2,1049.46,12.3,Cash on Delivery,Delivered,4.4
ORD003388,,CUST01047,Jaipur,,Cricket Bat,Sports & Fitness,1,2283.28,9.2,Cash on Delivery,Delivered,4.7
ORD003389,2026-08-05,CUST00504,Lucknow,18.0,Resistance Bands,Sports & Fitness,2,566.37,8.7,Credit Card,Delivered,2.4
ORD003390,,CUST00050,Mumbai,36.0,Resistance Bands,Sports & Fitness,2,638.56,11.8,Debit Card,Delivered,
ORD003391,2026-11-07,CUST00853,Lucknow,39.0,Sunscreen SPF 50,Beauty,1,688.71,11.1,UPI,Delivered,3.7
ORD003392,,CUST01730,Lucknow,31.0,Dumbbell Set 10kg,Sports & Fitness,1,1896.29,6.5,Debit Card,Delivered,3.1
ORD003393,,CUST01186,Bengaluru,29.0,Bluetooth Speaker,Electronics,1,1866.98,13.6,UPI,Returned,3.2
ORD003394,,CUST01421,Jaipur,18.0,Football,Sports & Fitness,3,812.41,15.7,UPI,Delivered,3.9
ORD003395,2026-12-01,CUST01298,Jaipur,29.0,Cooking Oil 5L,Grocery,1,829.76,7.1,Debit Card,Delivered,4.9
ORD003396,,CUST00609,Surat,21.0,Data Structures,Books,4,807.54,7.2,UPI,Delivered,4.7
ORD003397,2025-04-09,CUST00731,Jaipur,32.0,Smartwatch,Electronics,2,3112.76,7.3,UPI,Delivered,5.0
ORD003398,,CUST01231,Kochi,48.0,Rich Dad Poor Dad,Books,2,513.65,3.4,Debit Card,Delivered,3.4
ORD003399,2026-10-03,CUST01783,Mumbai,35.0,Storage Container Set,Home & Kitchen,3,933.53,9.3,Cash on Delivery,Delivered,5.0
ORD003400,2026-08-07,CUST00651,,37.0,USB-C Fast Charger,Electronics,1,1038.41,8.8,UPI,Delivered,2.3
ORD003401,,CUST02036,Mysuru,32.0,Power Bank 20000mAh,Electronics,1,1382.31,9.6,Net Banking,Delivered,
ORD003402,2025-07-09,CUST01879,Lucknow,28.0,Women's Kurti,Fashion,2,927.33,4.4,UPI,Delivered,
ORD003403,,CUST00718,Chandigarh,27.0,Basmati Rice 5kg,Grocery,2,702.97,4.1,Credit Card,Delivered,3.8
ORD003404,2026-06-05,CUST00101,Mumbai,32.0,USB-C Fast Charger,Electronics,2,1124.15,10.0,Debit Card,Delivered,4.1
ORD003405,2025-03-10,CUST01620,Chennai,40.0,Resistance Bands,Sports & Fitness,2,618.16,6.5,Net Banking,Delivered,4.1
ORD003406,2025-12-11,CUST00523,Surat,40.0,Resistance Bands,Sports & Fitness,1,600.71,10.5,UPI,Delivered,4.0
ORD003407,2025-07-12,CUST00598,Jaipur,25.0,Football,Sports & Fitness,3,914.62,9.6,Net Banking,Delivered,4.7
ORD003408,,CUST00224,Hyderabad,18.0,Cooking Oil 5L,Grocery,1,781.9,6.4,UPI,Delivered,4.5
ORD003409,2025-12-10,CUST00470,Delhi,30.0,Almonds 500g,Grocery,1,528.3,9.9,UPI,Delivered,
ORD003410,,CUST01770,Jaipur,28.0,Resistance Bands,Sports & Fitness,1,549.82,11.4,UPI,Delivered,4.2
ORD003411,,CUST00607,Surat,34.0,Indian History,Books,1,528.65,9.1,UPI,Delivered,4.5
ORD003412,,CUST00645,Hyderabad,34.0,Water Bottle,Home & Kitchen,2,697.83,9.6,Credit Card,Delivered,4.5
ORD003413,2026-09-01,CUST00813,Bengaluru,26.0,Men's Casual Shirt,Fashion,1,1320.22,9.8,Debit Card,Delivered,4.8
ORD003414,,CUST00791,Mumbai,42.0,Skipping Rope,Sports & Fitness,3,294.06,2.4,Debit Card,Delivered,3.2
ORD003415,2026-09-01,CUST00292,Ahmedabad,37.0,Cotton T-Shirt,Fashion,3,688.63,7.7,UPI,Returned,3.8
ORD003416,2026-09-05,CUST00993,Chandigarh,23.0,Football,Sports & Fitness,1,882.12,12.1,Credit Card,Delivered,3.7
ORD003417,,CUST00642,Delhi,25.0,Rich Dad Poor Dad,Books,2,541.8,10.5,Debit Card,Delivered,4.0
ORD003418,2026-07-05,CUST00064,Surat,30.0,Storage Container Set,Home & Kitchen,2,879.46,10.1,Credit Card,Delivered,5.0
ORD003419,,CUST00208,Kochi,33.0,Men's Casual Shirt,Fashion,1,1141.52,18.9,Debit Card,Delivered,3.8
ORD003420,2026-10-07,CUST01323,Hyderabad,30.0,USB-C Fast Charger,Electronics,1,981.48,10.2,Wallet,Delivered,4.1
ORD003421,,CUST01633,Delhi,23.0,Mechanical Keyboard,Electronics,2,2864.49,14.5,Wallet,Delivered,4.0
ORD003422,,CUST01036,Chennai,30.0,Rich Dad Poor Dad,Books,1,501.89,7.7,UPI,Delivered,3.3
ORD003423,,CUST00743,Chennai,36.0,Yoga Mat,Sports & Fitness,3,755.38,11.3,UPI,Delivered,3.0
ORD003424,,CUST00877,Jaipur,26.0,Gym Gloves,Sports & Fitness,2,491.87,8.8,Net Banking,Delivered,4.1
ORD003425,2026-09-06,CUST00338,Mangaluru,24.0,USB-C Fast Charger,Electronics,2,996.77,11.3,Credit Card,Cancelled,
ORD003426,,CUST01900,Delhi,25.0,USB-C Fast Charger,Electronics,2,1001.5,0.9,UPI,Delivered,
ORD003427,2026-01-06,CUST00010,Hyderabad,31.0,Cooking Oil 5L,Grocery,2,786.62,15.8,UPI,Delivered,3.7
ORD003428,2026-03-04,CUST00933,Delhi,,Python Programming,Books,1,685.57,10.4,Credit Card,Delivered,3.6
ORD003429,2026-10-07,CUST00272,Bengaluru,34.0,Rich Dad Poor Dad,Books,2,497.83,11.0,UPI,Delivered,3.3
ORD003430,,CUST01733,Bengaluru,25.0,Cotton T-Shirt,Fashion,2,736.5,14.7,UPI,Delivered,4.3
ORD003431,2026-01-04,CUST00047,Hyderabad,33.0,Mechanical Keyboard,Electronics,2,3012.82,8.9,Debit Card,Delivered,4.0
ORD003432,2026-06-02,CUST01210,Chandigarh,31.0,Basmati Rice 5kg,Grocery,4,795.61,9.5,Debit Card,Delivered,4.6
ORD003433,,CUST00571,Hyderabad,27.0,Bluetooth Speaker,Electronics,2,1743.35,15.3,Net Banking,Delivered,4.3
ORD003434,,CUST00517,Hyderabad,25.0,Electric Kettle,Home & Kitchen,2,1597.88,8.7,Cash on Delivery,Pending,
ORD003435,2025-01-10,CUST00221,Lucknow,18.0,Competitive Aptitude,Books,1,429.93,8.7,Cash on Delivery,Delivered,
ORD003436,2025-06-11,CUST02028,Mumbai,27.0,Organic Honey 500g,Grocery,3,476.58,0.0,Cash on Delivery,Delivered,4.7
ORD003437,,CUST00456,Surat,29.0,Denim Jeans,Fashion,2,1696.33,13.3,Wallet,Delivered,4.9
ORD003438,,CUST00349,Delhi,18.0,Non-Stick Fry Pan,Home & Kitchen,1,1217.13,16.5,Credit Card,Delivered,4.7
ORD003439,,CUST00456,Surat,29.0,Cooking Oil 5L,Grocery,1,771.88,5.5,Credit Card,Delivered,4.5
ORD003440,,CUST00194,Ahmedabad,22.0,Electric Kettle,Home & Kitchen,2,1616.87,15.6,UPI,Delivered,4.3
ORD003441,,CUST00398,Jaipur,36.0,LED Desk Lamp,Home & Kitchen,2,991.05,6.9,UPI,Delivered,3.7
ORD003442,,CUST01238,Chennai,18.0,Smartwatch,Electronics,1,3388.01,8.1,UPI,Delivered,3.3
ORD003443,,CUST00490,Ahmedabad,42.0,Protein Oats 1kg,Grocery,1,380.45,0.0,UPI,Delivered,4.8
ORD003444,2025-01-12,CUST01352,Chennai,24.0,Mechanical Keyboard,Electronics,1,2954.61,3.5,Net Banking,Cancelled,
ORD003445,,CUST01076,Ahmedabad,32.0,Yoga Mat,Sports & Fitness,2,752.11,17.2,Debit Card,Delivered,3.7
ORD003446,,CUST02001,Surat,26.0,Bedsheet Set,Home & Kitchen,2,1743.29,17.4,UPI,Delivered,
ORD003447,,CUST00567,Ahmedabad,23.0,Running Shoes,Fashion,1,2588.39,9.5,UPI,Delivered,3.9
ORD003448,,CUST00891,Kolkata,29.0,Data Structures,Books,2,795.86,2.1,UPI,Delivered,4.9
ORD003449,,CUST01307,Mumbai,19.0,Basmati Rice 5kg,Grocery,1,759.34,8.9,Credit Card,Delivered,3.0
ORD003450,,CUST00231,Ahmedabad,26.0,Wireless Earbuds,Electronics,2,2335.13,10.8,Debit Card,Delivered,
ORD003451,2025-07-11,CUST01424,Chennai,21.0,Basmati Rice 5kg,Grocery,2,731.68,7.7,UPI,Delivered,3.5
ORD003452,,CUST01617,Delhi,39.0,Skipping Rope,Sports & Fitness,2,306.44,5.8,UPI,Delivered,4.6
ORD003453,,CUST00112,Kolkata,34.0,Competitive Aptitude,Books,1,469.66,4.1,UPI,Delivered,3.7
ORD003454,,CUST00167,Lucknow,26.0,Machine Learning Basics,Books,2,913.74,1.6,Wallet,Delivered,4.5
ORD003455,,CUST00027,Bengaluru,36.0,Cooking Oil 5L,Grocery,3,836.19,6.2,Wallet,Delivered,
ORD003456,,CUST01149,Hyderabad,25.0,Data Structures,Books,2,809.77,6.4,Debit Card,Pending,
ORD003457,,CUST01556,Pune,29.0,Data Structures,Books,1,793.37,5.9,UPI,Delivered,4.1
ORD003458,2025-09-12,CUST00088,Mumbai,34.0,LED Desk Lamp,Home & Kitchen,3,1018.23,8.2,UPI,Cancelled,
ORD003459,,CUST00754,Bengaluru,34.0,Non-Stick Fry Pan,Home & Kitchen,2,1348.14,11.2,Net Banking,Delivered,4.0
ORD003460,2026-03-04,CUST00292,ahmedabad,37.0,Water Bottle,Home & Kitchen,1,697.83,8.7,UPI,Delivered,3.2
ORD003461,,CUST00689,Hyderabad,24.0,Dumbbell Set 10kg,Sports & Fitness,1,2051.12,8.6,UPI,Pending,
ORD003462,2026-02-02,CUST00031,Hyderabad,32.0,Data Structures,Books,1,802.05,5.6,Debit Card,Delivered,
ORD003463,,CUST01896,Pune,31.0,Storage Container Set,Home & Kitchen,3,967.99,6.4,Credit Card,Delivered,4.3
ORD003464,2026-03-06,CUST00379,Mumbai,24.0,Women's Kurti,Fashion,1,1037.96,13.2,Net Banking,Delivered,3.6
ORD003465,,CUST01728,Delhi,34.0,Smartwatch,Electronics,1,3269.84,6.3,UPI,Delivered,3.3
ORD003466,2026-08-02,CUST01166,Ahmedabad,36.0,Wireless Earbuds,Electronics,2,2425.41,6.6,Credit Card,Delivered,3.3
ORD003467,2026-11-08,CUST00361,Lucknow,47.0,Water Bottle,Home & Kitchen,1,673.64,7.5,UPI,Delivered,3.8
ORD003468,2025-12-12,CUST01455,Kolkata,27.0,USB-C Fast Charger,Electronics,2,974.11,12.0,UPI,Delivered,3.4
ORD003469,2025-06-10,CUST01408,Delhi,37.0,Face Wash,Beauty,4,409.73,11.8,Cash on Delivery,Delivered,3.8
ORD003470,,CUST01200,Kolkata,21.0,Storage Container Set,Home & Kitchen,3,894.46,6.7,UPI,Delivered,5.0
ORD003471,2026-12-05,CUST00927,Kolkata,37.0,Basmati Rice 5kg,Grocery,2,709.7,16.3,UPI,Delivered,4.4
ORD003472,2026-10-04,CUST00046,Surat,30.0,Cotton T-Shirt,Fashion,3,676.8,6.0,Debit Card,Delivered,3.5
ORD003473,,CUST01479,Hyderabad,30.0,Storage Container Set,Home & Kitchen,2,926.48,6.0,UPI,Delivered,4.2
ORD003474,2025-07-12,CUST00848,Hyderabad,18.0,Green Tea 100 Bags,Grocery,2,343.04,4.2,UPI,Delivered,2.7
ORD003475,,CUST00674,Bengaluru,24.0,Perfume,Beauty,2,1334.13,14.1,UPI,Delivered,2.6
ORD003476,2026-07-04,CUST00620,Chandigarh,40.0,Machine Learning Basics,Books,1,890.72,8.5,Credit Card,Delivered,
ORD003477,2025-09-11,CUST01821,Hyderabad,29.0,Non-Stick Fry Pan,Home & Kitchen,1,1214.7,12.8,Credit Card,Delivered,3.8
ORD003478,2026-02-02,CUST01537,Mumbai,46.0,Basmati Rice 5kg,Grocery,1,747.5,6.8,Credit Card,Delivered,3.9
ORD003479,,CUST01814,Surat,23.0,Competitive Aptitude,Books,1,458.55,13.5,UPI,Delivered,
ORD003480,,CUST01835,Mumbai,23.0,Dry Fruits Mix 500g,Grocery,2,641.27,5.9,UPI,Delivered,3.6
ORD003481,,CUST00128,Ahmedabad,49.0,Women's Kurti,Fashion,1,945.95,17.5,UPI,Delivered,3.1
ORD003482,2026-04-04,CUST01896,Pune,31.0,Bluetooth Speaker,Electronics,2,1871.25,2.3,UPI,Delivered,4.6
ORD003483,,CUST00515,Kochi,30.0,Basmati Rice 5kg,Grocery,3,747.22,0.0,Credit Card,Cancelled,
ORD003484,2026-05-04,CUST01892,Mangaluru,34.0,Non-Stick Fry Pan,Home & Kitchen,1,1222.82,14.0,Credit Card,Delivered,4.6
ORD003485,,CUST01453,Chennai,35.0,Green Tea 100 Bags,Grocery,1,343.83,13.0,Wallet,Delivered,5.0
ORD003486,,CUST00231,Ahmedabad,26.0,Non-Stick Fry Pan,Home & Kitchen,2,1241.5,3.4,UPI,Delivered,4.3
ORD003487,2025-08-09,CUST01036,Chennai,30.0,Wireless Earbuds,Electronics,1,2450.47,2.8,Cash on Delivery,Delivered,2.9
ORD003488,2026-07-04,CUST00010,Hyderabad,31.0,Protein Oats 1kg,Grocery,1,386.44,10.8,UPI,Delivered,5.0
ORD003489,,CUST00898,Surat,28.0,Gym Gloves,Sports & Fitness,1,473.73,8.2,Net Banking,Delivered,3.4
ORD003490,,CUST01938,Lucknow,,Water Bottle,Home & Kitchen,3,694.92,10.8,UPI,Delivered,3.7
ORD003491,2026-11-08,CUST01694,Mysuru,36.0,Storage Container Set,Home & Kitchen,1,927.82,12.3,Debit Card,Delivered,3.6
ORD003492,2025-04-10,CUST00734,Surat,34.0,Cushion Set,Home & Kitchen,1,773.16,16.3,UPI,Delivered,4.5
ORD003493,,CUST01476,Kolkata,18.0,Basmati Rice 5kg,Grocery,4,717.24,10.7,Credit Card,Delivered,5.0
ORD003494,2026-06-05,CUST00743,Chennai,36.0,Machine Learning Basics,Books,2,898.4,13.3,Credit Card,Delivered,4.5
ORD003495,,CUST02033,Surat,28.0,Cotton T-Shirt,Fashion,1,670.76,9.6,UPI,Delivered,5.0
ORD003496,2025-12-12,CUST01387,Surat,20.0,Shampoo,Beauty,1,522.39,4.7,Wallet,Delivered,4.6
ORD003497,,CUST00933,Delhi,36.0,Lipstick,Beauty,1,607.89,14.3,UPI,Delivered,5.0
ORD003498,,CUST00985,Chennai,29.0,Power Bank 20000mAh,Electronics,1,1489.64,6.9,UPI,Delivered,4.1
ORD003499,,CUST01707,Bengaluru,21.0,Running Shoes,Fashion,3,2686.94,4.7,Credit Card,Delivered,4.4
ORD003500,,CUST00211,Lucknow,41.0,Women's Kurti,Fashion,3,1004.5,10.5,UPI,Delivered,3.6
ORD003501,,CUST01092,Kolkata,40.0,Cooking Oil 5L,Grocery,1,765.13,10.7,Debit Card,Delivered,
ORD003502,2026-04-07,CUST00898,Surat,28.0,Denim Jeans,Fashion,1,1710.4,13.7,UPI,Returned,2.8
ORD003503,2026-03-02,CUST00551,Bengaluru,51.0,Electric Kettle,Home & Kitchen,1,1636.57,5.3,Net Banking,Returned,1.0
ORD003504,2026-11-08,CUST00073,Delhi,41.0,Cooking Oil 5L,Grocery,1,822.71,4.8,UPI,Delivered,3.4
ORD003505,2026-11-05,CUST01748,Mumbai,21.0,Basmati Rice 5kg,Grocery,2,754.79,8.7,Debit Card,Delivered,3.7
ORD003506,,CUST00937,Surat,31.0,Cooking Oil 5L,Grocery,1,857.05,9.7,Credit Card,Delivered,3.9
ORD003507,,CUST01391,Hyderabad,36.0,Gym Gloves,Sports & Fitness,3,491.01,10.9,UPI,Delivered,4.6
ORD003508,2026-10-03,CUST01878,Bengaluru,18.0,Men's Casual Shirt,Fashion,1,1253.49,8.0,UPI,Returned,4.7
ORD003509,,CUST00820,Pune,18.0,Almonds 500g,Grocery,4,505.37,10.3,UPI,Delivered,3.9
ORD003510,,CUST01142,Hyderabad,21.0,Almonds 500g,Grocery,2,507.95,7.3,Debit Card,Delivered,
ORD003511,,CUST00645,Hyderabad,34.0,Wireless Earbuds,Electronics,2,2467.1,12.9,UPI,Delivered,3.6
ORD003512,,CUST01932,Delhi,36.0,Men's Casual Shirt,Fashion,2,1250.7,17.7,UPI,Delivered,4.3
ORD003513,,CUST01727,Ahmedabad,25.0,Water Bottle,Home & Kitchen,1,683.21,11.2,Net Banking,Delivered,3.7
ORD003514,2025-07-12,CUST00595,Hyderabad,33.0,Bluetooth Speaker,Electronics,1,1750.91,7.8,Credit Card,Delivered,4.4
ORD003515,2026-08-04,CUST01760,Hyderabad,33.0,Resistance Bands,Sports & Fitness,3,559.99,2.2,UPI,Pending,
ORD003516,2026-08-04,CUST01365,Kochi ,39.0,Men's Casual Shirt,Fashion,2,1204.1,8.5,Net Banking,Delivered,
ORD003517,2026-05-08,CUST00809,Bengaluru,32.0,Cotton T-Shirt,Fashion,2,685.0,2.2,UPI,Delivered,3.9
ORD003518,,CUST00962,Bengaluru,32.0,Protein Oats 1kg,Grocery,1,418.89,6.1,UPI,Delivered,3.7
ORD003519,2026-05-04,CUST01744,Kochi,28.0,Basmati Rice 5kg,Grocery,2,757.62,5.4,Debit Card,Delivered,4.3
ORD003520,,CUST00561,Chennai,24.0,Men's Casual Shirt,Fashion,1,1167.77,10.3,Credit Card,Delivered,4.0
ORD003521,2026-10-01,CUST00476,Mumbai,19.0,Cotton T-Shirt,Fashion,3,700.14,5.7,Cash on Delivery,Delivered,3.3
ORD003522,2026-11-01,CUST00625,Mysuru,26.0,Cooking Oil 5L,Grocery,1,765.49,2.6,UPI,Delivered,4.2
ORD003523,,CUST01463,Hyderabad,31.0,Perfume,Beauty,2,1283.49,14.7,UPI,Delivered,3.6
ORD003524,,CUST00786,Chennai,39.0,Protein Oats 1kg,Grocery,2,397.89,12.2,Credit Card,Delivered,3.9
ORD003525,,CUST00292,Ahmedabad,37.0,Men's Casual Shirt,Fashion,1,1200.58,14.4,UPI,Delivered,4.9
ORD003526,,CUST00884,Mumbai,32.0,Power Bank 20000mAh,Electronics,1,1544.18,15.5,UPI,Delivered,4.6
ORD003527,,CUST01568,Mumbai,30.0,Almonds 500g,Grocery,3,538.75,7.5,Cash on Delivery,Delivered,2.6
ORD003528,,CUST00496,Mumbai,23.0,Mixer Grinder,Home & Kitchen,2,3494.28,6.6,UPI,Returned,1.0
ORD003529,,CUST01370,Bengaluru,20.0,Wireless Earbuds,Electronics,1,2563.29,15.4,Cash on Delivery,Delivered,5.0
ORD003530,2026-07-01,CUST00242,Delhi,20.0,Rich Dad Poor Dad,Books,2,489.8,5.7,UPI,Cancelled,
ORD003531,,CUST01864,Mumbai,33.0,Basmati Rice 5kg,Grocery,1,741.08,8.5,UPI,Delivered,4.6
ORD003532,2026-06-05,CUST00622,Kochi,33.0,Smartwatch,Electronics,1,3224.13,3.6,Cash on Delivery,Delivered,4.8
ORD003533,,CUST01160,Chennai,23.0,Smartwatch,Electronics,2,3212.07,13.6,Cash on Delivery,Delivered,4.9
ORD003534,,CUST01577,Hyderabad,30.0,Rich Dad Poor Dad,Books,2,491.61,9.6,UPI,Delivered,4.8
ORD003535,,CUST00937,Surat,31.0,Cotton T-Shirt,Fashion,2,687.4,1.5,UPI,Delivered,3.3
ORD003536,2025-07-12,CUST01704,Ahmedabad,27.0,Basmati Rice 5kg,Grocery,1,736.05,8.8,,Delivered,5.0
ORD003537,,CUST00380,Chennai,31.0,Dumbbell Set 10kg,Sports & Fitness,1,1993.88,9.6,Wallet,Delivered,4.7
ORD003538,,CUST01594,Ahmedabad,32.0,Non-Stick Fry Pan,Home & Kitchen,2,1285.18,15.6,Credit Card,Delivered,3.2
ORD003539,,CUST01495,Delhi,20.0,Competitive Aptitude,Books,1,425.78,7.7,UPI,Delivered,2.7
ORD003540,2026-08-05,CUST01757,Mumbai,26.0,Denim Jeans,Fashion,1,1834.09,10.3,Cash on Delivery,Cancelled,
ORD003541,,CUST01258,Delhi,40.0,Face Wash,Beauty,1,429.8,17.7,UPI,Delivered,4.7
ORD003542,,CUST00551,Bengaluru,51.0,Running Shoes,Fashion,2,2637.56,9.5,Cash on Delivery,Cancelled,
ORD003543,,CUST00479,Surat,18.0,Gym Gloves,Sports & Fitness,1,532.65,8.6,UPI,Delivered,3.3
ORD003544,2025-08-11,CUST02001,Surat,26.0,Cooking Oil 5L,Grocery,1,774.85,6.8,Cash on Delivery,Delivered,3.6
ORD003545,2026-01-03,CUST02016,Chennai,30.0,Sports Track Pants,Fashion,3,1305.2,5.1,UPI,Delivered,3.5
ORD003546,,CUST01037,Delhi,39.0,Protein Oats 1kg,Grocery,3,414.46,12.2,Credit Card,Delivered,5.0
ORD003547,,CUST00111,Mumbai,20.0,Laptop Backpack,Electronics,2,2169.59,11.7,Wallet,Returned,2.0
ORD003548,,CUST00562,Kolkata,32.0,Skipping Rope,Sports & Fitness,1,286.0,10.9,Cash on Delivery,Delivered,3.5
ORD003549,,CUST01974,Chennai,20.0,Basmati Rice 5kg,Grocery,1,744.9,9.6,Net Banking,Delivered,4.6
ORD003550,2025-03-09,CUST00945,Mysuru,44.0,Indian History,Books,1,525.09,20.0,Wallet,Delivered,4.2
ORD003551,,CUST01236,Chennai,41.0,SQL for Beginners,Books,1,650.25,8.9,Credit Card,Delivered,3.4
ORD003552,,CUST00110,Kochi,,Face Wash,Beauty,1,389.35,7.7,UPI,Delivered,4.8
ORD003553,,CUST01465,Bengaluru,35.0,Rich Dad Poor Dad,Books,2,519.75,14.1,UPI,Delivered,5.0
ORD003554,2025-04-11,CUST00680,Surat,31.0,Data Structures,Books,1,745.32,9.9,Wallet,Delivered,4.7
ORD003555,2025-09-09,CUST01365,Kochi,39.0,USB-C Fast Charger,Electronics,1,976.74,2.7,Cash on Delivery,Cancelled,
ORD003556,,CUST00533,Chennai,19.0,SQL for Beginners,Books,2,651.03,6.3,Debit Card,Delivered,4.3
ORD003557,,CUST00046,Surat,30.0,Competitive Aptitude,Books,1,411.47,11.9,UPI,Delivered,4.4
ORD003558,2026-10-08,CUST00052,Hyderabad,19.0,Rich Dad Poor Dad,Books,1,460.21,0.0,UPI,Delivered,3.7
ORD003559,,CUST01798,Kolkata,37.0,Basmati Rice 5kg,Grocery,1,721.41,8.5,Credit Card,Delivered,4.7
ORD003560,,CUST00930,Surat,30.0,SQL for Beginners,Books,2,643.3,8.2,UPI,Delivered,5.5
ORD003561,,CUST00156,Delhi,18.0,Basmati Rice 5kg,Grocery,2,749.95,8.9,Credit Card,Delivered,5.0
ORD003562,,CUST00691,Ahmedabad,32.0,Moisturizer,Beauty,2,660.48,9.6,Credit Card,Delivered,4.2
ORD003563,2026-03-06,CUST01060,Chennai,26.0,Cotton T-Shirt,Fashion,1,700.13,5.9,Cash on Delivery,Delivered,5.0
ORD003564,,CUST01678,Kochi,33.0,Wireless Earbuds,Electronics,1,2410.05,10.8,Net Banking,Delivered,4.5
ORD003565,2025-12-09,CUST00222,Pune,28.0,Wireless Earbuds,Electronics,1,2542.41,11.4,UPI,Cancelled,
ORD003566,,CUST00795,Mysuru,41.0,Wireless Earbuds,Electronics,2,2505.81,3.7,UPI,Delivered,2.9
ORD003567,2025-09-11,CUST00954,Surat,34.0,Basmati Rice 5kg,Grocery,2,752.95,7.8,Cash on Delivery,Delivered,4.2
ORD003568,2026-01-08,CUST01901,Kolkata,38.0,Saree,Fashion,2,2265.0,16.7,Debit Card,Delivered,4.6
ORD003569,,CUST00861,Kochi,40.0,USB-C Fast Charger,Electronics,2,944.29,7.1,UPI,Delivered,3.7
ORD003570,,CUST01212,Jaipur,21.0,Mechanical Keyboard,Electronics,2,2974.23,14.5,UPI,Returned,
ORD003571,2026-11-05,CUST00820,Pune,18.0,Coffee 500g,Grocery,3,400.89,10.1,Credit Card,Delivered,4.6
ORD003572,,CUST00160,Ahmedabad,38.0,Denim Jeans,Fashion,2,1782.82,4.0,Debit Card,Delivered,
ORD003573,,CUST00593,Mumbai,28.0,Rich Dad Poor Dad,Books,1,542.81,11.7,,Delivered,2.8
ORD003574,2025-08-11,CUST00927,Kolkata,37.0,Shampoo,Beauty,2,507.96,11.1,Debit Card,Delivered,4.5
ORD003575,,CUST01861,Kolkata,42.0,Mixer Grinder,Home & Kitchen,1,3363.82,8.4,Net Banking,Delivered,
ORD003576,,CUST01347,Lucknow,52.0,Sports Track Pants,Fashion,1,1196.79,8.8,Wallet,Delivered,4.3
ORD003577,2025-06-11,CUST01261,Kolkata,20.0,Women's Kurti,Fashion,1,1026.03,7.8,UPI,Delivered,
ORD003578,2026-10-07,CUST01191,Kochi,25.0,Almonds 500g,Grocery,2,494.73,16.7,Debit Card,Delivered,
ORD003579,2026-07-04,CUST00207,Lucknow,48.0,Rich Dad Poor Dad,Books,1,507.56,10.8,Debit Card,Delivered,
ORD003580,,CUST00610,Chennai,43.0,Python Programming,Books,2,661.76,9.5,UPI,Delivered,4.8
ORD003581,,CUST01663,Chennai,19.0,Cushion Set,Home & Kitchen,2,750.94,14.0,Net Banking,Delivered,4.1
ORD003582,,CUST01351,Kolkata,36.0,Dumbbell Set 10kg,Sports & Fitness,1,2017.69,4.1,Debit Card,Delivered,4.6
ORD003583,,CUST01128,Kochi,30.0,Cotton T-Shirt,Fashion,2,702.76,15.3,Debit Card,Returned,2.9
ORD003584,,CUST00554,Pune,22.0,Smartwatch,Electronics,1,3380.38,9.3,Cash on Delivery,Delivered,3.7
ORD003585,2026-08-04,CUST00152,Mumbai,26.0,Almonds 500g,Grocery,1,511.96,15.3,UPI,Delivered,4.1
ORD003586,2025-06-10,CUST01309,Pune,27.0,Resistance Bands,Sports & Fitness,3,591.73,10.1,Credit Card,Delivered,
ORD003587,2026-07-02,CUST00057,Ahmedabad,36.0,Smartwatch,Electronics,1,3169.06,10.1,UPI,Delivered,3.8
ORD003588,,CUST00459,Delhi,19.0,Smartwatch,Electronics,1,3261.49,16.0,Cash on Delivery,Delivered,4.1
ORD003589,,CUST00543,Ahmedabad,32.0,Storage Container Set,Home & Kitchen,3,902.22,12.7,Wallet,Delivered,4.5
ORD003590,,CUST00047,Hyderabad,33.0,Bluetooth Speaker,Electronics,2,1713.89,12.0,UPI,Delivered,3.9
ORD003591,,CUST01592,Unknown,35.0,Women's Kurti,Fashion,1,985.82,8.3,Net Banking,Delivered,4.8
ORD003592,,CUST00371,Lucknow,29.0,Denim Jeans,Fashion,1,1730.84,8.4,UPI,Delivered,4.6
ORD003593,2025-10-12,CUST00743,Chennai,36.0,Python Programming,Books,2,678.94,12.4,Credit Card,Delivered,4.4
ORD003594,,CUST00701,Delhi,37.0,Data Structures,Books,1,769.45,4.2,Credit Card,Delivered,4.0
ORD003595,,CUST00087,Mumbai,22.0,Wireless Earbuds,Electronics,1,2606.84,7.8,Credit Card,Delivered,4.7
ORD003596,,CUST00572,Jaipur,27.0,USB-C Fast Charger,Electronics,2,910.14,13.4,Debit Card,Delivered,4.7
ORD003597,2026-03-02,CUST01405,Pune,21.0,Rich Dad Poor Dad,Books,1,502.37,13.6,Credit Card,Delivered,4.4
ORD003598,,CUST00282,pune,18.0,Indian History,Books,1,521.92,12.6,Cash on Delivery,Delivered,3.9
ORD003599,,CUST00117,Mysuru,19.0,Non-Stick Fry Pan,Home & Kitchen,1,1217.43,2.2,UPI,Cancelled,
ORD003600,,CUST00179,Bengaluru,23.0,Skipping Rope,Sports & Fitness,1,283.91,10.4,Debit Card,Delivered,3.6
ORD003601,,CUST00003,Hyderabad,18.0,Hair Serum,Beauty,2,480.56,10.9,Credit Card,Delivered,4.1
ORD003602,,CUST00720,Hyderabad,29.0,Basmati Rice 5kg,Grocery,2,754.53,8.4,Credit Card,Delivered,4.4
ORD003603,,CUST00562,Kolkata,32.0,Data Structures,Books,3,800.5,6.0,UPI,Delivered,3.4
ORD003604,2026-12-07,CUST00884,Mumbai,32.0,Mechanical Keyboard,Electronics,1,2953.41,3.8,Net Banking,Delivered,5.0
ORD003605,,CUST00611,Ahmedabad,18.0,Non-Stick Fry Pan,Home & Kitchen,1,1258.21,7.2,Debit Card,Cancelled,
ORD003606,2026-02-01,CUST01436,Delhi,18.0,Denim Jeans,Fashion,1,1855.17,6.2,Credit Card,Delivered,3.8
ORD003607,,CUST01093,Hyderabad,31.0,Water Bottle,Home & Kitchen,1,671.27,8.7,UPI,Delivered,3.7
ORD003608,,CUST00437,Chennai,20.0,Running Shoes,Fashion,1,2574.53,10.7,UPI,Delivered,4.4
ORD003609,,CUST00322,Delhi,32.0,Body Lotion,Beauty,2,450.37,8.0,UPI,Delivered,
ORD003610,,CUST01204,Chandigarh,38.0,Cricket Bat,Sports & Fitness,2,2564.44,8.3,UPI,Delivered,3.2
ORD003611,,CUST01376,Chandigarh,25.0,Perfume,Beauty,1,1297.15,10.6,Debit Card,Delivered,4.6
ORD003612,,CUST00942,Kolkata,,Moisturizer,Beauty,2,651.57,8.3,Cash on Delivery,Delivered,3.1
ORD003613,,CUST00562,Kolkata,32.0,Dry Fruits Mix 500g,Grocery,1,612.51,9.3,UPI,Delivered,3.4
ORD003614,2026-09-08,CUST00951,Bengaluru,37.0,Moisturizer,Beauty,1,628.03,15.7,UPI,Delivered,4.0
ORD003615,,CUST00544,Kolkata,35.0,Coffee 500g,Grocery,2,433.01,6.8,Cash on Delivery,Delivered,4.4
ORD003616,2025-02-12,CUST01438,Kochi,28.0,Hair Serum,Beauty,4,475.24,7.6,Debit Card,Delivered,4.9
ORD003617,,CUST00180,Bengaluru,28.0,Sports Track Pants,Fashion,1,1450.51,4.7,Credit Card,Delivered,3.5
ORD003618,2025-08-11,CUST01423,Pune,33.0,Laptop Backpack,Electronics,2,1869.61,2.9,UPI,Delivered,4.4
ORD003619,2026-04-08,CUST01190,Kochi,33.0,Denim Jeans,Fashion,3,1794.29,11.3,Net Banking,Delivered,3.9
ORD003620,,CUST00404,Mysuru,44.0,Men's Casual Shirt,Fashion,2,1147.46,4.0,UPI,Returned,
ORD003621,,CUST01379,Bengaluru,18.0,Machine Learning Basics,Books,3,910.71,9.4,UPI,Delivered,4.5
ORD003622,,CUST00477,Lucknow,43.0,Smartwatch,Electronics,2,3357.22,7.1,Cash on Delivery,Delivered,4.9
ORD003623,2025-01-12,CUST00679,Ahmedabad,46.0,Basmati Rice 5kg,Grocery,1,734.59,14.2,UPI,Delivered,2.9
ORD003624,,CUST01968,Mumbai,33.0,1080p Webcam,Electronics,2,2372.29,14.6,Cash on Delivery,Delivered,3.7
ORD003625,,CUST00090,Lucknow,33.0,Perfume,Beauty,2,1249.15,13.7,UPI,Delivered,4.3
ORD003626,,CUST01448,Surat,40.0,Perfume,Beauty,1,1280.24,11.2,Wallet,Returned,3.0
ORD003627,,CUST01349,Chennai,30.0,Coffee 500g,Grocery,1,410.95,9.9,UPI,Returned,3.8
ORD003628,,CUST00336,Mysuru,29.0,Cotton T-Shirt,Fashion,1,671.33,13.4,UPI,Delivered,4.7
ORD003629,2026-10-07,CUST01387,Surat,20.0,Storage Container Set,Home & Kitchen,2,883.84,14.8,UPI,Delivered,3.9
ORD003630,,CUST00528,Lucknow,33.0,Wireless Earbuds,Electronics,2,2443.85,7.6,UPI,Delivered,4.4
ORD003631,,CUST01146, Delhi ,36.0,Mixer Grinder,Home & Kitchen,2,3567.89,6.5,Credit Card,Delivered,5.0
ORD003632,2025-03-09,CUST00852,Kochi,50.0,Denim Jeans,Fashion,1,1703.4,19.2,UPI,Delivered,
ORD003633,,CUST01088,Chandigarh,33.0,Yoga Mat,Sports & Fitness,2,735.31,19.5,Debit Card,Delivered,4.5
ORD003634,2025-01-11,CUST01908,Mangaluru,38.0,Python Programming,Books,2,684.5,9.4,Debit Card,Returned,3.2
ORD003635,,CUST00935,Lucknow,31.0,Water Bottle,Home & Kitchen,3,681.84,7.7,UPI,Delivered,4.6
ORD003636,2026-11-03,CUST01222,Hyderabad,31.0,Lipstick,Beauty,1,606.59,13.8,Debit Card,Delivered,2.6
ORD003637,2026-03-04,CUST00235,Chandigarh,27.0,Saree,Fashion,2,2120.45,17.1,Net Banking,Delivered,4.3
ORD003638,2025-10-09,CUST01473,Mysuru,30.0,LED Desk Lamp,Home & Kitchen,3,994.96,10.3,UPI,Pending,
ORD003639,2026-02-08,CUST01972,Mangaluru,34.0,Denim Jeans,Fashion,2,1796.8,14.1,UPI,Delivered,4.3
ORD003640,,CUST00373,Delhi,35.0,Bluetooth Speaker,Electronics,2,1872.05,7.6,UPI,Delivered,4.1
ORD003641,,CUST01279,Mangaluru,23.0,Machine Learning Basics,Books,1,805.33,6.9,UPI,Pending,
ORD003642,2025-09-09,CUST01421,Jaipur,18.0,Indian History,Books,1,566.78,9.5,UPI,Pending,
ORD003643,2025-10-10,CUST01963,CHENNAI,29.0,Laptop Backpack,Electronics,2,1812.92,20.3,Credit Card,Returned,3.4
ORD003644,,CUST00693,Mysuru,23.0,Basmati Rice 5kg,Grocery,2,735.67,7.5,UPI,Cancelled,
ORD003645,2026-10-08,CUST01184,Chennai,28.0,Organic Honey 500g,Grocery,2,443.96,6.5,Credit Card,Delivered,3.2
ORD003646,,CUST01492,Kolkata,38.0,Denim Jeans,Fashion,2,1745.13,9.6,Cash on Delivery,Delivered,4.7
ORD003647,,CUST01286,Kochi,37.0,USB-C Fast Charger,Electronics,1,1050.16,15.9,UPI,Delivered,3.4
ORD003648,,CUST01732,Bengaluru,31.0,Water Bottle,Home & Kitchen,1,708.91,12.7,UPI,Delivered,4.4
ORD003649,2026-07-04,CUST00766,Surat,31.0,Cotton T-Shirt,Fashion,2,688.19,9.9,UPI,Delivered,4.0
ORD003650,,CUST01414,Kolkata,33.0,Basmati Rice 5kg,Grocery,2,758.22,9.9,Wallet,Delivered,3.8
ORD003651,2026-01-05,CUST00868,Delhi,54.0,1080p Webcam,Electronics,2,2302.65,9.2,Credit Card,Delivered,4.7
ORD003652,,CUST00292,Ahmedabad,37.0,Denim Jeans,Fashion,2,1794.34,15.1,UPI,Delivered,4.4
ORD003653,,CUST01200,Kolkata,21.0,Rich Dad Poor Dad,Books,1,482.95,14.2,Net Banking,Delivered,3.5
ORD003654,,CUST00348,Delhi,36.0,Green Tea 100 Bags,Grocery,2,347.41,5.6,Wallet,Delivered,
ORD003655,,CUST01856,Chandigarh,36.0,Mixer Grinder,Home & Kitchen,2,3352.05,10.3,UPI,Delivered,4.1
ORD003656,2025-12-12,CUST00391,Chennai,18.0,Python Programming,Books,2,691.61,11.3,Credit Card,Delivered,3.8
ORD003657,,CUST00189,Surat,30.0,Cooking Oil 5L,Grocery,3,750.28,13.7,Credit Card,Delivered,3.7
ORD003658,,CUST00566,Kochi,29.0,Water Bottle,Home & Kitchen,2,652.72,9.6,Credit Card,Delivered,
ORD003659,,CUST00078,Hyderabad,18.0,Cooking Oil 5L,Grocery,2,786.74,1.8,Debit Card,Delivered,2.5
ORD003660,2026-05-03,CUST01502,Delhi,52.0,Sports Track Pants,Fashion,2,1354.77,10.1,Wallet,Delivered,
ORD003661,2025-10-12,CUST00353,Mangaluru,33.0,Men's Casual Shirt,Fashion,1,1185.01,7.9,Debit Card,Returned,4.1
ORD003662,,CUST01783,Mumbai,35.0,Sunscreen SPF 50,Beauty,2,687.2,7.0,Credit Card,Delivered,4.2
ORD003663,,CUST01832,Surat,29.0,Running Shoes,Fashion,1,2523.87,12.0,UPI,Delivered,4.5
ORD003664,2026-04-05,CUST01361,Pune,44.0,Wireless Earbuds,Electronics,1,2428.72,14.9,UPI,Delivered,3.9
ORD003665,,CUST00859,Mumbai,18.0,Atomic Habits,Books,2,643.15,11.8,Credit Card,Delivered,3.3
ORD003666,,CUST01348,Kochi,29.0,USB-C Fast Charger,Electronics,1,993.22,3.9,Debit Card,Delivered,2.9
ORD003667,,CUST01934,Chandigarh,37.0,Sunscreen SPF 50,Beauty,2,665.85,13.0,Debit Card,Delivered,5.0
ORD003668,,CUST00231,Ahmedabad,26.0,Men's Casual Shirt,Fashion,2,1194.52,8.2,UPI,Delivered,4.8
ORD003669,,CUST00194,Ahmedabad,22.0,Water Bottle,Home & Kitchen,3,707.85,,Debit Card,Delivered,4.9
ORD003670,,CUST00211,Lucknow,41.0,Bluetooth Speaker,Electronics,2,1715.25,6.7,UPI,Cancelled,
ORD003671,,CUST01760,Hyderabad,33.0,Lipstick,Beauty,1,619.97,4.4,UPI,Delivered,3.6
ORD003672,,CUST00112,Kolkata,34.0,Bluetooth Speaker,Electronics,2,1796.67,14.2,UPI,Delivered,4.8
ORD003673,,CUST01968,Mumbai,33.0,Cotton T-Shirt,Fashion,2,703.55,18.1,UPI,Delivered,3.7
ORD003674,2026-01-08,CUST01342,Hyderabad,38.0,Mechanical Keyboard,Electronics,1,3053.97,13.8,UPI,Delivered,4.0
ORD003675,,CUST00624,Chennai ,26.0,LED Desk Lamp,Home & Kitchen,1,994.81,6.6,UPI,Delivered,3.5
ORD003676,,CUST00058,Surat,43.0,Resistance Bands,Sports & Fitness,2,570.94,9.3,UPI,Delivered,2.4
ORD003677,2026-02-03,CUST00859,Mumbai,18.0,Sports Track Pants,Fashion,1,1365.7,8.1,Net Banking,Delivered,3.7
ORD003678,,CUST00937,Surat,31.0,Power Bank 20000mAh,Electronics,1,1512.97,0.0,UPI,Cancelled,
ORD003679,,CUST00793,Hyderabad,27.0,Cooking Oil 5L,Grocery,1,842.45,6.1,UPI,Delivered,5.0
ORD003680,2025-02-11,CUST01411,Kochi,41.0,Resistance Bands,Sports & Fitness,2,618.25,9.0,Credit Card,Delivered,4.5
ORD003681,2026-05-08,CUST01348,Kochi,29.0,Mixer Grinder,Home & Kitchen,2,3422.54,2.8,UPI,Delivered,3.2
ORD003682,2025-08-11,CUST01969,Hyderabad,34.0,Men's Casual Shirt,Fashion,1,1195.56,12.1,UPI,Delivered,4.1
ORD003683,,CUST00934,Chennai,19.0,Electric Kettle,Home & Kitchen,3,1622.07,10.5,Cash on Delivery,Delivered,4.2
ORD003684,,CUST00158,Chandigarh,42.0,Bedsheet Set,Home & Kitchen,1,1666.62,8.6,UPI,Delivered,4.5
ORD003685,,CUST00627,Jaipur,32.0,Electric Kettle,Home & Kitchen,3,1555.64,6.1,UPI,Delivered,4.0
ORD003686,,CUST00130,Mysuru,29.0,Sports Track Pants,Fashion,1,1290.91,17.3,Net Banking,Delivered,4.6
ORD003687,2025-12-11,CUST01497,Hyderabad,18.0,USB-C Fast Charger,Electronics,2,983.6,14.7,Credit Card,Delivered,2.6
ORD003688,,CUST00896,chennai,27.0,Sunscreen SPF 50,Beauty,2,694.89,12.7,Wallet,Delivered,2.9
ORD003689,2026-03-05,CUST01303,Hyderabad,35.0,Bedsheet Set,Home & Kitchen,2,1589.96,0.0,UPI,Delivered,3.9
ORD003690,2026-01-04,CUST01246,Chandigarh,27.0,Wireless Earbuds,Electronics,1,2579.51,8.4,Credit Card,Delivered,4.4
ORD003691,,CUST00272,Bengaluru,34.0,Data Structures,Books,3,858.48,11.4,UPI,Delivered,4.3
ORD003692,2026-12-02,CUST00906,Lucknow,29.0,Almonds 500g,Grocery,3,484.88,10.5,UPI,Delivered,4.7
ORD003693,,CUST01919,Mysuru,23.0,Protein Oats 1kg,Grocery,2,419.15,2.5,Net Banking,Delivered,4.1
ORD003694,,CUST01164,Mangaluru,38.0,USB-C Fast Charger,Electronics,2,936.95,9.8,Credit Card,Delivered,3.9
ORD003695,,CUST00468,Jaipur,,Basmati Rice 5kg,Grocery,2,720.58,12.5,Cash on Delivery,Delivered,5.0
ORD003696,,CUST00924,Mangaluru,42.0,Non-Stick Fry Pan,Home & Kitchen,1,1238.7,5.7,UPI,Delivered,3.8
ORD003697,,CUST01950,Kochi,24.0,Coffee 500g,Grocery,3,421.53,10.8,UPI,Delivered,3.2
ORD003698,,CUST01869,Bengaluru,26.0,Basmati Rice 5kg,Grocery,2,741.15,8.0,Credit Card,Cancelled,
ORD003699,,CUST00091,Chandigarh,29.0,Women's Kurti,Fashion,1,997.63,17.6,UPI,Returned,3.6
ORD003700,,CUST00196,Ahmedabad,38.0,Water Bottle,Home & Kitchen,1,691.57,7.0,UPI,Delivered,3.0
ORD003701,,CUST01552,Jaipur,19.0,Skipping Rope,Sports & Fitness,2,288.33,12.0,UPI,Delivered,
ORD003702,,CUST01027,Lucknow,37.0,Denim Jeans,Fashion,1,1738.87,11.3,Cash on Delivery,Delivered,4.0
ORD003703,2025-11-09,CUST00621,Surat,38.0,Lipstick,Beauty,1,570.45,10.8,Credit Card,Delivered,3.3
ORD003704,,CUST00823,Bengaluru,27.0,USB-C Fast Charger,Electronics,2,1024.32,13.5,Debit Card,Delivered,3.1
ORD003705,,CUST01494,Ahmedabad,36.0,Cooking Oil 5L,Grocery,2,747.31,8.4,Cash on Delivery,Delivered,4.0
ORD003706,,CUST02030,Jaipur,20.0,Organic Honey 500g,Grocery,1,430.66,9.8,Debit Card,Delivered,3.8
ORD003707,,CUST01374,Lucknow,27.0,Bluetooth Speaker,Electronics,1,1775.71,10.6,Cash on Delivery,Delivered,2.6
ORD003708,,CUST00102,Jaipur,,Sunscreen SPF 50,Beauty,2,696.51,12.8,UPI,Delivered,5.0
ORD003709,2026-07-01,CUST00433,Delhi,29.0,Sports Track Pants,Fashion,1,1318.22,11.2,Credit Card,Delivered,
ORD003710,,CUST01236,Chennai,41.0,Sunscreen SPF 50,Beauty,2,736.81,7.8,UPI,Delivered,4.2
ORD003711,2025-09-10,CUST01033,Chandigarh ,18.0,Yoga Mat,Sports & Fitness,2,785.22,14.9,UPI,Delivered,
ORD003712,,CUST00012,Chennai,37.0,Sports Track Pants,Fashion,2,1265.48,11.4,Credit Card,Delivered,3.7
ORD003713,,CUST00933,Delhi,36.0,Cotton T-Shirt,Fashion,2,743.41,10.0,UPI,Delivered,4.5
ORD003714,,CUST01736,Ahmedabad,40.0,Rich Dad Poor Dad,Books,2,490.27,0.6,Net Banking,Delivered,3.0
ORD003715,2025-01-11,CUST00149,Mangaluru,18.0,Body Lotion,Beauty,2,434.15,10.8,Cash on Delivery,Delivered,3.5
ORD003716,,CUST01825,Hyderabad,27.0,Organic Honey 500g,Grocery,3,435.61,12.7,UPI,Delivered,4.0
ORD003717,,CUST01175,Mumbai,22.0,Laptop Backpack,Electronics,1,1984.93,9.4,UPI,Delivered,2.6
ORD003718,2026-04-04,CUST00872,Hyderabad,46.0,Protein Oats 1kg,Grocery,1,412.53,12.1,Credit Card,Delivered,5.0
ORD003719,,CUST01361,Pune,44.0,Skipping Rope,Sports & Fitness,1,293.99,7.9,Cash on Delivery,Delivered,
ORD003720,,CUST00048,Ahmedabad,22.0,Men's Casual Shirt,Fashion,2,1171.71,7.3,Cash on Delivery,Delivered,5.0
ORD003721,,CUST01053,Delhi,30.0,Women's Kurti,Fashion,2,951.1,6.8,Credit Card,Delivered,4.0
ORD003722,,CUST00319,Delhi,31.0,Power Bank 20000mAh,Electronics,1,1469.46,9.7,UPI,Delivered,3.9
ORD003723,,CUST01879,Lucknow,28.0,Men's Casual Shirt,Fashion,2,1209.14,8.5,Credit Card,Delivered,2.6
ORD003724,,CUST00351,Mumbai,24.0,Laptop Backpack,Electronics,1,2032.3,13.4,Cash on Delivery,Delivered,4.8
ORD003725,2026-12-01,CUST00252,Bengaluru,33.0,Men's Casual Shirt,Fashion,2,1303.37,7.1,Net Banking,Returned,3.2
ORD003726,,CUST01970,AHMEDABAD,34.0,Hair Serum,Beauty,4,514.66,12.3,Cash on Delivery,Delivered,3.2
ORD003727,2026-12-08,CUST01183,Mumbai,33.0,Cooking Oil 5L,Grocery,1,850.93,14.1,UPI,Delivered,2.7
ORD003728,2026-08-02,CUST00142,Jaipur,28.0,Wireless Earbuds,Electronics,2,2474.57,12.9,Credit Card,Delivered,3.8
ORD003729,2026-04-06,CUST01496,Mumbai,30.0,USB-C Fast Charger,Electronics,1,1088.53,3.6,Credit Card,Delivered,2.3
ORD003730,,CUST00027,Bengaluru,36.0,Face Wash,Beauty,1,411.34,6.6,Net Banking,Delivered,5.0
ORD003731,2026-01-08,CUST00402,Chandigarh,33.0,Denim Jeans,Fashion,1,1785.24,10.9,Cash on Delivery,Delivered,4.3
ORD003732,,CUST00480,Delhi,33.0,Cushion Set,Home & Kitchen,2,835.03,13.5,UPI,Delivered,4.5
ORD003733,,CUST00510,Bengaluru,31.0,Laptop Backpack,Electronics,2,1946.94,12.8,Credit Card,Delivered,3.8
ORD003734,2026-01-02,CUST00934,Chennai,19.0,Dumbbell Set 10kg,Sports & Fitness,1,1962.45,6.5,UPI,Delivered,4.1
ORD003735,,CUST01038,Delhi,24.0,,Home & Kitchen,1,983.06,10.2,Cash on Delivery,Delivered,4.1
ORD003736,,CUST00960,Surat,33.0,Dry Fruits Mix 500g,Grocery,1,602.21,7.1,Wallet,Delivered,
ORD003737,2025-04-09,CUST00494,Mumbai,28.0,Protein Oats 1kg,Grocery,4,414.87,4.1,Debit Card,Delivered,3.9
ORD003738,,CUST00820,Pune,18.0,Mixer Grinder,Home & Kitchen,2,3412.94,11.1,Debit Card,Delivered,3.2
ORD003739,2025-09-12,CUST00039,Delhi,29.0,Cricket Bat,Sports & Fitness,1,2447.47,4.2,Credit Card,Returned,3.3
ORD003740,,CUST00800,Bengaluru,34.0,Sunscreen SPF 50,Beauty,2,729.84,18.4,Debit Card,Delivered,2.9
ORD003741,,CUST01204,Chandigarh,38.0,Machine Learning Basics,Books,2,872.94,7.4,UPI,Delivered,4.0
ORD003742,2026-02-04,CUST00815,Ahmedabad,43.0,Moisturizer,Beauty,3,645.45,6.7,Credit Card,Delivered,4.3
ORD003743,2025-04-11,CUST01675,Bengaluru,35.0,USB-C Fast Charger,Electronics,2,999.84,9.0,Cash on Delivery,Cancelled,
ORD003744,2026-11-03,CUST00198,Pune,29.0,Body Lotion,Beauty,1,453.11,9.4,Wallet,Delivered,
ORD003745,,CUST01613,Delhi,30.0,Power Bank 20000mAh,Electronics,1,1464.78,9.4,Debit Card,Delivered,3.4
ORD003746,,CUST00012,,37.0,Men's Casual Shirt,Fashion,1,1168.16,11.4,UPI,Delivered,4.0
ORD003747,2026-04-04,CUST01555,Chandigarh,34.0,Women's Kurti,Fashion,3,1031.77,10.5,Cash on Delivery,Delivered,3.7
ORD003748,,CUST00473,Mumbai,35.0,Smartwatch,Electronics,1,3244.29,8.9,Debit Card,Delivered,
ORD003749,,CUST00538,Mumbai,28.0,Competitive Aptitude,Books,1,469.68,7.5,Credit Card,Delivered,4.0
ORD003750,,CUST00185,Jaipur,34.0,USB-C Fast Charger,Electronics,2,1008.06,11.8,UPI,Delivered,3.6
ORD003751,2025-02-12,CUST01441,Chennai,35.0,Cooking Oil 5L,Grocery,3,785.63,2.9,Debit Card,Delivered,3.7
ORD003752,2026-09-07,CUST01266,Jaipur,39.0,USB-C Fast Charger,Electronics,1,972.29,5.7,Net Banking,Delivered,3.2
ORD003753,,CUST01423,Pune,33.0,Power Bank 20000mAh,Electronics,2,1421.68,9.6,UPI,Delivered,
ORD003754,2026-12-03,CUST01295,Mangaluru,33.0,Protein Oats 1kg,Grocery,3,381.25,3.1,UPI,Cancelled,
ORD003755,2026-05-02,CUST00828,lucknow,21.0,Smartwatch,Electronics,2,3471.11,7.2,UPI,Delivered,5.0
ORD003756,,CUST00734,Surat,34.0,Skipping Rope,Sports & Fitness,1,293.05,15.2,UPI,Delivered,4.7
ORD003757,,CUST00308,Hyderabad,20.0,Body Lotion,Beauty,2,447.89,2.1,Debit Card,Delivered,4.4
ORD003758,2026-12-04,CUST00316,Unknown,18.0,Storage Container Set,Home & Kitchen,1,858.3,2.8,Credit Card,Delivered,3.8
ORD003759,,CUST01647,Kochi,27.0,USB-C Fast Charger,Electronics,2,977.12,7.8,UPI,Delivered,3.3
ORD003760,2026-09-03,CUST01627,Kochi,25.0,Moisturizer,Beauty,2,636.49,8.6,Cash on Delivery,Cancelled,
ORD003761,2026-12-05,CUST00211,Lucknow,41.0,Coffee 500g,Grocery,2,429.13,8.9,UPI,Delivered,5.0
ORD003762,2026-06-08,CUST00407,Chennai,23.0,Indian History,Books,1,563.97,10.1,UPI,Delivered,3.3
ORD003763,,CUST01798,Kolkata,37.0,Atomic Habits,Books,1,638.19,8.9,UPI,Pending,
ORD003764,,CUST00666,Chennai,21.0,SQL for Beginners,Books,2,666.83,9.5,UPI,Delivered,5.0
ORD003765,2025-08-11,CUST00574,Mumbai,21.0,Smartwatch,Electronics,1,3487.93,11.1,UPI,Delivered,3.0
ORD003766,2026-02-08,CUST01408,Delhi,37.0,Wireless Earbuds,Electronics,2,2415.56,9.3,UPI,Delivered,4.7
ORD003767,,CUST00102,Jaipur,18.0,Sports Track Pants,Fashion,1,1342.98,9.8,UPI,Delivered,4.1
ORD003768,2025-05-10,CUST01972,Mangaluru,34.0,Green Tea 100 Bags,Grocery,1,354.98,7.8,UPI,Delivered,4.5
ORD003769,,CUST01363,Delhi,24.0,Bedsheet Set,Home & Kitchen,1,1722.56,10.8,Credit Card,Delivered,2.9
ORD003770,,CUST00465,Kochi,22.0,USB-C Fast Charger,Electronics,1,978.69,9.4,UPI,Cancelled,
ORD003771,,CUST01044,Bengaluru,24.0,Bluetooth Speaker,Electronics,1,1949.02,8.9,Cash on Delivery,Cancelled,
ORD003772,2025-12-12,CUST01772,Lucknow,37.0,LED Desk Lamp,Home & Kitchen,2,984.39,4.7,Credit Card,Delivered,4.7
ORD003773,,CUST01257,Surat,24.0,Power Bank 20000mAh,Electronics,2,1518.55,10.1,UPI,Delivered,4.1
ORD003774,2026-12-02,CUST00127,Mysuru,31.0,1080p Webcam,Electronics,2,2239.16,5.9,Cash on Delivery,Cancelled,
ORD003775,,CUST01567,Mangaluru,26.0,Laptop Backpack,Electronics,1,1921.77,7.2,Net Banking,Cancelled,
ORD003776,,CUST00847,Kolkata,39.0,Electric Kettle,Home & Kitchen,1,1546.83,6.9,Cash on Delivery,Delivered,3.6
ORD003777,,CUST01306,Ahmedabad,28.0,Moisturizer,Beauty,1,655.76,4.8,UPI,Delivered,4.6
ORD003778,2025-10-11,CUST00158,Chandigarh,42.0,Smartwatch,Electronics,1,3121.94,22.0,Credit Card,Delivered,1.9
ORD003779,,CUST01798,Kolkata,37.0,Denim Jeans,Fashion,1,1940.08,13.8,Credit Card,Delivered,2.9
ORD003780,,CUST01232,Lucknow,36.0,Cushion Set,Home & Kitchen,2,817.2,3.5,Net Banking,Delivered,3.8
ORD003781,2026-07-02,CUST01085,Bengaluru,25.0,Python Programming,Books,1,689.34,8.1,UPI,Delivered,
ORD003782,,CUST01910,Lucknow,33.0,Men's Casual Shirt,Fashion,1,1167.96,3.3,UPI,Delivered,4.7
ORD003783,2026-02-05,CUST00456,Surat,29.0,Laptop Backpack,Electronics,1,1930.59,7.1,Wallet,Delivered,5.0
ORD003784,2025-11-10,CUST00408,Chennai,34.0,Organic Honey 500g,Grocery,2,440.18,10.3,UPI,Pending,
ORD003785,2026-08-01,CUST00872,Hyderabad,46.0,LED Desk Lamp,Home & Kitchen,2,1016.67,11.1,UPI,Delivered,
ORD003786,,CUST01069,Mumbai,28.0,Bluetooth Speaker,Electronics,1,1892.88,10.5,UPI,Delivered,3.8
ORD003787,2025-03-10,CUST01674,Kolkata,33.0,SQL for Beginners,Books,2,634.89,3.1,Cash on Delivery,Delivered,3.6
ORD003788,,CUST01353,Ahmedabad,22.0,Organic Honey 500g,Grocery,3,435.87,10.8,UPI,Delivered,4.1
ORD003789,2026-04-03,CUST00333,Bengaluru,29.0,Men's Casual Shirt,Fashion,2,1256.92,6.0,UPI,Delivered,4.7
ORD003790,,CUST00606,Bengaluru,18.0,Water Bottle,Home & Kitchen,3,765.27,8.1,Net Banking,Delivered,3.1
ORD003791,2026-05-06,CUST00070,Surat,27.0,Cushion Set,Home & Kitchen,1,749.05,0.0,UPI,Delivered,3.8
ORD003792,,CUST01002,Mumbai,33.0,Coffee 500g,Grocery,2,434.29,5.3,Credit Card,Delivered,4.0
ORD003793,2026-04-04,CUST01019,Kolkata,35.0,Body Lotion,Beauty,2,426.78,12.4,Wallet,Delivered,3.3
ORD003794,,CUST01040,Ahmedabad,32.0,Sports Track Pants,Fashion,3,1149.7,13.0,UPI,Delivered,3.4
ORD003795,2026-03-08,CUST00853,Lucknow,39.0,SQL for Beginners,Books,3,620.31,9.7,Wallet,Delivered,4.5
ORD003796,2025-07-09,CUST01609,Bengaluru,31.0,LED Desk Lamp,Home & Kitchen,2,1050.51,3.3,UPI,Delivered,4.7
ORD003797,,CUST01648,Mangaluru,39.0,USB-C Fast Charger,Electronics,1,957.84,6.8,Credit Card,Delivered,4.2
ORD003798,,CUST01047,Jaipur,23.0,1080p Webcam,Electronics,1,2236.01,9.3,UPI,Delivered,3.6
ORD003799,2025-01-09,CUST00868,Delhi,54.0,Wireless Earbuds,Electronics,2,2412.31,13.5,Debit Card,Delivered,3.7
ORD003800,,CUST00828,Lucknow,21.0,Water Bottle,Home & Kitchen,2,691.65,9.3,Cash on Delivery,Delivered,4.2
ORD003801,,CUST00937,Surat,31.0,Basmati Rice 5kg,Grocery,1,733.74,,UPI,Delivered,3.0
ORD003802,,CUST01685,Bengaluru,30.0,Cushion Set,Home & Kitchen,2,838.64,5.2,UPI,Delivered,4.7
ORD003803,2025-02-10,CUST00194,Ahmedabad,22.0,Basmati Rice 5kg,Grocery,3,765.34,16.4,Credit Card,Delivered,4.4
ORD003804,,CUST01904,Jaipur,30.0,Almonds 500g,Grocery,1,457.57,16.4,Cash on Delivery,Delivered,4.6
ORD003805,,CUST01700,Mumbai,21.0,Cooking Oil 5L,Grocery,2,841.03,9.8,Credit Card,Returned,
ORD003806,,CUST01356,Pune,38.0,Yoga Mat,Sports & Fitness,2,770.51,4.9,UPI,Delivered,2.9
ORD003807,,CUST01812,Chennai,35.0,Power Bank 20000mAh,Electronics,1,1479.83,12.1,UPI,Delivered,5.0
ORD003808,2026-11-08,CUST00188,Kolkata,40.0,Basmati Rice 5kg,Grocery,2,690.28,7.7,UPI,Delivered,
ORD003809,,CUST00878,Mumbai,36.0,Data Structures,Books,2,811.64,11.5,UPI,Delivered,4.8
ORD003810,,CUST01149,Hyderabad,25.0,Organic Honey 500g,Grocery,2,429.17,4.4,Credit Card,Pending,
ORD003811,,CUST01080,Delhi,29.0,Face Wash,Beauty,2,395.85,4.2,UPI,Delivered,3.7
ORD003812,,CUST00012,Chennai,37.0,Smartwatch,Electronics,2,3314.49,9.2,Debit Card,Delivered,4.6
ORD003813,2026-07-03,CUST01930,Pune,32.0,Moisturizer,Beauty,1,630.6,8.2,Credit Card,Delivered,3.5
ORD003814,,CUST00391,Chennai,18.0,LED Desk Lamp,Home & Kitchen,1,973.07,8.6,Credit Card,Delivered,5.0
ORD003815,,CUST01120,Pune,28.0,Face Wash,Beauty,2,431.6,8.3,UPI,Delivered,4.8
ORD003816,,CUST01552,Jaipur,19.0,Electric Kettle,Home & Kitchen,2,1604.78,7.8,Credit Card,Delivered,4.9
ORD003817,2025-05-09,CUST00145,Chandigarh,30.0,Resistance Bands,Sports & Fitness,1,556.09,7.5,UPI,Delivered,3.3
ORD003818,2026-11-08,CUST00838,Delhi,36.0,Power Bank 20000mAh,Electronics,2,1522.07,14.8,Debit Card,Delivered,4.1
ORD003819,2026-12-06,CUST01004,Delhi,22.0,Python Programming,Books,2,706.96,11.1,Credit Card,Delivered,5.0
ORD003820,2025-09-12,CUST00820,Pune,18.0,Men's Casual Shirt,Fashion,1,1345.91,13.8,Cash on Delivery,Delivered,4.5
ORD003821,2026-09-05,CUST01036,Chennai,30.0,Running Shoes,Fashion,1,2465.84,15.4,Debit Card,Delivered,4.1
ORD003822,,CUST00507,Pune,24.0,Non-Stick Fry Pan,Home & Kitchen,2,1354.46,,UPI,Delivered,4.2
ORD003823,2025-03-10,CUST00935,Lucknow,31.0,USB-C Fast Charger,Electronics,1,951.42,15.8,UPI,Delivered,4.7
ORD003824,,CUST01535,Ahmedabad,38.0,Wireless Earbuds,Electronics,1,2471.18,13.1,upi,Delivered,4.2
ORD003825,,CUST01440,Pune,26.0,Backpack,Fashion,2,1313.9,14.9,Wallet,Delivered,4.9
ORD003826,,CUST01256,Chandigarh,22.0,Laptop Backpack,Electronics,2,1867.77,8.7,UPI,Delivered,3.8
ORD003827,,CUST00884,Mumbai,32.0,Running Shoes,Fashion,1,2464.31,4.9,Net Banking,Delivered,4.8
ORD003828,,CUST00434,Mangaluru,27.0,Men's Casual Shirt,Fashion,2,1152.89,1.7,Net Banking,Returned,
ORD003829,,CUST00608,Kolkata,33.0,Mixer Grinder,Home & Kitchen,2,3491.48,11.4,UPI,Delivered,3.3
ORD003830,2026-02-06,CUST01639,Kochi,42.0,Water Bottle,Home & Kitchen,1,697.43,3.4,UPI,Delivered,4.4
ORD003831,,CUST00829,Ahmedabad,22.0,Dry Fruits Mix 500g,Grocery,2,563.42,12.6,Credit Card,Delivered,4.9
ORD003832,2026-10-08,CUST01592,Delhi,35.0,Cooking Oil 5L,Grocery,1,837.64,7.9,UPI,Delivered,
ORD003833,2026-08-03,CUST01408,Delhi,37.0,Football,Sports & Fitness,3,848.03,5.0,Cash on Delivery,Delivered,3.1
ORD003834,2026-11-06,CUST00786,Chennai,39.0,Power Bank 20000mAh,Electronics,1,1429.54,15.4,UPI,Delivered,3.1
ORD003835,,CUST00703,Surat,29.0,Football,Sports & Fitness,1,933.27,7.7,UPI,Delivered,5.0
ORD003836,,CUST01586,Ahmedabad,25.0,Non-Stick Fry Pan,Home & Kitchen,2,1261.06,5.1,UPI,Delivered,4.0
ORD003837,,CUST01265,Hyderabad,38.0,Non-Stick Fry Pan,Home & Kitchen,1,1369.82,,Debit Card,Delivered,4.5
ORD003838,2026-04-06,CUST00645,Hyderabad,34.0,Power Bank 20000mAh,Electronics,1,1472.2,8.5,Credit Card,Delivered,3.2
ORD003839,2026-09-03,CUST00784,Delhi,20.0,Dry Fruits Mix 500g,Grocery,2,621.57,11.2,Debit Card,Cancelled,
ORD003840,2026-05-01,CUST01493,Mysuru,43.0,Almonds 500g,Grocery,1,488.17,3.0,Credit Card,Returned,
ORD003841,,CUST01175,Mumbai,22.0,LED Desk Lamp,Home & Kitchen,1,1072.16,2.5,Cash on Delivery,Delivered,4.4
ORD003842,2025-08-12,CUST01603,Bengaluru,19.0,Coffee 500g,Grocery,3,440.56,9.6,Cash on Delivery,Delivered,4.6
ORD003843,,CUST01348,Kochi,29.0,Python Programming,Books,1,693.76,8.9,UPI,Delivered,4.3
ORD003844,,CUST01900,Delhi,25.0,Water Bottle,Home & Kitchen,2,712.27,12.6,Credit Card,Delivered,4.6
ORD003845,2026-05-06,CUST00795,Mysuru,41.0,Storage Container Set,Home & Kitchen,2,901.25,4.8,UPI,Delivered,3.4
ORD003846,,CUST00970,Hyderabad,27.0,Power Bank 20000mAh,Electronics,2,1447.62,13.6,Debit Card,Delivered,4.2
ORD003847,2025-04-11,CUST00222,Pune,28.0,USB-C Fast Charger,Electronics,1,1037.21,17.8,UPI,Delivered,4.3
ORD003848,2025-02-11,CUST00045,Mangaluru,30.0,Wireless Earbuds,Electronics,1,2554.17,9.0,UPI,Delivered,4.3
ORD003849,,CUST00222,Pune,28.0,Cotton T-Shirt,Fashion,1,709.51,8.9,UPI,Delivered,4.8
ORD003850,,CUST02028,Mumbai,27.0,Power Bank 20000mAh,Electronics,2,1662.95,12.2,Credit Card,Delivered,4.6
ORD003851,,CUST00935,Lucknow,31.0,Bedsheet Set,Home & Kitchen,3,1705.39,2.0,Cash on Delivery,Delivered,5.0
ORD003852,,CUST00479,Surat,18.0,Water Bottle,Home & Kitchen,1,676.68,6.1,Cash on Delivery,Delivered,4.7
ORD003853,,CUST02005,Mumbai,41.0,Cricket Bat,Sports & Fitness,2,2537.91,6.9,UPI,Delivered,
ORD003854,,CUST00025,Mumbai,28.0,Football,Sports & Fitness,1,906.44,14.5,Debit Card,Delivered,4.6
ORD003855,2026-12-07,CUST01555,Chandigarh,34.0,Women's Kurti,Fashion,1,977.95,9.3,Credit Card,Delivered,4.1
ORD003856,,CUST01474,Kochi,35.0,Running Shoes,Fashion,2,2551.25,11.6,Credit Card,Delivered,4.4
ORD003857,,CUST00805,Mumbai,29.0,Dumbbell Set 10kg,Sports & Fitness,2,1944.07,6.9,Credit Card,Delivered,4.6
ORD003858,,CUST00727,Mangaluru,28.0,Backpack,Fashion,1,1180.82,14.8,UPI,Delivered,5.0
ORD003859,,CUST00880,Chennai,22.0,Cycling Helmet,Sports & Fitness,2,1657.04,0.7,UPI,Delivered,4.5
ORD003860,,CUST00679,Ahmedabad,46.0,Basmati Rice 5kg,Grocery,1,728.32,12.3,UPI,Delivered,4.3
ORD003861,,CUST01730,Lucknow,31.0,Cotton T-Shirt,Fashion,3,703.86,6.7,Credit Card,Pending,
ORD003862,,CUST01598,Mangaluru,42.0,Sports Track Pants,Fashion,3,1269.59,9.7,UPI,Delivered,3.0
ORD003863,2025-04-12,CUST00245,Surat,37.0,Moisturizer,Beauty,2,677.03,12.9,Cash on Delivery,Pending,
ORD003864,,CUST00697,Chandigarh,30.0,Green Tea 100 Bags,Grocery,2,342.49,13.5,Cash on Delivery,Delivered,4.7
ORD003865,2026-12-04,CUST00329,Jaipur,31.0,Electric Kettle,Home & Kitchen,1,1510.15,1.1,Net Banking,Delivered,2.4
ORD003866,,CUST00635,Chennai,35.0,Indian History,Books,1,532.62,10.5,Wallet,Delivered,3.6
ORD003867,,CUST00930,Surat,30.0,Shampoo,Beauty,3,542.4,9.8,Net Banking,Delivered,
ORD003868,,CUST00924,Mangaluru,42.0,Men's Casual Shirt,Fashion,2,1163.38,9.2,Credit Card,Cancelled,
ORD003869,2025-03-12,CUST00226,Hyderabad,29.0,Face Wash,Beauty,2,396.24,4.3,Cash on Delivery,Delivered,3.7
ORD003870,2026-12-05,CUST01848,,34.0,Python Programming,Books,1,670.05,12.8,Credit Card,Delivered,3.1
ORD003871,2026-12-01,CUST01508,Mysuru,36.0,Mechanical Keyboard,Electronics,2,2949.17,9.0,Cash on Delivery,Returned,3.0
ORD003872,2026-07-03,CUST01938,Lucknow,37.0,Coffee 500g,Grocery,1,422.66,5.9,UPI,Delivered,3.9
ORD003873,,CUST00155,Chennai,24.0,Almonds 500g,Grocery,1,488.25,6.1,Credit Card,Delivered,4.2
ORD003874,2026-04-01,CUST00499,Mysuru,41.0,Cushion Set,Home & Kitchen,1,823.19,11.4,UPI,Delivered,4.3
ORD003875,2025-02-10,CUST00663,Jaipur,29.0,Data Structures,Books,1,820.17,15.1,Credit Card,Delivered,4.3
ORD003876,,CUST00305,Mumbai,26.0,Shampoo,Beauty,2,545.99,8.6,UPI,Delivered,3.3
ORD003877,2026-02-05,CUST00449,Ahmedabad,30.0,Women's Kurti,Fashion,2,980.58,7.2,Credit Card,Delivered,4.9
ORD003878,,CUST00937,Surat,,Cotton T-Shirt,Fashion,2,686.54,13.6,UPI,Delivered,3.8
ORD003879,,CUST00356,Chennai,37.0,Bedsheet Set,Home & Kitchen,2,1724.64,6.9,Wallet,Delivered,3.1
ORD003880,2026-09-04,CUST00398,Jaipur,36.0,Water Bottle,Home & Kitchen,3,657.08,8.1,UPI,Delivered,3.9
ORD003881,2025-02-11,CUST00947,Chennai,40.0,Green Tea 100 Bags,Grocery,1,363.42,13.0,Credit Card,Delivered,
ORD003882,2026-05-08,CUST00998,Delhi,27.0,Mechanical Keyboard,Electronics,2,2922.35,7.4,UPI,Delivered,4.1
ORD003883,2026-12-02,CUST01860,Delhi,25.0,Water Bottle,Home & Kitchen,1,688.45,7.8,UPI,Cancelled,
ORD003884,,CUST00110,Kochi,26.0,Yoga Mat,Sports & Fitness,2,755.52,14.2,UPI,Delivered,4.2
ORD003885,,CUST00616,Lucknow,38.0,Backpack,Fashion,2,1352.37,11.8,UPI,Pending,
ORD003886,2026-02-08,CUST01403,Mumbai,27.0,USB-C Fast Charger,Electronics,2,1067.6,10.7,UPI,Delivered,4.4
ORD003887,,CUST00483,Delhi,37.0,Mixer Grinder,Home & Kitchen,1,3405.32,16.1,Credit Card,Delivered,
ORD003888,2025-08-11,CUST01406,Delhi,28.0,USB-C Fast Charger,Electronics,1,998.99,4.9,UPI,Delivered,2.5
ORD003889,2026-03-06,CUST00458,Hyderabad,27.0,Denim Jeans,Fashion,2,1921.35,8.1,Debit Card,Pending,
ORD003890,,CUST02028,Mumbai,27.0,Cooking Oil 5L,Grocery,2,817.29,10.0,UPI,Delivered,3.7
ORD003891,,CUST00052,Hyderabad,19.0,Running Shoes,Fashion,2,2683.99,7.8,UPI,Delivered,3.2
ORD003892,,CUST00570,Mysuru,18.0,USB-C Fast Charger,Electronics,2,994.38,9.3,Credit Card,Delivered,4.0
ORD003893,2026-02-01,CUST00663,Jaipur,29.0,Cycling Helmet,Sports & Fitness,2,1520.87,9.8,Debit Card,Delivered,3.6
ORD003894,2026-05-07,CUST01239,Pune,18.0,Resistance Bands,Sports & Fitness,1,576.64,4.2,Debit Card,Delivered,3.8
ORD003895,,CUST00898,Surat,28.0,Protein Oats 1kg,Grocery,2,408.77,1.0,Net Banking,Delivered,2.9
ORD003896,,CUST01774,Surat,29.0,Python Programming,Books,2,635.63,12.3,UPI,Delivered,4.4
ORD003897,,CUST00391,Chennai,18.0,SQL for Beginners,Books,3,597.63,8.2,Debit Card,Delivered,3.7
ORD003898,,CUST01798,Kolkata,37.0,Electric Kettle,Home & Kitchen,3,1585.3,14.6,Wallet,Returned,2.7
ORD003899,2026-07-05,CUST00933,Delhi,36.0,Mechanical Keyboard,Electronics,2,2827.07,5.2,UPI,Returned,4.5
ORD003900,,CUST00202,Surat,23.0,USB-C Fast Charger,Electronics,1,1009.32,7.1,UPI,Delivered,4.0
ORD003901,,CUST00364,Bengaluru,42.0,Coffee 500g,Grocery,2,440.97,12.2,Wallet,Delivered,3.0
ORD003902,,CUST01470,Jaipur,26.0,Cotton T-Shirt,Fashion,3,711.82,17.6,Net Banking,Delivered,3.7
ORD003903,2026-07-08,CUST01972,Mangaluru,34.0,Unknown,Home & Kitchen,2,956.38,5.6,UPI,Delivered,3.2
ORD003904,,CUST00348,Delhi,36.0,Basmati Rice 5kg,Grocery,2,745.91,13.8,Credit Card,Delivered,3.6
ORD003905,,CUST00418,Chandigarh,35.0,Cotton T-Shirt,Fashion,1,669.96,9.2,Cash on Delivery,Delivered,
ORD003906,,CUST00924,Mangaluru,42.0,Yoga Mat,Sports & Fitness,1,756.78,4.7,UPI,Delivered,
ORD003907,2026-02-01,CUST00498,Delhi,31.0,Men's Casual Shirt,Fashion,2,1187.28,13.4,Credit Card,Delivered,3.0
ORD003908,2025-09-10,CUST01225,Chandigarh,30.0,Non-Stick Fry Pan,Home & Kitchen,2,1340.08,7.1,Cash on Delivery,Delivered,3.2
ORD003909,,CUST00499,Mysuru,41.0,Coffee 500g,Grocery,1,416.62,11.7,Wallet,Delivered,
ORD003910,2026-11-08,CUST00316,Chandigarh,18.0,Men's Casual Shirt,Fashion,1,1138.76,7.6,Wallet,Delivered,3.5
ORD003911,,CUST01814,Surat,23.0,Cushion Set,Home & Kitchen,1,780.14,0.4,Credit Card,Delivered,4.5
ORD003912,2026-10-03,CUST01119,Delhi,41.0,Bedsheet Set,Home & Kitchen,2,1718.48,10.1,UPI,Delivered,3.3
ORD003913,2026-02-07,CUST01896,Pune,31.0,Coffee 500g,Grocery,3,430.95,11.0,UPI,Cancelled,
ORD003914,2025-03-11,CUST01236,Chennai,41.0,USB-C Fast Charger,Electronics,1,1016.06,2.7,UPI,Delivered,3.9
ORD003915,,CUST00702,Hyderabad,25.0,Hair Serum,Beauty,2,506.89,15.2,UPI,Delivered,3.3
ORD003916,2025-08-11,CUST01567,Mangaluru,26.0,Green Tea 100 Bags,Grocery,1,355.6,13.0,UPI,Delivered,4.2
ORD003917,,CUST01643,Hyderabad,27.0,Data Structures,Books,1,811.07,4.2,Credit Card,Delivered,5.0
ORD003918,2025-07-09,CUST00358,Ahmedabad,25.0,Basmati Rice 5kg,Grocery,3,748.61,13.2,Credit Card,Pending,
ORD003919,2026-10-08,CUST01320,Chennai,26.0,Storage Container Set,Home & Kitchen,2,911.2,4.5,UPI,Pending,
ORD003920,2026-09-07,CUST01323,Hyderabad,30.0,Storage Container Set,Home & Kitchen,2,899.3,8.9,Credit Card,Delivered,3.3
ORD003921,,CUST01780,Mumbai,27.0,Cotton T-Shirt,Fashion,2,721.73,5.5,Credit Card,Delivered,3.7
ORD003922,,CUST00486,Pune,36.0,Machine Learning Basics,Books,3,947.57,13.2,UPI,Returned,4.5
ORD003923,,CUST01076,Ahmedabad,32.0,USB-C Fast Charger,Electronics,2,986.2,3.6,UPI,Delivered,
ORD003924,,CUST01087,Hyderabad,26.0,Sports Track Pants,Fashion,1,1277.7,13.7,Credit Card,Delivered,4.7
ORD003925,,CUST00709,Delhi,40.0,Wireless Earbuds,Electronics,1,2382.84,10.7,Wallet,Delivered,4.0
ORD003926,,CUST00194,Ahmedabad,22.0,Skipping Rope,Sports & Fitness,3,298.92,8.8,UPI,Delivered,
ORD003927,,CUST00823,Bengaluru,27.0,Cotton T-Shirt,Fashion,2,726.1,8.5,UPI,Delivered,4.1
ORD003928,2025-11-10,CUST00384,Surat,31.0,USB-C Fast Charger,Electronics,2,992.15,9.4,Debit Card,Delivered,3.5
ORD003929,2026-10-06,CUST00944,Mumbai,30.0,Smartwatch,Electronics,2,3567.69,10.0,Cash on Delivery,Delivered,5.0
ORD003930,,CUST00951,Bengaluru,37.0,Smartwatch,Electronics,1,3628.99,12.0,Credit Card,Delivered,3.2
ORD003931,,CUST01913,Jaipur,29.0,Face Wash,Beauty,1,392.33,10.7,Cash on Delivery,Cancelled,
ORD003932,,CUST00813,Bengaluru,26.0,Cushion Set,Home & Kitchen,2,872.47,13.4,UPI,Delivered,3.3
ORD003933,,CUST01841,Lucknow,23.0,Basmati Rice 5kg,Grocery,2,756.86,5.2,UPI,Delivered,4.1
ORD003934,,CUST01851,Surat,29.0,Data Structures,Books,1,792.36,6.2,Debit Card,Delivered,5.0
ORD003935,,CUST01181,Bengaluru,27.0,USB-C Fast Charger,Electronics,2,1096.99,3.3,Cash on Delivery,Delivered,4.4
ORD003936,2025-01-09,CUST01566,Surat,29.0,Hair Serum,Beauty,2,470.56,10.4,UPI,Delivered,4.5
ORD003937,2025-07-12,CUST01252,Kochi,31.0,Gym Gloves,Sports & Fitness,3,490.13,9.4,Credit Card,Delivered,3.8
ORD003938,2025-10-10,CUST00314,Ahmedabad,37.0,Yoga Mat,Sports & Fitness,2,771.81,7.6,UPI,Delivered,4.4
ORD003939,2025-04-10,CUST01209,Ahmedabad,44.0,Bedsheet Set,Home & Kitchen,2,1791.06,11.0,Credit Card,Delivered,
ORD003940,2025-04-12,CUST01919,Mysuru,23.0,USB-C Fast Charger,Electronics,2,987.56,0.0,,Delivered,4.0
ORD003941,2026-11-02,CUST00738,Chandigarh,18.0,Backpack,Fashion,2,1243.06,14.3,UPI,Delivered,4.1
ORD003942,,CUST01837,Surat,28.0,Cotton T-Shirt,Fashion,2,690.28,5.1,Credit Card,Delivered,3.0
ORD003943,,CUST01488,Chennai,25.0,Water Bottle,Home & Kitchen,2,716.23,4.0,UPI,Delivered,4.5
ORD003944,2026-03-07,CUST01736,Ahmedabad,40.0,Basmati Rice 5kg,Grocery,1,728.4,6.5,UPI,Delivered,
ORD003945,,CUST01914,Mangaluru,40.0,Men's Casual Shirt,Fashion,1,1213.52,12.2,UPI,Delivered,4.5
ORD003946,,CUST00934,Chennai,19.0,Denim Jeans,Fashion,3,1800.89,12.9,Debit Card,Delivered,5.0
ORD003947,,CUST01230,Kochi,32.0,Hair Serum,Beauty,1,456.68,9.8,Debit Card,Delivered,4.2
ORD003948,,CUST00302,Ahmedabad,24.0,Women's Kurti,Fashion,3,946.4,17.3,UPI,Delivered,2.5
ORD003949,,CUST02028,Mumbai,27.0,Running Shoes,Fashion,2,2635.75,14.2,Debit Card,Delivered,3.5
ORD003950,,CUST01299,Mysuru,22.0,Bluetooth Speaker,Electronics,2,1775.59,12.7, UPI ,Delivered,3.2
ORD003951,,CUST00121,Mangaluru,33.0,Storage Container Set,Home & Kitchen,3,854.42,9.8,Credit Card,Delivered,3.8
ORD003952,,CUST01322,Ahmedabad,26.0,Green Tea 100 Bags,Grocery,3,354.87,13.6,UPI,Delivered,4.6
ORD003953,2026-12-03,CUST00451,Hyderabad,38.0,Mechanical Keyboard,Electronics,2,2690.01,5.6,Wallet,Delivered,4.7
ORD003954,,CUST00840,Chennai,21.0,Bedsheet Set,Home & Kitchen,2,1783.5,15.1,UPI,Delivered,4.7
ORD003955,2025-06-10,CUST00586,Mangaluru,32.0,Basmati Rice 5kg,Grocery,2,715.06,8.7,Credit Card,Delivered,4.5
ORD003956,,CUST01929,Jaipur,31.0,Atomic Habits,Books,2,587.51,10.8,Debit Card,Delivered,4.0
ORD003957,,CUST00227,Kolkata,29.0,Storage Container Set,Home & Kitchen,1,842.12,3.4,UPI,Delivered,3.9
ORD003958,2025-07-10,CUST00152,Mumbai,26.0,Cooking Oil 5L,Grocery,1,863.71,8.2,Credit Card,Returned,2.9
ORD003959,,CUST01569,Mumbai,25.0,USB-C Fast Charger,Electronics,2,1056.37,10.5,UPI,Delivered,3.7
ORD003960,,CUST00065, Mumbai ,38.0,Atomic Habits,Books,1,638.9,6.9,UPI,Delivered,3.9
ORD003961,2026-02-04,CUST00052,Hyderabad,19.0,Organic Honey 500g,Grocery,2,443.37,8.7,Net Banking,Cancelled,
ORD003962,,CUST01108,Delhi,43.0,Denim Jeans,Fashion,2,1788.75,9.9,UPI,Delivered,
ORD003963,,CUST01217,Mumbai,39.0,,Fashion,2,725.68,18.2,Debit Card,Delivered,4.2
ORD003964,,CUST01476,Kolkata,18.0,USB-C Fast Charger,Electronics,1,949.39,13.3,UPI,Delivered,4.1
ORD003965,,CUST00047,Hyderabad,33.0,Coffee 500g,Grocery,2,434.51,10.5,Credit Card,Delivered,
ORD003966,,CUST01183,Mumbai,33.0,USB-C Fast Charger,Electronics,1,1065.52,12.1,UPI,Delivered,5.0
ORD003967,2026-12-02,CUST01161,Lucknow,35.0,Gym Gloves,Sports & Fitness,3,490.31,17.5,Debit Card,Delivered,4.0
ORD003968,2026-10-05,CUST00822,Chandigarh,27.0,Saree,Fashion,2,2197.73,12.7,Cash on Delivery,Delivered,5.0
ORD003969,,CUST00799,Kochi,33.0,Gym Gloves,Sports & Fitness,2,478.73,15.6,UPI,Delivered,3.9
ORD003970,,CUST01120,Pune,28.0,Backpack,Fashion,2,1326.94,12.5,Credit Card,Delivered,4.2
ORD003971,2026-10-02,CUST00685,Chandigarh,35.0,USB-C Fast Charger,Electronics,2,948.14,4.6,UPI,Delivered,5.0
ORD003972,,CUST00548,Surat,42.0,Non-Stick Fry Pan,Home & Kitchen,1,1292.09,14.0,UPI,Delivered,3.8
ORD003973,2026-07-01,CUST00437,Chennai,20.0,Mechanical Keyboard,Electronics,2,2933.17,12.4,UPI,Cancelled,
ORD003974,,CUST01438,Unknown,28.0,Shampoo,Beauty,3,546.83,10.1,UPI,Delivered,4.5
ORD003975,2025-12-10,CUST00973,Pune,31.0,Green Tea 100 Bags,Grocery,1,379.19,12.7,Cash on Delivery,Delivered,3.4
ORD003976,,CUST01508,Mysuru,36.0,Backpack,Fashion,2,1250.61,0.0,Cash on Delivery,Returned,3.2
ORD003977,2026-10-03,CUST01373,Delhi,26.0,Lipstick,Beauty,2,586.46,6.9,UPI,Delivered,5.0
ORD003978,,CUST01015,Mumbai,36.0,Wireless Earbuds,Electronics,2,2615.3,16.3,UPI,Delivered,4.3
ORD003979,2026-09-06,CUST00023,Kolkata,,Shampoo,Beauty,2,547.28,15.4,Cash on Delivery,Delivered,4.5
ORD003980,,CUST01780,Mumbai,27.0,Atomic Habits,Books,2,628.82,5.7,UPI,Delivered,2.8
ORD003981,,CUST00351,Mumbai,24.0,Python Programming,Books,3,757.16,2.3,UPI,Delivered,3.9
ORD003982,,CUST01760,Hyderabad,33.0,LED Desk Lamp,Home & Kitchen,1,1023.96,12.7,UPI,Delivered,4.3
ORD003983,2025-06-11,CUST01162,Hyderabad,29.0,Electric Kettle,Home & Kitchen,2,1514.63,12.4,Debit Card,Delivered,4.9
ORD003984,2025-02-11,CUST00738,Chandigarh,18.0,LED Desk Lamp,Home & Kitchen,1,984.26,14.9,UPI,Delivered,4.0
ORD003985,2026-10-06,CUST01955,Mumbai,36.0,Coffee 500g,Grocery,1,435.58,11.6,UPI,Delivered,4.2
ORD003986,2026-05-08,CUST00593,Mumbai,28.0,Mixer Grinder,Home & Kitchen,1,3583.12,10.5,UPI,Delivered,3.5
ORD003987,,CUST00928,Mysuru,35.0,Coffee 500g,Grocery,1,397.05,6.6,Credit Card,Delivered,3.8
ORD003988,2025-03-12,CUST00130,Mysuru,29.0,Football,Sports & Fitness,1,873.69,2.6,UPI,Delivered,2.7
ORD003989,,CUST00204,Hyderabad,23.0,Green Tea 100 Bags,Grocery,3,346.26,8.1,UPI,Delivered,4.1
ORD003990,2026-06-06,CUST00256,Kochi,21.0,Rich Dad Poor Dad,Books,1,475.45,12.0,Credit Card,Delivered,3.0
ORD003991,2026-08-05,CUST01306,Ahmedabad,28.0,Bedsheet Set,Home & Kitchen,3,1676.44,7.0,UPI,Delivered,4.0
ORD003992,,CUST01447,Lucknow,37.0,Laptop Backpack,Electronics,2,1729.51,9.9,Net Banking,Delivered,3.7
ORD003993,2026-08-02,CUST01758,Mumbai,32.0,Smartwatch,Electronics,2,3529.33,15.5,UPI,Delivered,3.4
ORD003994,,CUST00659,Delhi,27.0,Electric Kettle,Home & Kitchen,2,1616.83,9.2,UPI,Delivered,3.6
ORD003995,2025-08-10,CUST01007,Mumbai,18.0,Protein Oats 1kg,Grocery,2,399.01,11.7,Credit Card,Delivered,3.5
ORD003996,2026-01-07,CUST01056,Kolkata,32.0,,Beauty,1,373.16,4.8,Net Banking,Delivered,3.9
ORD003997,,CUST00823,Bengaluru,27.0,Storage Container Set,Home & Kitchen,3,946.86,5.6,UPI,Delivered,4.1
ORD003998,,CUST00325,Bengaluru,40.0,Women's Kurti,Fashion,2,1030.37,8.8,Cash on Delivery,Delivered,4.4
ORD003999,2025-01-11,CUST01470,Jaipur,26.0,Cricket Bat,Sports & Fitness,2,2271.86,10.1,Credit Card,Delivered,3.4
ORD004000,,CUST00657,Kolkata,36.0,Sunscreen SPF 50,Beauty,1,711.55,5.8,Credit Card,Delivered,4.8
ORD004001,2026-04-05,CUST00924,Mangaluru,,USB-C Fast Charger,Electronics,1,954.33,11.2,UPI,Delivered,4.0
ORD004002,,CUST00194,Ahmedabad,22.0,Python Programming,Books,1,702.88,4.0,Credit Card,Delivered,3.8
ORD004003,,CUST00608,Kolkata,33.0,Dumbbell Set 10kg,Sports & Fitness,1,1898.73,16.3,Credit Card,Delivered,3.8
ORD004004,2025-12-12,CUST01378,Jaipur,26.0,Python Programming,Books,1,719.2,10.1,Debit Card,Delivered,5.0
ORD004005,2026-01-04,CUST01241,Hyderabad,29.0,Hair Serum,Beauty,2,495.73,6.2,Credit Card,Delivered,
ORD004006,,CUST00227,Kolkata,29.0,Storage Container Set,Home & Kitchen,2,879.02,6.9,Cash on Delivery,Pending,
ORD004007,,CUST01002,Mumbai,33.0,Cooking Oil 5L,Grocery,1,808.71,7.6,UPI,Delivered,3.2
ORD004008,,CUST01177,Lucknow,40.0,Almonds 500g,Grocery,2,509.88,1.2,Net Banking,Delivered,3.6
ORD004009,,CUST00312,Mangaluru,31.0,Power Bank 20000mAh,Electronics,1,1543.91,3.3,UPI,Cancelled,
ORD004010,,CUST01708,Mangaluru,29.0,Electric Kettle,Home & Kitchen,1,1566.69,2.7,UPI,Delivered,2.4
ORD004011,,CUST00695,Mumbai,35.0,Green Tea 100 Bags,Grocery,3,361.57,7.2,UPI,Delivered,4.4
ORD004012,,CUST01265,Hyderabad,38.0,USB-C Fast Charger,Electronics,2,1052.2,2.6,Net Banking,Delivered,4.3
ORD004013,2025-08-09,CUST00697,Chandigarh,30.0,Power Bank 20000mAh,Electronics,2,1384.64,10.4,Wallet,Delivered,3.5
ORD004014,2025-05-10,CUST00925,Chandigarh,43.0,Rich Dad Poor Dad,Books,1,429.54,9.7,Cash on Delivery,Delivered,3.4
ORD004015,2026-08-04,CUST01155,Hyderabad,25.0,Gym Gloves,Sports & Fitness,3,500.25,6.9,Credit Card,Pending,
ORD004016,,CUST00627,Jaipur,32.0,Machine Learning Basics,Books,2,898.97,8.0,Credit Card,Delivered,3.5
ORD004017,2025-02-11,CUST00535,Jaipur,40.0,Bedsheet Set,Home & Kitchen,3,1657.74,1.3,Cash on Delivery,Delivered,4.5
ORD004018,2026-11-01,CUST01709,Lucknow,28.0,Rich Dad Poor Dad,Books,1,495.89,9.6,UPI,Delivered,3.8
ORD004019,,CUST00935,Lucknow,31.0,Storage Container Set,Home & Kitchen,3,860.3,7.3,Debit Card,Delivered,4.4
ORD004020,,CUST01559,Lucknow,42.0,Green Tea 100 Bags,Grocery,2,349.93,11.9,Debit Card,Delivered,4.6
ORD004021,2026-06-08,CUST00025,Mumbai,28.0,Gym Gloves,Sports & Fitness,2,516.38,4.1,UPI,Returned,
ORD004022,,CUST02036,Mysuru,32.0,Cooking Oil 5L,Grocery,2,786.08,10.8,UPI,Delivered,4.0
ORD004023,,CUST00329,Jaipur,31.0,Wireless Earbuds,Electronics,1,2362.82,14.4,UPI,Delivered,3.3
ORD004024,2026-04-05,CUST01963,Chennai,29.0,Shampoo,Beauty,2,575.79,12.8,UPI,Delivered,5.0
ORD004025,,CUST00499,Mysuru,41.0,Smartwatch,Electronics,1,3261.07,16.0,UPI,Delivered,3.3
ORD004026,2026-03-03,CUST01681,Delhi,28.0,Basmati Rice 5kg,Grocery,3,770.25,11.0,Debit Card,Delivered,2.5
ORD004027,2026-04-03,CUST00181,Hyderabad,32.0,Basmati Rice 5kg,Grocery,2,771.53,5.8,UPI,Delivered,4.7
ORD004028,,CUST00732,Kochi,35.0,Wireless Earbuds,Electronics,2,2454.89,9.0,Debit Card,Delivered,4.0
ORD004029,2026-01-05,CUST01590,Bengaluru,23.0,Power Bank 20000mAh,Electronics,2,1549.0,10.8,UPI,Delivered,4.7
ORD004030,,CUST00319,Delhi,31.0,Yoga Mat,Sports & Fitness,2,816.81,4.6,UPI,Delivered,3.7
ORD004031,2026-05-06,CUST00563,Surat,31.0,Atomic Habits,Books,1,567.28,12.3,Wallet,Delivered,5.0
ORD004032,,CUST00371,Lucknow,29.0,LED Desk Lamp,Home & Kitchen,1,1010.98,16.0,UPI,Delivered,3.6
ORD004033,2025-02-10,CUST00169,Jaipur,33.0,Water Bottle,Home & Kitchen,2,684.93,9.9,UPI,Delivered,4.3
ORD004034,2025-01-12,CUST00248,Chennai,57.0,Backpack,Fashion,2,1343.14,12.3,Net Banking,Delivered,4.5
ORD004035,,CUST01242,Lucknow,20.0,Running Shoes,Fashion,3,2430.16,19.8,Credit Card,Delivered,5.0
ORD004036,2026-03-08,CUST00047,Hyderabad,33.0,Cooking Oil 5L,Grocery,1,741.71,10.0,Credit Card,Delivered,5.0
ORD004037,,CUST00047,Hyderabad,33.0,Machine Learning Basics,Books,1,968.54,5.9,Cash on Delivery,Delivered,3.1
ORD004038,,CUST01183,Mumbai,33.0,Basmati Rice 5kg,Grocery,3,713.3,0.0,UPI,Delivered,
ORD004039,,CUST00255,Hyderabad,30.0,Basmati Rice 5kg,Grocery,3,762.12,7.2,Debit Card,Returned,3.7
ORD004040,2026-08-01,CUST01919,Mysuru,23.0,Cooking Oil 5L,Grocery,3,772.57,15.6,UPI,Cancelled,
ORD004041,2026-04-05,CUST00302,Ahmedabad,24.0,Data Structures,Books,1,758.25,9.3,UPI,Cancelled,
ORD004042,2025-04-12,CUST01979,Delhi,39.0,Hair Serum,Beauty,1,510.83,11.7,UPI,Delivered,4.7
ORD004043,2025-07-12,CUST00157,Hyderabad,27.0,Machine Learning Basics,Books,1,950.43,5.4,Debit Card,Delivered,5.0
ORD004044,2026-01-02,CUST01236,Chennai,41.0,Electric Kettle,Home & Kitchen,1,1602.33,10.2,Debit Card,Delivered,4.3
ORD004045,,CUST00487,Lucknow,27.0,Basmati Rice 5kg,Grocery,2,736.49,2.8,UPI,Delivered,4.6
ORD004046,,CUST01697,Jaipur,32.0,Skipping Rope,Sports & Fitness,2,282.68,16.0,Net Banking,Delivered,4.3
ORD004047,2026-02-06,CUST00957,Delhi,24.0,Coffee 500g,Grocery,1,421.84,14.1,Wallet,Delivered,2.9
ORD004048,,CUST00219,Hyderabad,28.0,Backpack,Fashion,1,1285.45,11.8,UPI,Delivered,4.5
ORD004049,2026-04-01,CUST00002,Lucknow,42.0,Non-Stick Fry Pan,Home & Kitchen,1,1242.17,13.9,UPI,Delivered,3.7
ORD004050,,CUST00423,Kochi,20.0,Cotton T-Shirt,Fashion,1,708.22,11.7,UPI,Delivered,4.1
ORD004051,2025-04-12,CUST01035,Mumbai,22.0,Cushion Set,Home & Kitchen,3,842.19,3.3,UPI,Cancelled,
ORD004052,2026-06-03,CUST01853,Lucknow,35.0,Backpack,Fashion,3,1275.31,9.3,Credit Card,Delivered,4.2
ORD004053,,CUST00796,Kolkata,18.0,Football,Sports & Fitness,3,884.14,10.4,Credit Card,Delivered,4.0
ORD004054,,CUST00765,Mysuru,26.0,Atomic Habits,Books,1,601.98,11.1,UPI,Delivered,5.0
ORD004055,2026-06-04,CUST01211,Pune,30.0,Coffee 500g,Grocery,4,413.64,12.3,Cash on Delivery,Delivered,3.2
ORD004056,2026-01-04,CUST00548,Surat,42.0,Wireless Earbuds,Electronics,1,2606.1,7.1,UPI,Delivered,3.5
ORD004057,,CUST00697,Chandigarh,30.0,Wireless Earbuds,Electronics,1,2330.56,11.4,Credit Card,Delivered,3.9
ORD004058,,CUST01772,Lucknow,37.0,Shampoo,Beauty,1,530.99,11.5,Credit Card,Returned,2.8
ORD004059,,CUST01332,Kochi,38.0,Basmati Rice 5kg,Grocery,1,785.55,14.6,Credit Card,Delivered,4.3
ORD004060,,CUST00868,Delhi,54.0,Coffee 500g,Grocery,2,426.41,10.3,UPI,Delivered,5.0
ORD004061,,CUST01588,Mumbai,25.0,Dumbbell Set 10kg,Sports & Fitness,1,2201.99,6.8,UPI,Returned,2.1
ORD004062,,CUST01069,Mumbai,28.0,Cushion Set,Home & Kitchen,1,771.05,7.2,Debit Card,Delivered,4.3
ORD004063,2026-09-03,CUST01441,Chennai,35.0,Mechanical Keyboard,Electronics,1,2774.88,12.4,UPI,Delivered,4.4
ORD004064,2026-01-05,CUST01760,Hyderabad,33.0,Indian History,Books,1,551.0,10.0,UPI,Delivered,3.5
ORD004065,2026-01-04,CUST01410,Chandigarh,,Machine Learning Basics,Books,3,854.03,7.6,UPI,Delivered,3.0
ORD004066,,CUST02036,Mysuru,32.0,Hair Serum,Beauty,2,480.19,11.7,Debit Card,Delivered,5.0
ORD004067,,CUST01225,Chandigarh,30.0,Backpack,Fashion,1,1259.86,8.7,Credit Card,Delivered,2.3
ORD004068,,CUST00368,,23.0,Hair Serum,Beauty,1,474.91,15.7,Wallet,Delivered,3.9
ORD004069,,CUST01871,Bengaluru,28.0,Women's Kurti,Fashion,2,1093.28,6.7,Credit Card,Delivered,3.5
ORD004070,2025-02-12,CUST00670,Hyderabad,33.0,Sports Track Pants,Fashion,1,1397.11,9.2,UPI,Cancelled,
ORD004071,2025-10-10,CUST02036,Mysuru,32.0,USB-C Fast Charger,Electronics,2,1026.78,9.6,UPI,Delivered,2.8
ORD004072,,CUST00812,Mumbai,27.0,Electric Kettle,Home & Kitchen,2,1724.31,4.9,UPI,Delivered,3.5
ORD004073,,CUST00905,Chennai,22.0,Bluetooth Speaker,Electronics,2,1885.97,9.0,UPI,Delivered,4.0
ORD004074,2026-12-01,CUST01186,Bengaluru,29.0,Cotton T-Shirt,Fashion,1,666.53,8.9,Net Banking,Pending,
ORD004075,2026-02-01,CUST00877,Jaipur,26.0,Organic Honey 500g,Grocery,2,434.91,7.6,UPI,Delivered,4.8
ORD004076,2026-12-03,CUST00559,Ahmedabad,55.0,Perfume,Beauty,2,1238.92,9.3,Net Banking,Delivered,4.4
ORD004077,2025-07-09,CUST00329,Jaipur,31.0,Smartwatch,Electronics,1,3463.95,2.9,Debit Card,Delivered,4.4
ORD004078,2025-04-10,CUST01814,Surat,23.0,Electric Kettle,Home & Kitchen,1,1507.64,11.6,UPI,Delivered,
ORD004079,2026-07-08,CUST00083,Bengaluru,41.0,Dumbbell Set 10kg,Sports & Fitness,1,2026.85,5.7,UPI,Delivered,5.0
ORD004080,,CUST00650,Mangaluru,31.0,Yoga Mat,Sports & Fitness,1,823.28,11.2,UPI,Delivered,3.3
ORD004081,2025-10-09,CUST00760,Kochi,33.0,Data Structures,Books,1,756.63,15.9,UPI,Cancelled,
ORD004082,,CUST01928,Chandigarh,,Hair Serum,Beauty,4,518.09,9.6,Credit Card,Delivered,2.7
ORD004083,,CUST00216,Hyderabad,35.0,SQL for Beginners,Books,2,636.22,15.2,UPI,Delivered,5.0
ORD004084,2026-05-06,CUST01243,Hyderabad,29.0,Saree,Fashion,2,2094.41,8.8,Debit Card,Delivered,4.7
ORD004085,2025-06-12,CUST01194,Mysuru,28.0,Face Wash,Beauty,2,398.34,5.1,UPI,Delivered,5.0
ORD004086,2025-02-11,CUST00391,Chennai,18.0,Water Bottle,Home & Kitchen,3,698.03,5.7,UPI,Delivered,5.0
ORD004087,2026-07-03,CUST01299,Mysuru,22.0,Bluetooth Speaker,Electronics,1,1812.78,7.0,Credit Card,Delivered,3.3
ORD004088,,CUST00056,Ahmedabad,20.0,Organic Honey 500g,Grocery,1,414.63,11.5,UPI,Delivered,3.4
ORD004089,,CUST01181,Bengaluru,27.0,Bluetooth Speaker,Electronics,2,1861.97,11.8,Wallet,Delivered,4.7
ORD004090,,CUST01608,Chandigarh,28.0,Bedsheet Set,Home & Kitchen,3,1667.16,21.4,Net Banking,Delivered,5.0
ORD004091,,CUST02036,Mysuru,32.0,Cricket Bat,Sports & Fitness,2,2343.24,9.5,Net Banking,Delivered,4.6
ORD004092,2026-02-05,CUST00588,Jaipur,37.0,Wireless Earbuds,Electronics,1,2382.75,14.8,Cash on Delivery,Delivered,3.8
ORD004093,2026-01-01,CUST01212,Jaipur,21.0,Power Bank 20000mAh,Electronics,1,1491.48,16.4,UPI,Delivered,4.8
ORD004094,,CUST02045,Kolkata,35.0,Backpack,Fashion,3,1252.8,10.2,UPI,Delivered,4.2
ORD004095,,CUST00945,Mysuru,44.0,Water Bottle,Home & Kitchen,2,702.08,4.2,Credit Card,Delivered,3.5
ORD004096,,CUST02036,Mysuru,32.0,Sports Track Pants,Fashion,3,1255.41,13.2,Debit Card,Delivered,
ORD004097,,CUST00198,Pune,29.0,Atomic Habits,Books,3,616.62,5.7,Credit Card,Returned,
ORD004098,2026-08-08,CUST00263,Kochi,29.0,Running Shoes,Fashion,3,2414.51,8.0,Net Banking,Returned,4.2
ORD004099,,CUST00272, Bengaluru ,34.0,Wireless Earbuds,Unknown,1,2534.15,5.8,Debit Card,Delivered,3.5
ORD004100,,CUST00047,Hyderabad,,Resistance Bands,Sports & Fitness,1,581.28,10.1,Credit Card,Delivered,3.1
ORD004101,,CUST01772,Lucknow,37.0,Body Lotion,Beauty,1,437.0,5.7,UPI,Delivered,3.8
ORD004102,2025-08-10,CUST01897,Mysuru,32.0,Bluetooth Speaker,Electronics,2,1737.07,10.7,Cash on Delivery,Delivered,3.1
ORD004103,,CUST00256,Kochi,21.0,Almonds 500g,Grocery,2,477.56,18.1,UPI,Delivered,4.5
ORD004104,,CUST00017,Pune,40.0,Power Bank 20000mAh,Electronics,2,1500.25,7.9,UPI,Delivered,5.0
ORD004105,2025-02-10,CUST00893,Delhi,31.0,Wireless Earbuds,Electronics,2,2574.36,8.1,UPI,Delivered,3.2
ORD004106,,CUST00393,Chandigarh,21.0,Shampoo,Beauty,2,538.01,6.3,UPI,Delivered,4.5
ORD004107,,CUST01305,Kolkata,27.0,Football,Sports & Fitness,2,885.78,12.5,UPI,Delivered,4.6
ORD004108,,CUST00685,Chandigarh,35.0,Mixer Grinder,Home & Kitchen,1,3687.64,1.1,Cash on Delivery,Delivered,4.5
ORD004109,2026-01-08,CUST01389,Lucknow,29.0,Football,Sports & Fitness,1,902.92,14.9,UPI,Delivered,3.8
ORD004110,2025-11-10,CUST01990,Hyderabad,39.0,Hair Serum,Beauty,2,498.27,18.0,Credit Card,Delivered,3.9
ORD004111,2025-06-11,CUST00721,Surat,,USB-C Fast Charger,Electronics,1,997.68,10.2,Debit Card,Delivered,2.6
ORD004112,2026-05-04,CUST01619,Chandigarh,37.0,Yoga Mat,Sports & Fitness,2,809.14,6.8,UPI,Delivered,4.7
ORD004113,,CUST01656,Bengaluru,18.0,Water Bottle,Home & Kitchen,1,734.72,10.1,UPI,Delivered,3.6
ORD004114,,CUST01704,Ahmedabad,27.0,Cricket Bat,Sports & Fitness,1,2388.32,12.4,Wallet,Delivered,3.9
ORD004115,,CUST00871,DELHI,43.0,Dumbbell Set 10kg,Sports & Fitness,2,2084.65,9.7,Debit Card,Delivered,3.9
ORD004116,2026-01-08,CUST01238,Chennai,18.0,Water Bottle,Home & Kitchen,1,704.57,19.1,UPI,Delivered,4.1
ORD004117,,CUST01236,Chennai,41.0,Cooking Oil 5L,Grocery,5,802.32,11.4,UPI,Delivered,3.7
ORD004118,2026-08-07,CUST00802,Kochi,33.0,Storage Container Set,Home & Kitchen,3,911.11,16.1,UPI,Delivered,4.3
ORD004119,2026-10-07,CUST00428,Mumbai,32.0,Yoga Mat,Sports & Fitness,3,789.13,12.4,UPI,Returned,2.6
ORD004120,2026-05-05,CUST01499,Chennai,48.0,Organic Honey 500g,Grocery,3,431.09,9.1,UPI,Cancelled,
ORD004121,,CUST00455,Kolkata,22.0,Electric Kettle,Home & Kitchen,3,1485.09,7.4,UPI,Pending,
ORD004122,2026-10-08,CUST00269,Bengaluru,35.0,Yoga Mat,Sports & Fitness,3,838.57,7.5,Cash on Delivery,Delivered,
ORD004123,,CUST01532,Mysuru,,Cotton T-Shirt,Fashion,1,655.25,3.4,UPI,Delivered,3.2
ORD004124,,CUST00040,Ahmedabad,40.0,Denim Jeans,Fashion,1,1767.74,10.7,Cash on Delivery,Returned,2.3
ORD004125,,CUST01449,Surat,38.0,Water Bottle,Home & Kitchen,1,708.89,13.3,UPI,Delivered,
ORD004126,2026-05-08,CUST00453,Kochi,35.0,Women's Kurti,Fashion,3,941.04,10.2,Credit Card,Delivered,4.4
ORD004127,,CUST00423,Kochi,20.0,Cooking Oil 5L,Grocery,1,844.37,8.5,UPI,Delivered,
ORD004128,,CUST00813,Bengaluru,26.0,Cooking Oil 5L,Grocery,2,797.92,7.8,Debit Card,Delivered,4.2
ORD004129,2026-12-01,CUST00386,Pune,26.0,Non-Stick Fry Pan,Home & Kitchen,3,1332.35,10.9,Cash on Delivery,Delivered,5.0
ORD004130,,CUST02020,Mumbai,38.0,Laptop Backpack,Electronics,1,1846.24,11.8,Net Banking,Delivered,
ORD004131,,CUST01801,Delhi,39.0,Bluetooth Speaker,Electronics,2,1834.75,23.8,UPI,Delivered,2.7
ORD004132,2026-06-08,CUST00760,Kochi,33.0,Competitive Aptitude,Books,1,469.37,10.3,Wallet,Delivered,
ORD004133,,CUST00235,Chandigarh,27.0,Yoga Mat,Sports & Fitness,1,807.65,15.4,Cash on Delivery,Delivered,
ORD004134,,CUST00886,Delhi,18.0,Running Shoes,Fashion,3,2589.87,16.1,UPI,Delivered,
ORD004135,,CUST00917,Kochi,24.0,Bedsheet Set,Home & Kitchen,1,1662.4,9.4,UPI,Delivered,3.7
ORD004136,,CUST00008,Jaipur,36.0,Running Shoes,Fashion,1,2521.63,15.7,UPI,Delivered,4.1
ORD004137,2026-12-01,CUST01751,Mumbai,40.0,Resistance Bands,Sports & Fitness,1,615.97,10.7,UPI,Delivered,
ORD004138,,CUST01351,Kolkata,36.0,Moisturizer,Beauty,1,617.21,13.7,Credit Card,Delivered,4.3
ORD004139,,CUST01619,Chandigarh,37.0,Basmati Rice 5kg,Grocery,2,715.39,10.0,Debit Card,Delivered,5.0
ORD004140,,CUST01928,Chandigarh,25.0,Wireless Earbuds,Electronics,1,2413.08,16.0,Cash on Delivery,Cancelled,
ORD004141,,CUST00670,Hyderabad,33.0,Women's Kurti,Fashion,1,1018.6,9.8,UPI,Delivered,3.8
ORD004142,,CUST00021,Hyderabad,26.0,Men's Casual Shirt,Fashion,3,1221.82,8.7,UPI,Pending,
ORD004143,,CUST00002,Lucknow,42.0,Organic Honey 500g,Grocery,2,424.11,13.4,UPI,Delivered,4.1
ORD004144,,CUST00788,Mumbai,18.0,Cooking Oil 5L,Grocery,1,837.6,5.2,Debit Card,Delivered,3.2
ORD004145,2026-05-04,CUST01760,Hyderabad,33.0,Backpack,Fashion,1,1293.19,5.9,UPI,Delivered,4.2
ORD004146,,CUST01753,Kolkata,31.0,Shampoo,Beauty,1,539.29,4.9,Net Banking,Pending,
ORD004147,,CUST00197,Chennai,26.0,Data Structures,Books,1,780.28,14.2,Debit Card,Delivered,4.7
ORD004148,,CUST01540,,18.0,Water Bottle,Home & Kitchen,2,667.35,9.8,UPI,Delivered,3.9
ORD004149,,CUST00951,Bengaluru,37.0,Competitive Aptitude,Books,1,485.9,6.6,UPI,Delivered,4.7
ORD004150,,CUST01253,Pune,35.0,Rich Dad Poor Dad,Books,1,537.28,12.7,Debit Card,Delivered,
ORD004151,,CUST01765,Chandigarh,18.0,Backpack,Fashion,2,1243.67,13.4,UPI,Delivered,4.1
ORD004152,,CUST01406,Delhi,28.0,1080p Webcam,Electronics,1,2319.13,15.4,Credit Card,Delivered,4.0
ORD004153,2026-08-05,CUST02007,Chennai,28.0,LED Desk Lamp,Home & Kitchen,1,958.27,9.0,UPI,Delivered,
ORD004154,,CUST00223,Pune,33.0,Competitive Aptitude,Books,4,450.56,9.4,Debit Card,Delivered,4.4
ORD004155,,CUST01236,Chennai,41.0,Data Structures,Books,2,774.85,12.3,UPI,Delivered,3.8
ORD004156,2025-01-10,CUST00167,Lucknow,26.0,1080p Webcam,Electronics,2,2387.83,13.2,Net Banking,Delivered,3.5
ORD004157,,CUST01569,Mumbai,25.0,Dumbbell Set 10kg,Sports & Fitness,2,2092.87,8.5,Credit Card,Delivered,4.6
ORD004158,,CUST01236,Chennai,41.0,Rich Dad Poor Dad,Books,1,496.58,15.2,Cash on Delivery,Delivered,3.9
ORD004159,,CUST01118,Kochi,51.0,Running Shoes,Fashion,2,2506.56,11.2,Credit Card,Delivered,4.2
ORD004160,,CUST02046,Kolkata,20.0,Power Bank 20000mAh,Electronics,1,1409.33,10.3,UPI,Delivered,4.0
ORD004161,,CUST00908,Lucknow,33.0,Dry Fruits Mix 500g,Grocery,3,602.46,6.1,Cash on Delivery,Delivered,5.0
ORD004162,2025-06-12,CUST01405,Pune,21.0,Saree,Fashion,2,2199.35,7.9,Cash on Delivery,Delivered,3.8
ORD004163,2025-06-10,CUST00280,Pune,27.0,Coffee 500g,Grocery,3,409.68,6.0,Credit Card,Delivered,3.9
ORD004164,,CUST00907,Jaipur,35.0,Protein Oats 1kg,Grocery,2,408.66,7.2,Debit Card,Delivered,
ORD004165,2026-02-02,CUST00764,Kolkata,34.0,Electric Kettle,Home & Kitchen,2,1546.66,3.7,UPI,Delivered,
ORD004166,2025-07-09,CUST01868,Ahmedabad,25.0,Basmati Rice 5kg,Grocery,2,747.21,7.4,Credit Card,Delivered,4.0
ORD004167,,CUST00016,Surat,42.0,LED Desk Lamp,Home & Kitchen,1,970.56,18.4,UPI,Delivered,4.1
ORD004168,2026-08-06,CUST00611,ahmedabad,18.0,Bedsheet Set,Home & Kitchen,1,1770.96,13.4,UPI,Delivered,3.4
ORD004169,2026-10-07,CUST00065,Mumbai,38.0,USB-C Fast Charger,Electronics,2,1090.97,10.5,Credit Card,Delivered,3.5
ORD004170,2026-06-06,CUST01239,Pune,18.0,Bluetooth Speaker,Electronics,2,1720.62,18.2,UPI,Delivered,3.8
ORD004171,,CUST00553,Kolkata,33.0,Almonds 500g,Grocery,2,517.15,10.9,Credit Card,Delivered,3.1
ORD004172,,CUST02046,Kolkata,20.0,Bluetooth Speaker,Electronics,1,1764.79,10.1,UPI,Pending,
ORD004173,2026-02-02,CUST01737,Mumbai,46.0,Shampoo,Beauty,1,526.53,8.6,UPI,Delivered,4.6
ORD004174,2025-04-10,CUST01226,Chandigarh,25.0,Men's Casual Shirt,Fashion,3,1209.55,8.1,Credit Card,Delivered,3.8
ORD004175,,CUST00231,,26.0,Water Bottle,Home & Kitchen,2,692.79,11.1,Credit Card,Delivered,4.6
ORD004176,,CUST00802,Kochi,33.0,Python Programming,Books,2,689.03,5.3,Cash on Delivery,Delivered,4.7
ORD004177,2026-10-01,CUST01433,Delhi,22.0,Face Wash,Beauty,1,390.48,5.6,UPI,Delivered,5.0
ORD004178,,CUST00084,Hyderabad,23.0,Cooking Oil 5L,Grocery,3,779.03,4.8,UPI,Delivered,3.6
ORD004179,,CUST02041,Pune,32.0,Gym Gloves,Sports & Fitness,1,530.74,5.9,UPI,Delivered,4.5
ORD004180,,CUST01607,Ahmedabad,35.0,Mechanical Keyboard,Electronics,2,2875.56,9.1,Debit Card,Delivered,3.2
ORD004181,,CUST01834,Kolkata,26.0,Coffee 500g,Grocery,3,434.72,17.8,UPI,Delivered,5.0
ORD004182,2026-12-04,CUST00029,Pune,18.0,Storage Container Set,Home & Kitchen,2,853.66,3.3,Cash on Delivery,Delivered,3.6
ORD004183,,CUST00548,Surat,42.0,Basmati Rice 5kg,Grocery,1,735.04,7.6,Credit Card,Delivered,4.5
ORD004184,,CUST00223,Pune,33.0,Men's Casual Shirt,Fashion,2,1180.33,11.3,UPI,Delivered,4.2
ORD004185,2025-09-11,CUST00956,Bengaluru,33.0,Saree,Fashion,1,2294.15,8.4,Credit Card,Delivered,
ORD004186,2025-12-11,CUST01964,Kolkata,37.0,Laptop Backpack,Electronics,1,1843.35,12.8,Cash on Delivery,Delivered,3.9
ORD004187,2025-08-10,CUST00479,Surat,18.0,Sports Track Pants,Fashion,1,1272.52,17.6,UPI,Delivered,3.4
ORD004188,,CUST01803,Bengaluru,29.0,Machine Learning Basics,Books,4,911.65,9.8,Debit Card,Cancelled,
ORD004189,,CUST01648,,,Laptop Backpack,Electronics,2,1875.18,13.3,Wallet,Delivered,4.6
ORD004190,,CUST00701,Delhi,37.0,Mechanical Keyboard,Electronics,2,2804.72,9.6,Credit Card,Delivered,3.1
ORD004191,2026-01-04,CUST00456,Surat,29.0,Coffee 500g,Grocery,4,419.28,4.6,Net Banking,Delivered,4.0
ORD004192,,CUST01018,Pune,32.0,Cycling Helmet,Sports & Fitness,1,1531.71,2.4,Debit Card,Delivered,3.4
ORD004193,,CUST00912,Kochi,26.0,Men's Casual Shirt,Fashion,1,1185.11,9.0,UPI,Cancelled,
ORD004194,,CUST01695,Kolkata,40.0,Data Structures,Books,1,787.14,7.7,Credit Card,Delivered,3.8
ORD004195,,CUST00096,Mangaluru,33.0,Skipping Rope,Sports & Fitness,3,292.26,8.6,UPI,Delivered,2.8
ORD004196,,CUST01066,Pune,18.0,Power Bank 20000mAh,Electronics,2,1580.51,16.2,Credit Card,Delivered,3.0
ORD004197,,CUST01472,Mysuru,,Women's Kurti,Fashion,2,1029.22,15.7,UPI,Pending,
ORD004198,2026-03-02,CUST00412,Mysuru,30.0,Cooking Oil 5L,Grocery,1,762.53,8.0,UPI,Delivered,3.0
ORD004199,,CUST00194,Ahmedabad,22.0,Sports Track Pants,Fashion,1,1287.6,13.5,UPI,Pending,
ORD004200,,CUST01370,Bengaluru,20.0,Shampoo,Beauty,2,554.95,18.2,Credit Card,Delivered,4.2
ORD004201,,CUST00117,Mysuru,19.0,Cotton T-Shirt,Fashion,2,627.43,11.1,Credit Card,Pending,
ORD004202,,CUST00712,Pune,28.0,Bluetooth Speaker,Electronics,1,1741.86,10.1,Credit Card,Delivered,4.8
ORD004203,2025-02-12,CUST01479,Hyderabad,30.0,Water Bottle,Home & Kitchen,2,722.23,4.6,Debit Card,Cancelled,
ORD004204,2026-12-08,CUST00407,Chennai,,Protein Oats 1kg,Grocery,2,373.78,10.2,Debit Card,Delivered,4.4
ORD004205,,CUST00393,Chandigarh,21.0,Basmati Rice 5kg,Grocery,2,742.35,10.6,UPI,Delivered,3.7
ORD004206,,CUST01259,Ahmedabad,21.0,Laptop Backpack,Electronics,1,1888.42,7.2,UPI,Pending,
ORD004207,2025-08-10,CUST00035,Mysuru,27.0,Football,Sports & Fitness,1,890.7,11.2,Wallet,Delivered,3.2
ORD004208,,CUST00362,Delhi,35.0,Gym Gloves,Sports & Fitness,1,500.7,7.3,UPI,Delivered,4.4
ORD004209,2025-01-12,CUST00799,Kochi,33.0,Cooking Oil 5L,Grocery,1,785.28,2.3,Credit Card,Delivered,4.8
ORD004210,,CUST01119,Delhi,41.0,Denim Jeans,Fashion,1,1787.25,9.8,UPI,Delivered,3.8
ORD004211,,CUST01137,Surat,37.0,LED Desk Lamp,Home & Kitchen,2,935.67,12.1,UPI,Delivered,3.7
ORD004212,,CUST00844,Ahmedabad,28.0,Cushion Set,Home & Kitchen,2,772.38,10.0,UPI,Delivered,4.8
ORD004213,,CUST00645,Hyderabad,34.0,Cotton T-Shirt,Fashion,1,713.92,4.2,UPI,Delivered,3.7
ORD004214,2026-01-01,CUST00097,Hyderabad,34.0,Storage Container Set,Home & Kitchen,2,860.67,8.4,UPI,Delivered,4.8
ORD004215,2025-06-11,CUST01598,Mangaluru,42.0,Lipstick,Beauty,2,593.2,13.5,Debit Card,Pending,
ORD004216,,CUST01466,Pune,27.0,Smartwatch,Electronics,2,3141.07,4.1,Wallet,Delivered,4.2
ORD004217,2026-04-03,CUST01493,Mysuru,,USB-C Fast Charger,Electronics,2,964.98,8.2,UPI,Delivered,5.0
ORD004218,,CUST00820,Pune,18.0,Electric Kettle,Home & Kitchen,1,1591.58,7.9,Debit Card,Delivered,4.1
ORD004219,,CUST01493,Mysuru,43.0,Wireless Earbuds,Electronics,2,2460.41,5.7,UPI,Delivered,4.3
ORD004220,2026-02-03,CUST01632,Delhi,34.0,Dry Fruits Mix 500g,Grocery,2,600.87,8.9,UPI,Delivered,3.7
ORD004221,2026-04-07,CUST00414,Bengaluru,30.0,Denim Jeans,Fashion,1,1770.88,11.3,UPI,Delivered,4.3
ORD004222,2026-12-06,CUST00223,Pune,33.0,Gym Gloves,Sports & Fitness,1,506.49,5.3,UPI,Delivered,
ORD004223,2025-06-11,CUST01909,Delhi,31.0,Atomic Habits,Books,4,613.78,9.6,UPI,Delivered,5.0
ORD004224,,CUST00047,Hyderabad,33.0,Lipstick,Beauty,1,612.84,9.2,Credit Card,Delivered,4.6
ORD004225,,CUST01425,Kolkata,26.0,Body Lotion,Beauty,4,467.97,8.4,UPI,Delivered,3.8
ORD004226,,CUST00012,Chennai,37.0,Men's Casual Shirt,Fashion,3,1167.99,9.8,Credit Card,Delivered,3.4
ORD004227,2026-04-03,CUST00092,Chennai,30.0,Non-Stick Fry Pan,Home & Kitchen,1,1306.45,4.1,UPI,Delivered,4.3
ORD004228,2025-02-11,CUST01912,Chennai,35.0,Basmati Rice 5kg,Grocery,2,765.84,6.0,UPI,Delivered,4.4
ORD004229,2026-08-07,CUST01499,Chennai,48.0,Non-Stick Fry Pan,Home & Kitchen,1,1282.82,9.2,Credit Card,Delivered,3.6
ORD004230,2026-07-04,CUST01555,Chandigarh,34.0,Coffee 500g,Grocery,2,452.88,14.2,UPI,Delivered,3.7
ORD004231,2026-05-02,CUST01194,Mysuru,28.0,Face Wash,Beauty,2,391.1,0.3,Cash on Delivery,Delivered,3.6
ORD004232,2026-05-07,CUST00838,Delhi,36.0,Water Bottle,Home & Kitchen,3,720.01,1.7,Cash On Delivery,Delivered,3.4
ORD004233,2025-03-11,CUST00595,Hyderabad,33.0,Saree,Fashion,2,2228.62,9.7,UPI,Delivered,3.8
ORD004234,,CUST01703,Surat,30.0,Machine Learning Basics,Books,4,908.74,8.7,cash on delivery,Delivered,4.7
ORD004235,,CUST01732,Bengaluru,31.0,Cooking Oil 5L,Grocery,2,818.28,3.0,UPI,Delivered,4.2
ORD004236,2026-10-04,CUST02045,Kolkata,35.0,Saree,Fashion,1,1998.96,18.0,Credit Card,Delivered,4.7
ORD004237,,CUST01508,Mysuru,36.0,Cotton T-Shirt,Fashion,1,709.78,16.2,Debit Card,Delivered,4.7
ORD004238,,CUST01546,Hyderabad,25.0,Cotton T-Shirt,Fashion,1,667.06,6.3,UPI,Delivered,3.8
ORD004239,2025-09-11,CUST01210,Chandigarh,31.0,Non-Stick Fry Pan,Home & Kitchen,2,1261.08,12.8,Wallet,Delivered,5.0
ORD004240,,CUST00083,Bengaluru,41.0,Saree,Fashion,1,2310.05,13.8,Credit Card,Delivered,4.3
ORD004241,,CUST00525,Pune,22.0,Sports Track Pants,Fashion,2,1277.09,3.5,Credit Card,Delivered,4.2
ORD004242,2025-06-10,CUST00342,Delhi,38.0,Sports Track Pants,Fashion,2,1219.99,12.4,UPI,Delivered,4.1
ORD004243,2026-11-08,CUST00271,Hyderabad,31.0,SQL for Beginners,Books,2,662.41,17.1,UPI,Delivered,3.3
ORD004244,2025-02-12,CUST01001,Pune,21.0,Water Bottle,Home & Kitchen,1,732.82,9.8,UPI,Delivered,4.2
ORD004245,2025-10-12,CUST00547,Delhi,20.0,LED Desk Lamp,Home & Kitchen,1,1041.02,10.6,Cash on Delivery,Delivered,3.3
ORD004246,,CUST00023,Kolkata,32.0,Dry Fruits Mix 500g,Grocery,2,593.71,8.4,UPI,Delivered,4.7
ORD004247,,CUST01410,Chandigarh,22.0,,Grocery,2,509.67,5.9,UPI,Delivered,5.0
ORD004248,2026-11-05,CUST01048,Lucknow,44.0,Basmati Rice 5kg,Grocery,1,705.86,13.2,UPI,Delivered,3.8
ORD004249,,CUST00670,Hyderabad,33.0,Power Bank 20000mAh,Electronics,1,1446.51,5.8,Wallet,Delivered,3.7
ORD004250,,CUST01283,Jaipur,27.0,Bedsheet Set,Home & Kitchen,1,1712.15,10.3,Cash on Delivery,Delivered,4.2
ORD004251,,CUST01559,Lucknow,42.0,LED Desk Lamp,Home & Kitchen,1,923.58,5.0,UPI,Delivered,3.3
ORD004252,,CUST00937,Surat,31.0,Water Bottle,Home & Kitchen,2,652.4,5.1,Credit Card,Delivered,3.6
ORD004253,,CUST00229,Kolkata,33.0,Moisturizer,Beauty,2,642.82,9.2,Wallet,Delivered,
ORD004254,,CUST01854,Ahmedabad,20.0,Women's Kurti,Fashion,2,973.54,8.4,Cash on Delivery,Delivered,4.6
ORD004255,,CUST01002,Mumbai,,Men's Casual Shirt,Fashion,1,1191.47,12.1,Credit Card,Delivered,3.9
ORD004256,2025-11-09,CUST00662,Chandigarh,28.0,Power Bank 20000mAh,Electronics,1,1512.48,1.8,Cash on Delivery,Delivered,4.2
ORD004257,2026-04-08,CUST00945,Mysuru,44.0,Competitive Aptitude,Books,2,414.21,11.4,UPI,Delivered,2.7
ORD004258,,CUST01617,Delhi,39.0,Atomic Habits,Books,1,562.51,3.4,UPI,Delivered,4.3
ORD004259,2025-04-11,CUST01761,Mumbai,34.0,USB-C Fast Charger,Electronics,1,946.07,10.4,UPI,Delivered,3.5
ORD004260,2026-10-03,CUST01073,Chennai,35.0,Backpack,Fashion,1,1286.54,12.1,Cash on Delivery,Delivered,4.2
ORD004261,2025-06-12,CUST00342,Delhi,38.0,Backpack,Fashion,2,1338.46,14.5,Credit Card,Delivered,3.6
ORD004262,,CUST00727,Mangaluru,28.0,Backpack,Fashion,2,1234.0,14.7,Credit card ,Delivered,2.8
ORD004263,,CUST00872,Hyderabad,46.0,Smartwatch,Electronics,1,3271.46,9.5,UPI,Delivered,4.0
ORD004264,,CUST01835,Mumbai,23.0,Competitive Aptitude,Books,2,451.92,14.0,UPI,Delivered,2.4
ORD004265,2026-12-08,CUST00933,Delhi,36.0,Green Tea 100 Bags,Grocery,2,335.8,3.6,Credit Card,Delivered,
ORD004266,,CUST00677,Chandigarh,24.0,Cotton T-Shirt,Fashion,1,678.12,9.2,UPI,Delivered,
ORD004267,,CUST00035,Mysuru,27.0,Bedsheet Set,Home & Kitchen,2,1626.58,7.8,Net Banking,Delivered,3.7
ORD004268,2025-03-10,CUST01004,Delhi,22.0,Almonds 500g,Grocery,2,472.52,5.4,Cash on Delivery,Delivered,4.8
ORD004269,2026-06-07,CUST00448,Delhi,41.0,Moisturizer,Beauty,4,611.74,4.5,Net Banking,Delivered,4.7
ORD004270,,CUST01347,Lucknow,52.0,Denim Jeans,Fashion,2,1669.66,,UPI,Delivered,3.4
ORD004271,2026-06-07,CUST00561,Chennai,24.0,Cotton T-Shirt,Fashion,2,716.51,7.3,Net Banking,Delivered,2.9
ORD004272,,CUST01350,chennai,22.0,Shampoo,Beauty,2,548.14,15.9,Cash on Delivery,Delivered,4.4
ORD004273,,CUST01420,Chennai,37.0,Smartwatch,Electronics,1,3383.42,13.7,Cash on Delivery,Delivered,2.7
ORD004274,,CUST00224,Hyderabad,18.0,Denim Jeans,Fashion,1,1841.24,8.0,Credit Card,Returned,1.1
ORD004275,2026-11-07,CUST00486,Pune,36.0,Dry Fruits Mix 500g,Grocery,2,588.7,8.5,UPI,Delivered,4.4
ORD004276,,CUST01265,Hyderabad,38.0,1080p Webcam,Electronics,1,2355.58,6.9,UPI,Delivered,3.7
ORD004277,,CUST00566,Kochi,29.0,Cotton T-Shirt,Fashion,1,664.29,11.3,Net Banking,Delivered,4.1
ORD004278,,CUST01390,Bengaluru,27.0,Machine Learning Basics,Books,1,923.53,13.5,Debit Card,Delivered,3.8
ORD004279,,CUST00349,Delhi,18.0,Cooking Oil 5L,Grocery,2,800.06,10.9,UPI,Delivered,4.6
ORD004280,,CUST01780,Mumbai,27.0,Saree,Fashion,1,2207.58,8.9,UPI,Delivered,3.9
ORD004281,,CUST00194,Ahmedabad,22.0,Water Bottle,Home & Kitchen,1,706.43,2.4,Credit Card,Delivered,3.5
ORD004282,,CUST01629,Kolkata,41.0,USB-C Fast Charger,Electronics,2,995.85,6.9,UPI,Returned,
ORD004283,,CUST00868,Delhi,54.0,Women's Kurti,Fashion,1,1024.01,7.4,Credit Card,Delivered,
ORD004284,,CUST00093,Bengaluru,18.0,Cricket Bat,Sports & Fitness,2,2515.41,9.6,Net Banking,Cancelled,
ORD004285,,CUST01617,Delhi,39.0,Wireless Earbuds,Electronics,2,2649.97,1.6,UPI,Delivered,5.0
ORD004286,2025-08-11,CUST00594,Chennai,38.0,Bluetooth Speaker,Electronics,2,1740.96,15.6,UPI,Delivered,5.0
ORD004287,,CUST00349,Delhi,18.0,Cotton T-Shirt,Fashion,1,688.19,13.8,UPI,Cancelled,
ORD004288,2025-04-09,CUST01482,Kochi,38.0,Atomic Habits,Books,1,543.76,4.7,UPI,Cancelled,
ORD004289,2025-06-11,CUST00649,Pune,28.0,LED Desk Lamp,Home & Kitchen,2,972.9,14.7,Cash on Delivery,Delivered,4.2
ORD004290,,CUST01113,Surat,43.0,Almonds 500g,Grocery,1,503.84,7.7,Cash on Delivery,Cancelled,
ORD004291,,CUST00002,Lucknow,42.0,Laptop Backpack,Electronics,1,1912.38,6.4,UPI,Delivered,3.1
ORD004292,2025-06-11,CUST00882,Ahmedabad,39.0,Coffee 500g,Grocery,1,443.91,10.8,Debit Card,Delivered,5.0
ORD004293,2026-01-07,CUST01263,Surat,24.0,Wireless Earbuds,Electronics,1,2469.72,9.5,UPI,Delivered,5.0
ORD004294,,CUST01590,Bengaluru,23.0,Electric Kettle,Home & Kitchen,1,1634.9,10.7,Credit Card,Delivered,4.1
ORD004295,2025-04-12,CUST00525,Pune,22.0,Denim Jeans,Fashion,1,1853.92,7.7,Credit Card,Delivered,4.2
ORD004296,,CUST00947,Chennai,40.0,Men's Casual Shirt,Fashion,1,1173.72,11.1,Debit Card,Delivered,3.2
ORD004297,,CUST01031,Delhi,18.0,Python Programming,Books,2,715.82,12.4,Cash on Delivery,Delivered,4.8
ORD004298,,CUST01492,Kolkata,38.0,Dry Fruits Mix 500g,Grocery,3,614.25,11.5,UPI,Delivered,4.1
ORD004299,2026-01-03,CUST01963,Chennai,29.0,Bluetooth Speaker,Electronics,1,1787.32,4.6,Credit Card,Delivered,4.7
ORD004300,,CUST00742,Hyderabad,22.0,Storage Container Set,Home & Kitchen,2,911.7,10.1,Cash On Delivery,Delivered,5.0
ORD004301,,CUST00828,Lucknow,21.0,USB-C Fast Charger,Electronics,1,986.5,6.4,Debit Card,Delivered,4.8
ORD004302,2025-12-12,CUST00194,Ahmedabad,22.0,Storage Container Set,Home & Kitchen,2,960.45,8.7,Debit Card,Delivered,4.2
ORD004303,,CUST01307,Mumbai,19.0,Bluetooth Speaker,Electronics,1,1833.8,9.4,Credit Card,Delivered,4.3
ORD004304,,CUST01408,Delhi,37.0,Running Shoes,Fashion,1,2516.38,4.1,Debit Card,Cancelled,
ORD004305,,CUST01965,Jaipur,41.0,Organic Honey 500g,Grocery,2,405.65,7.0,Wallet,Delivered,2.1
ORD004306,2025-09-10,CUST00198,Pune,29.0,Atomic Habits,Books,3,636.23,12.5,Debit Card,Delivered,3.7
ORD004307,,CUST01201,Kolkata,28.0,Coffee 500g,Grocery,1,396.7,9.9,Credit Card,Delivered,5.0
ORD004308,2026-02-04,CUST02019,Delhi,29.0,Cotton T-Shirt,Fashion,1,722.96,17.0,Net Banking,Delivered,4.9
ORD004309,,CUST00898,Surat,28.0,Mixer Grinder,Home & Kitchen,3,3257.69,9.9,UPI,Delivered,3.1
ORD004310,,CUST01923,Jaipur,28.0,Python Programming,Books,1,703.63,8.2,UPI,Delivered,4.6
ORD004311,2025-02-11,CUST01840,Pune,25.0,,Sports & Fitness,1,2009.96,8.1,Cash on Delivery,Delivered,5.0
ORD004312,,CUST00543,Ahmedabad,32.0,Gym Gloves,Sports & Fitness,1,489.97,8.4,Wallet,Delivered,3.1
ORD004313,,CUST01963,Chennai,29.0,Women's Kurti,Fashion,2,985.62,10.7,Cash on Delivery,Delivered,4.4
ORD004314,,CUST01830,Chennai,23.0,Storage Container Set,Home & Kitchen,3,923.26,9.8,Credit Card,Delivered,4.5
ORD004315,2025-02-12,CUST01469,Mumbai,23.0,Water Bottle,Home & Kitchen,1,709.57,7.0,Debit Card,Delivered,3.8
ORD004316,,CUST01760,Hyderabad,33.0,Cotton T-Shirt,Fashion,1,698.67,16.0,UPI,Delivered,4.4
ORD004317,,CUST02038,Kolkata,38.0,Protein Oats 1kg,Grocery,1,391.18,8.1,Debit Card,Delivered,4.6
ORD004318,,CUST01760,Hyderabad,33.0,Cotton T-Shirt,Fashion,3,632.95,8.6,Debit Card,Delivered,3.8
ORD004319,2025-10-11,CUST01350,Chennai,22.0,Mechanical Keyboard,Electronics,1,2927.65,10.2,Credit Card,Delivered,3.4
ORD004320,,CUST00698,Chennai,25.0,Dry Fruits Mix 500g,Grocery,2,579.64,4.2,UPI,Cancelled,
ORD004321,2026-10-02,CUST01889,Mumbai,43.0,Coffee 500g,Grocery,3,463.75,12.9,UPI,Delivered,4.1
ORD004322,,CUST00823,Bengaluru,27.0,Lipstick,Beauty,1,607.2,17.5,UPI,Delivered,4.1
ORD004323,2025-07-11,CUST01245,Mumbai,32.0,Moisturizer,Beauty,4,682.55,9.5,Cash on Delivery,Delivered,
ORD004324,2026-05-07,CUST00106,Mumbai,18.0,Body Lotion,Beauty,1,472.85,13.6,UPI,Delivered,4.3
ORD004325,,CUST00118,Mysuru,34.0,Running Shoes,Fashion,2,2504.74,14.6,UPI,Delivered,3.6
ORD004326,,CUST00697,Chandigarh,30.0,Sunscreen SPF 50,Beauty,4,684.6,6.0,UPI,Returned,2.8
ORD004327,2025-06-10,CUST01405,Pune,21.0,Water Bottle,Home & Kitchen,1,714.43,3.1,Debit Card,Delivered,3.3
ORD004328,2025-06-10,CUST00666,Chennai,21.0,Non-Stick Fry Pan,Home & Kitchen,2,1270.87,8.8,UPI,Delivered,3.0
ORD004329,,CUST00056,Ahmedabad,20.0,Men's Casual Shirt,Fashion,1,1178.97,14.1,UPI,Delivered,4.5
ORD004330,,CUST00434,Mangaluru,27.0,Denim Jeans,Fashion,3,1800.46,12.5,UPI,Delivered,5.0
ORD004331,2025-09-11,CUST01812,Chennai,35.0,Women's Kurti,Fashion,1,1021.65,8.0,Debit Card,Delivered,2.8
ORD004332,,CUST01701,Kolkata,23.0,Water Bottle,Home & Kitchen,3,726.67,13.7,UPI,Delivered,4.7
ORD004333,,CUST00006,Kochi,25.0,Competitive Aptitude,Books,2,456.31,0.8,UPI,Cancelled,
ORD004334,2025-10-12,CUST01744,Kochi,28.0,1080p Webcam,Electronics,1,2324.66,15.4,Debit Card,Delivered,4.6
ORD004335,,CUST00614,Jaipur,37.0,Running Shoes,Fashion,2,2268.3,7.5,Wallet,Delivered,4.8
ORD004336,,CUST00644,Pune,32.0,Cotton T-Shirt,Fashion,1,671.16,10.0,UPI,Delivered,4.8
ORD004337,2026-06-01,CUST00461,Chennai,30.0,Cotton T-Shirt,Fashion,1,676.15,2.4,Credit Card,Pending,
ORD004338,,CUST01186,Bengaluru,29.0,USB-C Fast Charger,Electronics,2,1090.85,10.1,Credit Card,Delivered,4.0
ORD004339,,CUST00052,Hyderabad,19.0,,Books,3,796.95,11.4,UPI,Delivered,3.9
ORD004340,2025-05-10,CUST01494,Ahmedabad,36.0,Lipstick,Beauty,1,593.22,14.8,Debit Card,Delivered,4.9
ORD004341,,CUST00194,,22.0,Wireless Earbuds,Electronics,2,2317.71,6.6,Net Banking,Delivered,4.7
ORD004342,2026-05-07,CUST01408,Delhi,37.0,Cooking Oil 5L,Grocery,3,771.89,7.2,Debit Card,Delivered,4.2
ORD004343,,CUST01270,Delhi,36.0,Python Programming,Books,1,649.89,6.4,Cash on Delivery,Delivered,3.8
ORD004344,,CUST01855,Delhi,33.0,Lipstick,Beauty,2,605.33,7.3,UPI,Delivered,3.9
ORD004345,2026-01-07,CUST00832,Surat,33.0,Wireless Earbuds,Electronics,1,2536.02,9.9,UPI,Delivered,3.6
ORD004346,,CUST01263,Surat,24.0,Cooking Oil 5L,Grocery,2,845.64,8.4,UPI,Delivered,5.0
ORD004347,,CUST00326,Bengaluru,36.0,Cushion Set,Home & Kitchen,3,851.79,4.1,UPI,Delivered,4.1
ORD004348,2026-10-06,CUST01696,Mumbai,40.0,Men's Casual Shirt,Fashion,1,1244.21,15.8,UPI,Delivered,3.4
ORD004349,2025-01-09,CUST00292,Ahmedabad,37.0,Wireless Earbuds,Electronics,2,2538.26,5.7,Credit Card,Delivered,5.0
ORD004350,,CUST01957,Chandigarh,24.0,Sunscreen SPF 50,Beauty,3,640.96,11.6,UPI,Delivered,3.8
ORD004351,2026-02-05,CUST01027,Lucknow,37.0,Atomic Habits,Books,2,597.95,0.4,Cash on Delivery,Delivered,5.0
ORD004352,,CUST00269,Bengaluru,35.0,Protein Oats 1kg,Grocery,4,432.81,6.5,UPI,Delivered,4.7
ORD004353,,CUST01780,Mumbai,27.0,Cooking Oil 5L,Grocery,2,837.42,5.1,Net Banking,Delivered,3.7
ORD004354,2026-09-02,CUST01096,Mangaluru,42.0,Almonds 500g,Grocery,1,501.92,12.5,Wallet,Pending,
ORD004355,2025-12-11,CUST00756,Mangaluru,,Moisturizer,Beauty,2,629.38,13.5,Credit Card,Delivered,3.2
ORD004356,,CUST00047,Hyderabad,33.0,Competitive Aptitude,Books,3,435.99,12.3,Credit Card,Returned,
ORD004357,2026-07-02,CUST01226,Chandigarh,25.0,Smartwatch,Electronics,2,3172.76,11.5,UPI,Delivered,3.8
ORD004358,,CUST01974,Chennai,20.0,Running Shoes,Fashion,2,2536.92,6.6,Debit Card,Returned,
ORD004359,2025-11-11,CUST01408,Delhi,37.0,Men's Casual Shirt,Fashion,1,1214.31,10.4,UPI,Delivered,3.8
ORD004360,2026-11-07,CUST01449,Surat,38.0,Sunscreen SPF 50,Beauty,1,735.61,4.5,UPI,Delivered,4.0
ORD004361,2026-12-07,CUST01699,Bengaluru,36.0,Backpack,Fashion,1,1397.25,10.4,UPI,Delivered,3.8
ORD004362,2026-07-05,CUST00332,Jaipur,35.0,Python Programming,Books,2,697.16,5.8,UPI,Delivered,4.2
ORD004363,,CUST00797,Pune,42.0,Atomic Habits,Books,3,575.62,0.0,Net Banking,Cancelled,
ORD004364,2026-07-05,CUST00828,Lucknow,21.0,Atomic Habits,Books,1,605.65,14.6,Net Banking,Delivered,
ORD004365,2025-11-12,CUST01212,Jaipur,21.0,Power Bank 20000mAh,Electronics,2,1459.89,6.2,UPI,Cancelled,
ORD004366,2026-09-01,CUST01229,Mysuru,21.0,Sports Track Pants,Fashion,2,1342.81,11.4,UPI,Cancelled,
ORD004367,,CUST00043,Chennai,31.0,Basmati Rice 5kg,Grocery,2,777.74,6.8,Wallet,Delivered,3.1
ORD004368,2026-04-01,CUST00832,Surat,33.0,Sunscreen SPF 50,Beauty,1,670.74,18.0,UPI,Delivered,5.0
ORD004369,2026-11-02,CUST01022,Mumbai ,42.0,Lipstick,Beauty,2,623.95,6.4,UPI,Delivered,3.6
ORD004370,2026-06-04,CUST00092,Chennai,30.0,Cooking Oil 5L,Grocery,1,747.13,13.3,Debit Card,Delivered,4.3
ORD004371,,CUST00167,Lucknow,26.0,Cooking Oil 5L,Grocery,1,811.52,0.0,Cash On Delivery,Pending,
ORD004372,,CUST00514,Surat,31.0,Perfume,Beauty,1,1217.59,14.1,Cash on Delivery,Delivered,3.8
ORD004373,,CUST00384,Surat,31.0,Mechanical Keyboard,Electronics,1,2940.58,6.7,Credit Card,Cancelled,
ORD004374,,CUST01907,Lucknow,29.0,Water Bottle,Home & Kitchen,1,670.69,5.6,UPI,Delivered,4.1
ORD004375,2025-04-11,CUST01305,Kolkata,27.0,Skipping Rope,Sports & Fitness,3,303.7,14.7,UPI,Delivered,4.2
ORD004376,2026-08-07,CUST01439,Surat,43.0,Shampoo,Beauty,1,495.07,,Debit Card,Delivered,4.8
ORD004377,,CUST01973,Lucknow,34.0,Competitive Aptitude,Books,1,450.26,10.7,Debit Card,Delivered,3.9
ORD004378,2026-10-04,CUST00135,Pune,30.0,Moisturizer,Beauty,1,663.2,5.6,UPI,Delivered,
ORD004379,2025-05-10,CUST00569,Bengaluru,18.0,Smartwatch,Electronics,2,3321.94,16.4,Net Banking,Delivered,4.7
ORD004380,2025-04-10,CUST00838,Delhi,36.0,Bluetooth Speaker,Electronics,1,1758.17,6.4,Wallet,Delivered,4.1
ORD004381,2026-09-03,CUST01440,Pune,26.0,Sunscreen SPF 50,Beauty,1,759.13,7.9,UPI,Delivered,4.5
ORD004382,2026-04-03,CUST00654,Mumbai,18.0,Rich Dad Poor Dad,Books,1,528.97,10.2,UPI,Delivered,3.6
ORD004383,2026-05-08,CUST01732,Bengaluru,31.0,Atomic Habits,Books,3,582.66,6.9,UPI,Delivered,
ORD004384,,CUST01936,Pune,36.0,Wireless Earbuds,Electronics,2,2642.91,2.9,UPI,Returned,3.4
ORD004385,,CUST00441,Ahmedabad,31.0,Wireless Earbuds,Electronics,2,2522.21,17.7,UPI,Delivered,4.6
ORD004386,2026-01-06,CUST00624,Chennai,26.0,USB-C Fast Charger,Electronics,1,1008.8,7.7,Debit Card,Delivered,4.4
ORD004387,,CUST00292,Ahmedabad,37.0,Body Lotion,Beauty,2,407.79,13.2,Net Banking,Delivered,4.4
ORD004388,,CUST01072,Hyderabad,,Wireless Earbuds,Electronics,1,2466.71,7.9,UPI,Delivered,3.0
ORD004389,,CUST01045,Mangaluru,23.0,Data Structures,Books,1,796.26,8.5,Debit Card,Delivered,4.8
ORD004390,,CUST00786,Chennai,39.0,Coffee 500g,Grocery,2,404.35,3.3,Credit Card,Delivered,3.3
ORD004391,,CUST01236,Chennai,41.0,Women's Kurti,Fashion,1,1043.28,2.7,UPI,Returned,2.7
ORD004392,,CUST00828,Lucknow,21.0,Wireless Earbuds,Electronics,1,2461.75,11.6,Cash on Delivery,Delivered,3.7
ORD004393,,CUST02049,Kolkata,32.0,Cooking Oil 5L,Grocery,1,805.95,3.7,Debit Card,Delivered,4.0
ORD004394,,CUST00445,Jaipur,25.0,Wireless Earbuds,Electronics,2,2535.31,11.2,UPI,Delivered,4.2
ORD004395,,CUST00194,Ahmedabad,22.0,Protein Oats 1kg,Grocery,3,382.17,3.4,UPI,Delivered,4.1
ORD004396,,CUST00528,Lucknow,33.0,Backpack,Fashion,2,1134.83,13.5,UPI,Delivered,4.4
ORD004397,,CUST00170,Kolkata,31.0,Resistance Bands,Sports & Fitness,2,555.6,13.3,Credit Card,Delivered,4.6
ORD004398,,CUST00211,Lucknow,41.0,Skipping Rope,Sports & Fitness,3,289.48,14.5,Debit Card,Delivered,4.8
ORD004399,2026-04-06,CUST01558,Mumbai,28.0,Green Tea 100 Bags,Grocery,1,373.0,7.9,UPI,Delivered,
ORD004400,,CUST01510,Bengaluru,41.0,Atomic Habits,Books,2,611.32,13.8,Credit Card,Delivered,3.9
ORD004401,2025-04-10,CUST01873,Mysuru,32.0,Basmati Rice 5kg,Grocery,2,757.18,15.2,Credit Card,Delivered,3.7
ORD004402,,CUST01861,Kolkata,42.0,Sports Track Pants,Fashion,1,-99.0,11.0,UPI,Returned,1.6
ORD004403,2026-01-06,CUST00002,LUCKNOW,42.0,Sunscreen SPF 50,Beauty,3,696.85,3.5,UPI,Delivered,2.7
ORD004404,,CUST00235,Chandigarh,27.0,Wireless Earbuds,Electronics,2,2379.32,4.2,UPI,Delivered,5.0
ORD004405,2026-12-03,CUST01215,Delhi,20.0,Indian History,Books,4,556.32,9.8,Cash on Delivery,Delivered,3.5
ORD004406,,CUST01534,Jaipur,21.0,Coffee 500g,Grocery,1,415.11,12.9,Debit Card,Pending,
ORD004407,2026-02-01,CUST00111,Mumbai,20.0,Basmati Rice 5kg,Grocery,3,753.5,11.1,UPI,Delivered,3.8
ORD004408,,CUST00439,Surat,37.0,Laptop Backpack,Electronics,1,1783.13,7.1,Net Banking,Delivered,4.4
ORD004409,,CUST00861,Kochi,,Perfume,Beauty,1,1227.54,3.2,Credit Card,Delivered,3.4
ORD004410,,CUST01870,Ahmedabad,18.0,Cotton T-Shirt,Fashion,2,670.67,9.5,UPI,Delivered,3.0
ORD004411,,CUST01703,Surat,30.0,Saree,Fashion,3,2162.94,12.5,Cash on Delivery,Delivered,5.0
ORD004412,,CUST00651,Kolkata,37.0,Atomic Habits,Books,3,620.32,12.3,Credit Card,Delivered,3.5
ORD004413,,CUST00922,Pune,26.0,Smartwatch,Electronics,2,3357.37,2.7,Credit Card,Delivered,3.9
ORD004414,2025-09-12,CUST00302,Ahmedabad,24.0,Almonds 500g,Grocery,4,502.87,8.9,UPI,Delivered,3.7
ORD004415,,CUST01684,Mysuru,23.0,Cooking Oil 5L,Grocery,1,767.89,7.0,Credit Card,Delivered,4.4
ORD004416,,CUST00835,Kolkata,32.0,Smartwatch,Electronics,2,3077.14,8.9,UPI,Delivered,4.6
ORD004417,,CUST00663,Jaipur,29.0,Water Bottle,Home & Kitchen,1,740.84,10.3,UPI,Delivered,3.9
ORD004418,,CUST00364,Bengaluru,42.0,Non-Stick Fry Pan,Home & Kitchen,1,1330.89,8.9,Cash on Delivery,Delivered,5.0
ORD004419,2025-11-11,CUST00657,Kolkata,36.0,Denim Jeans,Fashion,2,1743.65,11.6,Cash on Delivery,Delivered,
ORD004420,2026-12-02,CUST01933,Kochi,,SQL for Beginners,Books,2,660.6,7.6,Net Banking,Delivered,4.2
ORD004421,,CUST01366,Hyderabad,25.0,Bedsheet Set,Home & Kitchen,1,1687.16,6.8,UPI,Delivered,5.0
ORD004422,,CUST00348,Delhi,36.0,USB-C Fast Charger,Electronics,2,990.99,10.3,Credit Card,Delivered,2.7
ORD004423,2025-10-09,CUST00056,Ahmedabad,20.0,Laptop Backpack,Electronics,2,1803.29,9.3,UPI,Delivered,3.7
ORD004424,2026-06-01,CUST00642,Delhi,25.0,Yoga Mat,Sports & Fitness,1,798.91,13.7,UPI,Delivered,4.1
ORD004425,,CUST01635,Mumbai,23.0,Cycling Helmet,Sports & Fitness,2,1569.09,9.9,Credit Card,Delivered,5.0
ORD004426,2026-10-01,CUST00065,Mumbai,38.0,Mechanical Keyboard,Electronics,1,3121.15,10.4,Credit Card,Delivered,
ORD004427,,CUST00658,Chandigarh,27.0,1080p Webcam,Electronics,1,2364.98,10.9,UPI,Delivered,
ORD004428,,CUST01963,Chennai,29.0,Atomic Habits,Books,2,635.13,14.0,UPI,Delivered,4.0
ORD004429,,CUST01233,Mumbai,22.0,Power Bank 20000mAh,Electronics,2,1485.24,6.0,Debit Card,Delivered,3.4
ORD004430,2026-07-08,CUST00941,Chandigarh,42.0,Skipping Rope,Sports & Fitness,1,292.16,2.6,Net Banking,Delivered,4.0
ORD004431,,CUST01089,Pune,38.0,Basmati Rice 5kg,Grocery,2,704.27,11.5,Credit Card,Delivered,3.0
ORD004432,2025-02-12,CUST00423,Kochi,20.0,Denim Jeans,Fashion,1,1684.96,15.5,Credit Card,Delivered,4.6
ORD004433,,CUST00407,Chennai,23.0,Moisturizer,Beauty,2,654.64,12.6,Wallet,Delivered,3.4
ORD004434,,CUST01315,Kolkata,35.0,Football,Sports & Fitness,2,861.77,11.9,UPI,Delivered,5.0
ORD004435,2025-10-12,CUST01069,Mumbai,28.0,Cooking Oil 5L,Grocery,2,805.94,11.1,UPI,Delivered,3.8
ORD004436,,CUST00593,Mumbai,28.0,Gym Gloves,Sports & Fitness,1,540.41,7.6,Cash on Delivery,Delivered,3.3
ORD004437,,CUST01836,Surat,19.0,Machine Learning Basics,Books,3,933.42,8.2,UPI,Returned,4.1
ORD004438,,CUST01798,Kolkata,37.0,Women's Kurti,Fashion,2,990.1,6.7,UPI,Delivered,4.4
ORD004439,,CUST01565,Mumbai,31.0,Yoga Mat,Sports & Fitness,1,830.42,8.6,Credit Card,Delivered,5.0
ORD004440,,CUST01734,Surat,22.0,Green Tea 100 Bags,Grocery,2,333.58,16.5,UPI,Delivered,3.2
ORD004441,,CUST00698,Chennai,25.0,Skipping Rope,Sports & Fitness,1,299.86,14.3,Credit Card,Delivered,5.0
ORD004442,2026-02-06,CUST00253,Hyderabad,35.0,Lipstick,Beauty,1,551.27,5.5,UPI,Delivered,5.0
ORD004443,,CUST00292,Ahmedabad,37.0,Atomic Habits,Books,4,603.63,5.9,UPI,Delivered,4.1
ORD004444,,CUST00444,Mumbai,32.0,Men's Casual Shirt,Fashion,3,1318.36,10.5,Credit Card,Delivered,2.2
ORD004445,,CUST01417,Hyderabad,24.0,Python Programming,Books,1,706.2,7.2,Cash on Delivery,Delivered,
ORD004446,,CUST01753,Kolkata,31.0,Power Bank 20000mAh,Electronics,2,1546.91,4.5,UPI,Delivered,3.4
ORD004447,,CUST00459,Delhi,19.0,Sunscreen SPF 50,Beauty,2,671.9,7.2,UPI,Returned,4.4
ORD004448,,CUST01418,Delhi,34.0,Yoga Mat,Sports & Fitness,1,796.09,3.9,Credit Card,Delivered,4.6
ORD004449,,CUST00451,Hyderabad,38.0,Water Bottle,Home & Kitchen,2,666.41,4.2,Credit Card,Delivered,3.6
ORD004450,,CUST00135,Pune,30.0,Wireless Earbuds,Electronics,1,2490.46,9.1,Debit Card,Delivered,
ORD004451,2026-03-04,CUST01611,Chandigarh,31.0,Sports Track Pants,Fashion,2,1341.78,15.5,Net Banking,Delivered,5.0
ORD004452,,CUST00426,Hyderabad,38.0,Competitive Aptitude,Books,2,441.13,12.8,Debit Card,Cancelled,
ORD004453,2026-10-05,CUST00163,Hyderabad,27.0,Smartwatch,Electronics,1,3302.39,9.1,Debit Card,Delivered,5.0
ORD004454,2026-04-02,CUST01102,Mangaluru,32.0,Mixer Grinder,Home & Kitchen,1,3324.5,8.5,UPI,Delivered,
ORD004455,,CUST00119,Kolkata,33.0,Indian History,Books,3,564.62,7.6,Net Banking,Delivered,3.2
ORD004456,2026-09-05,CUST01186,Bengaluru,29.0,Cycling Helmet,Sports & Fitness,1,1612.08,9.3,UPI,Cancelled,
ORD004457,,CUST00101,Mumbai,32.0,Atomic Habits,Books,1,638.83,8.9,Net Banking,Delivered,4.1
ORD004458,2025-01-09,CUST01157,Hyderabad,35.0,Denim Jeans,Fashion,3,1761.89,10.6,Credit Card,Delivered,5.0
ORD004459,,CUST00618,Pune,39.0,Hair Serum,Beauty,3,507.83,12.7,Credit Card,Delivered,4.1
ORD004460,2025-04-09,CUST01680,Chennai,26.0,Cushion Set,Home & Kitchen,2,788.14,12.9,UPI,Pending,
ORD004461,,CUST01805,Jaipur,37.0,Electric Kettle,Home & Kitchen,2,1622.82,14.8,Credit Card,Returned,3.9
ORD004462,,CUST00065,Mumbai,38.0,Python Programming,Books,2,723.09,15.1,Cash on Delivery,Delivered,3.9
ORD004463,,CUST01748,Mumbai,21.0,USB-C Fast Charger,Electronics,2,1044.33,13.8,Net Banking,Delivered,4.5
ORD004464,2025-02-09,CUST00517,Hyderabad,25.0,Face Wash,Beauty,1,389.96,8.7,UPI,Delivered,4.0
ORD004465,,CUST01613,DELHI,30.0,Women's Kurti,Fashion,3,999.53,12.7,Cash on Delivery,Delivered,4.6
ORD004466,,CUST01772,Lucknow,37.0,Saree,Fashion,2,2147.62,11.6,UPI,Delivered,3.1
ORD004467,2025-03-10,CUST00194,Ahmedabad,22.0,,Electronics,1,1853.42,8.1,UPI,Returned,
ORD004468,2026-08-07,CUST01750,Delhi,46.0,Water Bottle,Home & Kitchen,1,731.18,6.5,Debit Card,Delivered,4.9
ORD004469,2025-12-12,CUST00723,Delhi,42.0,Sports Track Pants,Fashion,1,1335.21,6.9,Credit Card,Delivered,3.4
ORD004470,,CUST00567,Ahmedabad,23.0,Running Shoes,Fashion,1,2521.32,14.5,UPI,Delivered,4.5
ORD004471,,CUST01365,Kochi,39.0,Data Structures,Books,2,775.59,4.0,UPI,Delivered,4.0
ORD004472,,CUST00171,Mangaluru,35.0,Cooking Oil 5L,Grocery,3,783.16,8.2,Cash on Delivery,Pending,
ORD004473,2026-03-03,CUST01252,Kochi,31.0,1080p Webcam,Electronics,1,2263.16,9.7,Credit Card,Delivered,3.8
ORD004474,,CUST01428,Mumbai,35.0,Yoga Mat,Sports & Fitness,1,779.56,5.4,Credit Card,Delivered,4.1
ORD004475,2026-02-07,CUST00349,Delhi,18.0,Backpack,Fashion,2,1309.4,14.1,Credit Card,Delivered,3.4
ORD004476,,CUST00823,Bengaluru,27.0,Cotton T-Shirt,Fashion,3,742.49,8.1,UPI,Delivered,3.7
ORD004477,,CUST00916,Chennai,53.0,Power Bank 20000mAh,Electronics,1,1514.31,1.8,Credit Card,Delivered,3.2
ORD004478,2026-01-07,CUST00884,Mumbai,32.0,Dry Fruits Mix 500g,Grocery,3,621.22,6.7,UPI,Delivered,5.0
ORD004479,2026-11-05,CUST01833,Mumbai,43.0,Competitive Aptitude,Books,2,466.47,10.1,UPI,Delivered,3.5
ORD004480,,CUST01190,Kochi,33.0,Women's Kurti,Fashion,1,985.54,15.0,Cash on Delivery,Delivered,5.0
ORD004481,,CUST00212,Kolkata,35.0,Yoga Mat,Sports & Fitness,1,778.37,4.7,Credit Card,Cancelled,
ORD004482,,CUST00462,Mysuru,40.0,Smartwatch,Electronics,1,3425.04,13.4,,Delivered,4.9
ORD004483,2026-10-08,CUST00679,Ahmedabad,46.0,Yoga Mat,Sports & Fitness,2,794.23,6.8,UPI,Delivered,5.0
ORD004484,2026-02-06,CUST00743,Chennai,36.0,Almonds 500g,Grocery,2,489.9,11.7,UPI,Delivered,4.0
ORD004485,,CUST01718,Kochi,18.0,Cotton T-Shirt,Fashion,1,728.6,9.3,Net Banking,Delivered,4.6
ORD004486,2026-01-04,CUST01036,,30.0,Moisturizer,Beauty,1,616.45,10.2,UPI,Returned,2.1
ORD004487,2026-08-07,CUST00575,Kolkata,18.0,SQL for Beginners,Books,1,641.11,7.7,Credit card ,Delivered,5.0
ORD004488,,CUST02017,Jaipur,24.0,SQL for Beginners,Books,4,680.69,9.9,,Delivered,3.3
ORD004489,,CUST00934,Chennai,19.0,Non-Stick Fry Pan,Home & Kitchen,2,1222.01,8.2,UPI,Delivered,4.0
ORD004490,,CUST01798,Kolkata,37.0,Cooking Oil 5L,Grocery,3,768.85,12.3,UPI,Delivered,
ORD004491,2026-01-03,CUST01609,Bengaluru,31.0,Face Wash,Beauty,3,417.98,8.8,UPI,Pending,
ORD004492,2025-12-11,CUST00768, Chennai ,22.0,Sports Track Pants,Fashion,1,1342.68,20.1,UPI,Delivered,3.6
ORD004493,,CUST00131,Bengaluru,39.0,Storage Container Set,Home & Kitchen,2,910.67,3.9,UPI,Delivered,2.7
ORD004494,,CUST00725,Kochi,31.0,Smartwatch,Electronics,2,3204.2,15.2,UPI,Delivered,3.6
ORD004495,,CUST00157,Hyderabad,27.0,Cotton T-Shirt,Fashion,1,659.14,11.9,UPI,Delivered,4.6
ORD004496,,CUST01497,Hyderabad ,18.0,USB-C Fast Charger,Electronics,1,974.5,3.9,UPI,Cancelled,
ORD004497,,CUST01104,Mangaluru,25.0,Rich Dad Poor Dad,Books,1,479.37,15.9,Credit Card,Delivered,
ORD004498,,CUST01226,Chandigarh,25.0,Electric Kettle,Home & Kitchen,1,1553.29,11.9,Cash on Delivery,Delivered,
ORD004499,2026-07-06,CUST00897,Surat,26.0,Cooking Oil 5L,Grocery,4,781.74,0.0,UPI,Delivered,
ORD004500,2025-07-09,CUST01442,Chandigarh,35.0,Organic Honey 500g,Grocery,2,440.98,7.6,Wallet,Delivered,4.6
ORD004501,,CUST00838,Delhi,36.0,Gym Gloves,Sports & Fitness,1,494.78,10.0,UPI,Delivered,3.4
ORD004502,,CUST00639,Surat,27.0,SQL for Beginners,Books,4,649.87,9.8,Debit Card,Delivered,
ORD004503,,CUST00451,Hyderabad,38.0,Sunscreen SPF 50,Beauty,3,681.63,14.5,Wallet,Delivered,4.9
ORD004504,2026-08-08,CUST01910,Lucknow,33.0,Wireless Earbuds,Electronics,1,2552.38,12.5,Credit Card,Delivered,4.0
ORD004505,2025-10-10,CUST00409,Kolkata,39.0,Green Tea 100 Bags,Grocery,1,320.66,7.6,Credit Card,Delivered,
ORD004506,2026-03-01,CUST01437,Hyderabad,18.0,Bluetooth Speaker,Electronics,1,1788.87,2.8,UPI,Delivered,3.9
ORD004507,2025-06-09,CUST01825,Hyderabad,27.0,USB-C Fast Charger,Electronics,2,1017.88,6.6,Credit Card,Delivered,3.9
ORD004508,,CUST01674,Kolkata,33.0,Dumbbell Set 10kg,Sports & Fitness,2,2036.14,1.5,Credit Card,Delivered,3.6
ORD004509,2026-03-06,CUST00657,Kolkata ,36.0,Dry Fruits Mix 500g,Grocery,1,590.24,4.9,Net Banking,Cancelled,
ORD004510,,CUST01502,Delhi,52.0,Water Bottle,Home & Kitchen,1,707.76,12.4,UPI,Delivered,5.0
ORD004511,,CUST01341,Kochi,26.0,Bluetooth Speaker,Electronics,2,1717.83,9.8,Credit Card,Delivered,4.9
ORD004512,,CUST01043,Delhi,24.0,Power Bank 20000mAh,Electronics,1,1503.73,15.1,UPI,Delivered,3.5
ORD004513,,CUST00989,Ahmedabad,33.0,Basmati Rice 5kg,Grocery,2,735.61,14.5,Credit Card,Delivered,4.1
ORD004514,,CUST00457,Surat,21.0,Almonds 500g,Grocery,4,492.45,12.1,UPI,Delivered,
ORD004515,2026-09-02,CUST00660,Hyderabad,24.0,Running Shoes,Fashion,1,2429.28,10.2,UPI,Delivered,4.1
ORD004516,2025-09-09,CUST02049,Kolkata,32.0,Water Bottle,Home & Kitchen,1,693.69,6.4,UPI,Returned,3.8
ORD004517,,CUST01461,chennai,35.0,Electric Kettle,Home & Kitchen,1,1541.98,4.4,Credit Card,Delivered,3.6
ORD004518,,CUST00152,Mumbai,26.0,Non-Stick Fry Pan,Home & Kitchen,3,1318.15,12.5,UPI,Delivered,4.0
ORD004519,,CUST00935,Lucknow,31.0,1080p Webcam,Electronics,1,2324.7,9.8,UPI,Delivered,3.9
ORD004520,2026-06-08,CUST00443,Mysuru,37.0,USB-C Fast Charger,Electronics,1,862.4,7.9,Credit Card,Delivered,4.0
ORD004521,,CUST01792,Ahmedabad,35.0,Men's Casual Shirt,Fashion,3,1203.9,8.4,Credit Card,Delivered,
ORD004522,2025-04-11,CUST01764,Surat,18.0,Water Bottle,Home & Kitchen,1,690.77,11.4,Net Banking,Delivered,3.7
ORD004523,,CUST00159,Pune,25.0,Organic Honey 500g,Grocery,3,453.78,12.1,UPI,Delivered,4.9
ORD004524,,CUST01752,Lucknow,41.0,USB-C Fast Charger,Electronics,2,1033.66,6.7,UPI,Delivered,4.6
ORD004525,,CUST00448,Delhi,41.0,Atomic Habits,Books,1,604.31,7.4,Debit Card,Delivered,4.3
ORD004526,,CUST01600,Hyderabad,30.0,Running Shoes,Fashion,1,2468.86,10.0,UPI,Cancelled,
ORD004527,2025-05-11,CUST02041,Pune,32.0,Dumbbell Set 10kg,Sports & Fitness,1,1951.79,13.3,Credit Card,Delivered,5.0
ORD004528,2025-05-12,CUST02036,Mysuru,32.0,Basmati Rice 5kg,Grocery,3,746.91,12.3,UPI,Delivered,
ORD004529,,CUST01554,Kolkata,35.0,Hair Serum,Beauty,4,506.62,9.7,UPI,Delivered,4.8
ORD004530,2026-12-01,CUST02019,Delhi,29.0,Coffee 500g,Grocery,1,416.83,8.7,UPI,Delivered,4.1
ORD004531,,CUST01684,,23.0,USB-C Fast Charger,Electronics,2,998.86,5.0,UPI,Delivered,4.0
ORD004532,2025-01-09,CUST01162,Hyderabad,29.0,Yoga Mat,Sports & Fitness,1,771.59,5.3,UPI,Pending,
ORD004533,,CUST00493,Mumbai,18.0,Women's Kurti,Fashion,1,990.64,9.4,UPI,Delivered,4.2
ORD004534,,CUST01632,Delhi,34.0,Basmati Rice 5kg,Grocery,2,772.11,3.8,Cash on Delivery,Delivered,2.6
ORD004535,,CUST00835,Kolkata,32.0,Resistance Bands,Sports & Fitness,1,615.7,17.9,Debit Card,Delivered,
ORD004536,,CUST00930,surat,30.0,Skipping Rope,Sports & Fitness,1,288.83,5.2,Credit Card,Delivered,3.1
ORD004537,2025-05-10,CUST01848,Chennai,34.0,Denim Jeans,Fashion,1,1730.29,6.4,UPI,Delivered,3.1
ORD004538,2026-05-02,CUST00654,Mumbai,18.0,Almonds 500g,Grocery,2,504.39,9.8,Wallet,Delivered,3.8
ORD004539,,CUST01560,Surat,39.0,Bedsheet Set,Home & Kitchen,1,1766.67,11.8,Net Banking,Delivered,3.8
ORD004540,,CUST01617,Delhi,39.0,LED Desk Lamp,Home & Kitchen,2,971.74,10.0,Credit Card,Cancelled,
ORD004541,2026-05-08,CUST01904,Jaipur,30.0,Cotton T-Shirt,Fashion,2,670.73,9.0,UPI,Delivered,3.7
ORD004542,,CUST01054,Bengaluru,23.0,Basmati Rice 5kg,Grocery,2,818.06,17.8,UPI,Delivered,3.4
ORD004543,2025-02-12,CUST01132,Bengaluru,31.0,Hair Serum,Beauty,3,540.5,9.3,UPI,Delivered,3.8
ORD004544,,CUST00308,Hyderabad,20.0,USB-C Fast Charger,Electronics,1,1021.16,9.7,Net Banking,Delivered,4.7
ORD004545,,CUST01132,Bengaluru,31.0,Cushion Set,Home & Kitchen,1,800.16,8.5,Cash on Delivery,Delivered,3.6
ORD004546,,CUST01419,Hyderabad,32.0,Coffee 500g,Grocery,3,407.42,3.5,UPI,Delivered,4.4
ORD004547,2026-10-06,CUST00722,Bengaluru,40.0,Storage Container Set,Home & Kitchen,1,985.0,8.0,UPI,Delivered,3.9
ORD004548,,CUST01851,SURAT,29.0,Cooking Oil 5L,Grocery,2,757.96,6.1,Net Banking,Pending,
ORD004549,2025-06-11,CUST00503,Lucknow,27.0,USB-C Fast Charger,Electronics,2,956.41,9.9,Debit Card,Delivered,3.8
ORD004550,2025-05-10,CUST01278,Mysuru,45.0,Sunscreen SPF 50,Beauty,1,670.72,8.6,UPI,Delivered,4.4
ORD004551,,CUST00967,Delhi,31.0,Sports Track Pants,Fashion,1,1313.74,14.4,Cash on Delivery,Delivered,3.4
ORD004552,,CUST01889,Mumbai,43.0,Resistance Bands,Sports & Fitness,3,624.59,16.1,Net Banking,Cancelled,
ORD004553,2026-04-02,CUST01108,Delhi,43.0,Men's Casual Shirt,Fashion,1,1193.46,15.3,Cash on Delivery,Delivered,3.6
ORD004554,,CUST02010,Kolkata,36.0,Non-Stick Fry Pan,Home & Kitchen,2,1241.77,4.2,UPI,Delivered,4.4
ORD004555,,CUST01760,Hyderabad,33.0,Smartwatch,Electronics,1,3271.68,12.7,UPI,Delivered,3.6
ORD004556,,CUST00528,Lucknow,33.0,Power Bank 20000mAh,Electronics,2,1501.5,7.4,UPI,Returned,3.7
ORD004557,2026-10-04,CUST00610,Chennai,43.0,Smartwatch,Electronics,1,3050.57,9.6,UPI,Delivered,4.8
ORD004558,2025-09-10,CUST00697,,30.0,Cotton T-Shirt,Fashion,3,678.42,14.2,UPI,Delivered,4.2
ORD004559,,CUST01861,Kolkata,42.0,LED Desk Lamp,Home & Kitchen,2,969.17,8.8,UPI,Delivered,4.0
ORD004560,,CUST00510,Bengaluru,31.0,Gym Gloves,Sports & Fitness,2,535.08,5.1,Cash on Delivery,Delivered,3.0
ORD004561,2025-07-12,CUST00826,Ahmedabad,33.0,Wireless Earbuds,Electronics,1,2437.71,2.8,Wallet,Delivered,4.3
ORD004562,2025-09-10,CUST01441,Chennai,35.0,Women's Kurti,Fashion,1,972.41,16.4,,Delivered,3.7
ORD004563,,CUST00714,Jaipur,31.0,Non-Stick Fry Pan,Home & Kitchen,2,1237.49,10.3,UPI,Delivered,
ORD004564,,CUST00793,Hyderabad,27.0,Python Programming,Books,2,692.01,15.8,UPI,Delivered,2.9
ORD004565,,CUST00522,Lucknow,21.0,Saree,Fashion,2,2170.23,6.4,Credit Card,Returned,2.8
ORD004566,,CUST01832,Surat,29.0,Data Structures,Books,1,738.94,10.9,Credit Card,Delivered,4.4
ORD004567,2026-04-02,CUST00005,Delhi,30.0,Machine Learning Basics,Books,2,883.02,12.0,UPI,Delivered,4.6
ORD004568,,CUST00292,Ahmedabad,37.0,Cooking Oil 5L,Grocery,3,802.58,8.5,UPI,Delivered,4.7
ORD004569,,CUST00673,Chennai,27.0,Gym Gloves,Sports & Fitness,3,507.47,17.2,UPI,Delivered,4.5
ORD004570,2026-03-01,CUST01950,Kochi,24.0,Indian History,Books,1,547.59,7.1,Net Banking,Delivered,4.3
ORD004571,,CUST00177,Mysuru,29.0,Wireless Earbuds,Electronics,2,2360.89,6.7,UPI,Delivered,3.8
ORD004572,2026-01-06,CUST00162,Surat,27.0,Women's Kurti,Fashion,1,992.87,15.9,UPI,Returned,4.4
ORD004573,,CUST00263,Kochi,29.0,Cooking Oil 5L,Grocery,2,802.23,7.6,Debit Card,Delivered,4.3
ORD004574,2026-10-05,CUST01914,Mangaluru,40.0,Women's Kurti,Fashion,3,958.39,18.8,Credit Card,Delivered,3.2
ORD004575,,CUST01047,Jaipur,23.0,USB-C Fast Charger,Electronics,1,944.45,13.6,UPI,Delivered,4.7
ORD004576,,CUST01122,Bengaluru,20.0,USB-C Fast Charger,Electronics,1,1098.64,6.0,UPI,Cancelled,
ORD004577,,CUST01115,Jaipur,,Mixer Grinder,Home & Kitchen,1,3481.86,13.2,UPI,Delivered,4.2
ORD004578,,CUST01312,Delhi,30.0,Women's Kurti,Fashion,1,1098.95,12.2,Debit Card,Delivered,5.0
ORD004579,,CUST01632,DELHI,34.0,Power Bank 20000mAh,Electronics,2,1467.73,11.6,UPI,Delivered,5.0
ORD004580,,CUST01254,Kochi,22.0,Moisturizer,Beauty,2,616.31,2.5,Credit Card,Delivered,3.1
ORD004581,,CUST01904,Jaipur,30.0,Data Structures,Books,2,847.33,10.2,UPI,Delivered,4.2
ORD004582,,CUST00268,Chandigarh,23.0,Dry Fruits Mix 500g,Grocery,1,572.67,6.0,Net Banking,Delivered,
ORD004583,,CUST01783,Mumbai,35.0,Cotton T-Shirt,Fashion,2,730.23,13.6,UPI,Delivered,3.5
ORD004584,2026-08-04,CUST01411,Kochi,41.0,Denim Jeans,Fashion,1,1815.76,7.4,Credit Card,Delivered,3.6
ORD004585,,CUST00939,Chennai,26.0,Cooking Oil 5L,Grocery,2,786.75,10.9,UPI,Delivered,4.3
ORD004586,,CUST00038,Lucknow,28.0,Women's Kurti,Fashion,2,914.53,6.9,UPI,Delivered,4.8
ORD004587,,CUST01075,Hyderabad,48.0,Cooking Oil 5L,Grocery,2,830.31,6.0,UPI,Pending,
ORD004588,,CUST01288,Bengaluru,43.0,Atomic Habits,Books,3,620.62,4.2,UPI,Delivered,5.0
ORD004589,,CUST00702,Hyderabad,,Power Bank 20000mAh,Electronics,2,1469.5,13.5,Cash on Delivery,Delivered,4.1
ORD004590,2026-03-01,CUST01256,Chandigarh,22.0,LED Desk Lamp,Home & Kitchen,1,1000.03,5.3,UPI,Returned,3.2
ORD004591,2026-08-07,CUST01994,Hyderabad,31.0,Power Bank 20000mAh,Electronics,1,1559.46,14.1,UPI,Delivered,5.0
ORD004592,2025-09-10,CUST00839,Pune,41.0,Non-Stick Fry Pan,Home & Kitchen,1,1302.27,0.0, UPI ,Delivered,4.2
ORD004593,2025-12-12,CUST00353,Mangaluru,33.0,Gym Gloves,Sports & Fitness,3,483.8,9.4,UPI,Delivered,4.3
ORD004594,2026-05-07,CUST01714,Pune,,Storage Container Set,Home & Kitchen,1,911.48,7.2,UPI,Pending,
ORD004595,,CUST01592,Delhi,35.0,Rich Dad Poor Dad,Books,2,486.61,1.7,Net Banking,Delivered,
ORD004596,2025-08-10,CUST01618,Mumbai,41.0,Bluetooth Speaker,Electronics,2,1928.4,13.1,UPI,Delivered,
ORD004597,,CUST00935,Lucknow,31.0,Running Shoes,Fashion,2,2509.35,11.8,Cash on Delivery,Cancelled,
ORD004598,2026-02-01,CUST00317,Bengaluru,32.0,Basmati Rice 5kg,Grocery,1,789.64,5.3,Credit Card,Delivered,
ORD004599,,CUST00292,Ahmedabad,37.0,Cotton T-Shirt,Fashion,1,666.01,19.0,Debit Card,Delivered,
ORD004600,,CUST01226,Chandigarh,25.0,Power Bank 20000mAh,Electronics,2,1421.7,3.7,Credit Card,Delivered,3.3
ORD004601,,CUST00861,Kochi,40.0,Running Shoes,Fashion,2,2456.5,9.1,Cash on Delivery,Pending,
ORD004602,2026-08-08,CUST00535,Jaipur,40.0,SQL for Beginners,Books,1,625.32,3.8,Credit Card,Delivered,4.2
ORD004603,2025-10-09,CUST00957,Delhi,,Bluetooth Speaker,Electronics,1,1882.71,7.5,Cash on Delivery,Delivered,4.0
ORD004604,,CUST01337,Delhi,30.0,Organic Honey 500g,Grocery,1,508.59,8.0,Debit Card,Delivered,5.0
ORD004605,2026-12-07,CUST00657,Kolkata,36.0,Non-Stick Fry Pan,Home & Kitchen,1,1213.51,9.5,Credit Card,Delivered,3.7
ORD004606,,CUST02046,Kolkata,20.0,Cycling Helmet,Sports & Fitness,1,1537.8,8.3,Debit Card,Delivered,4.5
ORD004607,,CUST01396,Mumbai,33.0,Protein Oats 1kg,Grocery,2,406.22,8.3,UPI,Pending,
ORD004608,2025-04-12,CUST00179,Bengaluru,23.0,Almonds 500g,Grocery,4,528.25,8.4,UPI,Delivered,3.6
ORD004609,2025-02-10,CUST01188,Kolkata,33.0,Shampoo,Beauty,1,546.9,5.7,UPI,Delivered,2.7
ORD004610,2026-11-01,CUST00379,Mumbai,24.0,Indian History,Books,1,588.26,6.5,UPI,Delivered,4.8
ORD004611,,CUST00269,Bengaluru,35.0,Almonds 500g,Grocery,1,544.82,13.0,Net Banking,Delivered,3.8
ORD004612,,CUST00442,Bengaluru,26.0,SQL for Beginners,Books,1,654.32,4.4,UPI,Delivered,4.5
ORD004613,,CUST00657,Kolkata,36.0,1080p Webcam,Electronics,2,2220.3,14.8,UPI,Delivered,4.5
ORD004614,,CUST00799,Kochi,33.0,Football,Sports & Fitness,1,885.96,4.4,UPI,Returned,1.1
ORD004615,2025-08-11,CUST00828,Lucknow,21.0,Green Tea 100 Bags,Grocery,1,339.6,0.3,UPI,Delivered,
ORD004616,,CUST01405,Pune,21.0,Electric Kettle,Home & Kitchen,2,1674.44,5.4,Credit Card,Delivered,4.5
ORD004617,2026-09-02,CUST01848,Chennai,34.0,Body Lotion,Beauty,2,456.37,12.1,UPI,Delivered,4.6
ORD004618,,CUST01330,Bengaluru,42.0,Sunscreen SPF 50,Beauty,1,710.87,13.4,UPI,Delivered,4.6
ORD004619,2026-11-01,CUST01039,Jaipur,38.0,Python Programming,Books,1,669.82,10.1,Debit Card,Delivered,4.9
ORD004620,,CUST01991,Pune,23.0,Shampoo,Beauty,1,538.64,,UPI,Delivered,3.8
ORD004621,2026-11-04,CUST01340,Mangaluru,21.0,Football,Sports & Fitness,1,857.23,5.3,UPI,Delivered,5.0
ORD004622,,CUST00484,Surat,31.0,Green Tea 100 Bags,Grocery,3,337.48,11.6,UPI,Returned,
ORD004623,2026-09-06,CUST01373,Delhi,26.0,Bluetooth Speaker,Electronics,2,1859.25,11.4,Net Banking,Delivered,4.1
ORD004624,2026-04-06,CUST01760,Hyderabad,33.0,Moisturizer,Beauty,1,654.92,13.8,Cash on Delivery,Delivered,4.9
ORD004625,,CUST01175,Mumbai,22.0,Body Lotion,Beauty,1,456.4,12.6,UPI,Delivered,4.3
ORD004626,,CUST01900,Delhi,25.0,Protein Oats 1kg,Grocery,1,384.97,10.1,Credit Card,Delivered,5.0
ORD004627,,CUST00160,Ahmedabad,38.0,Women's Kurti,Fashion,2,984.09,15.7,Credit Card,Delivered,5.0
ORD004628,,CUST01421,Jaipur,18.0,Cotton T-Shirt,Fashion,2,681.5,12.9,Credit Card,Delivered,3.0
ORD004629,,CUST01282,Bengaluru,18.0,,Home & Kitchen,2,1631.45,8.4,UPI,Delivered,3.0
ORD004630,,CUST01417,Hyderabad,,Sunscreen SPF 50,Beauty,3,651.88,13.3,Net Banking,Delivered,3.7
ORD004631,2025-08-11,CUST00779,Jaipur,41.0,Green Tea 100 Bags,Grocery,3,356.94,12.9,Credit Card,Delivered,3.6
ORD004632,,CUST01736,Ahmedabad,40.0,Mechanical Keyboard,Electronics,1,2852.41,5.7,UPI,Delivered,4.5
ORD004633,,CUST01210,Chandigarh,31.0,1080p Webcam,Electronics,1,2249.5,10.8,Debit Card,Delivered,3.6
ORD004634,,CUST00006,Kochi,25.0,Water Bottle,Home & Kitchen,1,676.25,14.2,UPI,Delivered,4.0
ORD004635,,CUST00546,Chennai,25.0,Green Tea 100 Bags,Grocery,2,369.29,4.2,Cash on Delivery,Delivered,3.8
ORD004636,,CUST01491,Chennai,40.0,1080p Webcam,Electronics,2,2299.31,4.8,UPI,Delivered,5.0
ORD004637,,CUST01813,Lucknow,19.0,Competitive Aptitude,Books,1,434.63,8.8,UPI,Delivered,4.7
ORD004638,,CUST00635,Chennai,35.0,Men's Casual Shirt,Fashion,2,1166.42,2.4,Credit Card,Delivered,4.1
ORD004639,,CUST00632,Hyderabad,28.0,Rich Dad Poor Dad,Books,2,482.3,6.2,UPI,Delivered,
ORD004640,2026-12-08,CUST01775,Pune,18.0,Dry Fruits Mix 500g,Grocery,1,602.97,6.2,UPI,Delivered,4.5
ORD004641,,CUST01951,Mumbai,29.0,Running Shoes,Fashion,3,2508.17,14.1,UPI,Delivered,3.9
ORD004642,,CUST00672,Delhi,28.0,Wireless Earbuds,Electronics,2,2507.78,10.1,Wallet,Delivered,5.0
ORD004643,2025-11-12,CUST01774,Surat,29.0,Sunscreen SPF 50,Beauty,2,742.23,15.6,UPI,Delivered,4.1
ORD004644,,CUST01919,Mysuru,23.0,Moisturizer,Beauty,1,616.79,10.7,Debit Card,Delivered,4.5
ORD004645,,CUST01060,chennai,26.0,Electric Kettle,Home & Kitchen,1,1608.42,4.3,Debit Card,Delivered,4.0
ORD004646,,CUST00221,Lucknow,18.0,Competitive Aptitude,Books,2,442.45,15.0,UPI,Delivered,5.0
ORD004647,2025-06-10,CUST01053,Delhi,30.0,Wireless Earbuds,Electronics,1,2470.94,15.7,Debit Card,Delivered,4.4
ORD004648,2026-10-05,CUST01178,Mumbai,29.0,Wireless Earbuds,Electronics,1,2528.71,11.3,UPI,Delivered,5.0
ORD004649,,CUST02036,Mysuru,32.0,Basmati Rice 5kg,Grocery,3,741.59,2.4,Credit Card,Delivered,6.0
ORD004650,,CUST01160,Chennai,23.0,Sunscreen SPF 50,Beauty,1,680.63,9.1,Credit Card,Delivered,5.0
ORD004651,2025-07-11,CUST00451,Hyderabad,38.0,Basmati Rice 5kg,Grocery,2,729.93,7.8,Wallet,Delivered,2.3
ORD004652,2026-06-06,CUST00837,Ahmedabad,27.0,SQL for Beginners,Books,2,670.72,4.8,Cash on Delivery,Delivered,4.8
ORD004653,,CUST00960,Surat,33.0,Denim Jeans,Fashion,2,1750.45,12.3,UPI,Delivered,
ORD004654,2025-06-12,CUST01685,Bengaluru,30.0,Python Programming,Books,3,737.39,9.9,UPI,Delivered,4.8
ORD004655,2025-08-10,CUST01834,Kolkata,26.0,Denim Jeans,Fashion,2,1737.67,13.1,Credit Card,Delivered,3.6
ORD004656,,CUST00105,Chandigarh,32.0,Body Lotion,Beauty,1,444.88,4.1,Credit Card,Delivered,4.9
ORD004657,,CUST00820,Pune,18.0,USB-C Fast Charger,Electronics,1,1014.85,9.6,Cash on Delivery,Cancelled,
ORD004658,2026-12-06,CUST00567,Ahmedabad,23.0,Wireless Earbuds,Electronics,1,2527.76,12.0,Credit Card,Delivered,4.0
ORD004659,,CUST01428,Mumbai,35.0,Resistance Bands,Sports & Fitness,2,599.16,2.1,UPI,Delivered,5.0
ORD004660,,CUST00924,Mangaluru,42.0,Protein Oats 1kg,Grocery,1,376.93,10.7,UPI,Delivered,3.9
ORD004661,,CUST01528,Jaipur,28.0,Women's Kurti,Fashion,2,976.71,15.3,UPI,Delivered,4.2
ORD004662,,CUST00186,Kolkata,20.0,Storage Container Set,Home & Kitchen,2,923.96,4.7,Wallet,Delivered,3.8
ORD004663,2026-09-05,CUST01648,Mangaluru,39.0,Shampoo,Beauty,2,541.28,11.6,UPI,Delivered,3.8
ORD004664,2026-10-03,CUST00047,Hyderabad,33.0,Hair Serum,Beauty,2,505.92,6.3,UPI,Delivered,4.7
ORD004665,,CUST00677,Chandigarh,24.0,Sunscreen SPF 50,Beauty,2,672.26,6.4,Debit Card,Delivered,4.9
ORD004666,2026-02-04,CUST01623,Hyderabad,19.0,Cotton T-Shirt,Fashion,1,723.23,6.8,Net Banking,Delivered,2.5
ORD004667,2026-06-05,CUST00178,Lucknow,34.0,Laptop Backpack,Electronics,2,1876.79,3.7,Wallet,Delivered,4.1
ORD004668,2025-10-10,CUST00187,Kolkata,,USB-C Fast Charger,Electronics,2,956.55,10.5,Net Banking,Delivered,4.7
ORD004669,,CUST01194,Mysuru,28.0,Electric Kettle,Home & Kitchen,1,1439.72,10.1,UPI,Delivered,3.4
ORD004670,2026-11-07,CUST01809,Chandigarh,24.0,Moisturizer,Beauty,1,640.04,11.4,UPI,Delivered,3.0
ORD004671,,CUST01306,Ahmedabad,28.0,Wireless Earbuds,Electronics,1,2362.89,12.0,Credit Card,Delivered,3.3
ORD004672,2026-02-07,CUST00670,Hyderabad,33.0,Coffee 500g,Grocery,1,457.27,5.2,Net Banking,Delivered,3.3
ORD004673,2026-12-01,CUST01649,Delhi,23.0,Body Lotion,Beauty,2,454.71,10.4,UPI,Delivered,4.7
ORD004674,,CUST01957,Chandigarh,24.0,Storage Container Set,Home & Kitchen,1,820.27,6.0,Credit Card,Delivered,3.8
ORD004675,,CUST01257,Surat,24.0,Basmati Rice 5kg,Grocery,2,705.73,15.5,Credit Card,Delivered,4.5
ORD004676,2025-12-10,CUST01787,Delhi,25.0,Running Shoes,Fashion,1,2668.11,13.8,UPI,Delivered,2.7
ORD004677,,CUST00336,Mysuru,29.0,Cotton T-Shirt,Fashion,2,688.78,16.0,Credit Card,Delivered,4.2
ORD004678,,CUST00897,Surat,26.0,Cooking Oil 5L,Grocery,2,772.99,4.6,Net Banking,Delivered,4.8
ORD004679,,CUST00917,Kochi,24.0,USB-C Fast Charger,Electronics,2,1026.54,3.1,UPI,Delivered,3.7
ORD004680,,CUST00646,Kolkata,31.0,Sports Track Pants,Fashion,2,1221.88,9.8,UPI,Cancelled,
ORD004681,,CUST01239,Pune,18.0,Mixer Grinder,Home & Kitchen,1,3417.07,9.5,UPI,Delivered,4.5
ORD004682,2026-04-04,CUST00175,Bengaluru,33.0,Cooking Oil 5L,Grocery,1,781.58,4.8,Credit Card,Delivered,3.9
ORD004683,,CUST00243,Kolkata,25.0,Skipping Rope,Sports & Fitness,1,301.8,3.9,UPI,Delivered,1.9
ORD004684,,CUST00418,Chandigarh,35.0,Women's Kurti,Fashion,3,944.3,14.7,Debit Card,Delivered,4.0
ORD004685,2025-07-11,CUST00548,Surat,42.0,LED Desk Lamp,Home & Kitchen,2,953.2,13.5,Credit Card,Cancelled,
ORD004686,2026-06-02,CUST00272,Bengaluru,34.0,Rich Dad Poor Dad,Books,2,512.39,14.2,UPI,Delivered,5.0
ORD004687,2026-10-02,CUST00948,Delhi,22.0,Wireless Earbuds,Electronics,2,2522.08,10.2,Credit Card,Delivered,3.5
ORD004688,,CUST00393,Chandigarh,21.0,Women's Kurti,Fashion,1,964.83,16.4,UPI,Delivered,3.1
ORD004689,,CUST02023,jaipur,28.0,Cotton T-Shirt,Fashion,1,702.38,5.7,UPI,Cancelled,
ORD004690,,CUST01827,Kochi,40.0,Mixer Grinder,Home & Kitchen,3,3498.26,15.6,UPI,Delivered,4.6
ORD004691,2026-10-04,CUST01253,Pune,35.0,Almonds 500g,Grocery,2,509.06,5.5,Cash on Delivery,Delivered,3.2
ORD004692,2025-06-10,CUST00528,Lucknow,33.0,Water Bottle,Home & Kitchen,2,703.14,13.5,Debit Card,Delivered,4.3
ORD004693,2025-09-11,CUST00891,Kolkata,29.0,Cricket Bat,Sports & Fitness,2,2410.91,8.1,UPI,Delivered,4.6
ORD004694,2026-10-08,CUST00533,chennai,19.0,,Home & Kitchen,1,682.64,6.1,UPI,Pending,
ORD004695,2025-10-09,CUST01971,Chennai,20.0,Basmati Rice 5kg,Grocery,3,751.68,7.4,Credit Card,Delivered,4.3
ORD004696,2025-12-11,CUST01505,Ahmedabad,24.0,Running Shoes,Fashion,1,2513.58,13.2,Debit Card,Delivered,3.7
ORD004697,,CUST00791,Mumbai,42.0,USB-C Fast Charger,Electronics,1,1100.84,10.7,Credit Card,Delivered,4.0
ORD004698,2026-04-08,CUST00211,Lucknow,41.0,Dumbbell Set 10kg,Sports & Fitness,2,1872.46,9.2,Credit Card,Cancelled,
ORD004699,,CUST00231,Ahmedabad,26.0,Water Bottle,Home & Kitchen,2,680.67,6.9,UPI,Delivered,3.3
ORD004700,2026-02-04,CUST01408,Delhi,37.0,Power Bank 20000mAh,Electronics,1,1553.39,9.7,UPI,Delivered,2.9
ORD004701,2026-05-06,CUST01481,Mumbai,21.0,Cooking Oil 5L,Grocery,2,860.39,8.4,Cash on Delivery,Delivered,4.0
ORD004702,2025-05-12,CUST01324,Chandigarh,42.0,Shampoo,Beauty,2,507.59,2.1,Wallet,Delivered,4.5
ORD004703,,CUST00219,Hyderabad,28.0,Skipping Rope,Sports & Fitness,2,289.97,5.4,Cash on Delivery,Delivered,4.5
ORD004704,,CUST01692,Mumbai,30.0,Cushion Set,Home & Kitchen,2,761.39,9.0,Debit Card,Delivered,4.3
ORD004705,2025-07-09,CUST00432,Pune,21.0,Bluetooth Speaker,Electronics,1,1825.64,7.1,Debit Card,Delivered,4.1
ORD004706,2026-05-02,CUST00447,Pune,24.0,Moisturizer,Beauty,2,648.92,13.8,Debit Card,Delivered,5.0
ORD004707,2026-01-04,CUST00656,Delhi,33.0,Women's Kurti,Fashion,1,988.38,6.1,UPI,Delivered,5.0
ORD004708,,CUST00504,Lucknow,18.0,Mechanical Keyboard,Electronics,1,2838.95,8.1,UPI,Delivered,4.2
ORD004709,,CUST00884,Mumbai,32.0,1080p Webcam,Electronics,1,2402.4,13.1,UPI,Delivered,3.8
ORD004710,2026-07-02,CUST01590,Bengaluru,23.0,Python Programming,Books,2,732.3,9.6,Credit Card,Delivered,4.4
ORD004711,2026-06-07,CUST00198,Pune,29.0,Machine Learning Basics,Books,1,882.85,12.9,UPI,Delivered,5.0
ORD004712,2026-01-04,CUST00385,Mangaluru,34.0,Protein Oats 1kg,Grocery,1,376.22,11.8,Cash on Delivery,Delivered,3.6
ORD004713,2026-01-07,CUST01231,Kochi,48.0,Storage Container Set,Home & Kitchen,2,896.49,2.2,Net Banking,Returned,2.2
ORD004714,,CUST00813,Bengaluru,26.0,Rich Dad Poor Dad,Books,1,517.0,4.6,Net Banking,Delivered,3.6
ORD004715,,CUST00195,Hyderabad,29.0,Cooking Oil 5L,Grocery,2,782.0,12.1,Wallet,Pending,
ORD004716,,CUST01234,Delhi,18.0,Cycling Helmet,Sports & Fitness,1,1580.39,1.7,Credit Card,Delivered,3.8
ORD004717,,CUST00134,Chandigarh,40.0,Lipstick,Beauty,1,577.36,9.0,UPI,Delivered,3.6
ORD004718,2026-09-08,CUST01744,Kochi,28.0,Cotton T-Shirt,Fashion,2,710.48,11.4,UPI,Delivered,4.7
ORD004719,2026-05-03,CUST00451,Hyderabad,38.0,Electric Kettle,Home & Kitchen,1,1494.72,13.1,Cash on Delivery,Delivered,3.9
ORD004720,,CUST00402,Chandigarh,33.0,Denim Jeans,Fashion,1,1803.03,6.1,Credit Card,Delivered,4.3
ORD004721,2026-03-03,CUST01665,Chennai,23.0,Running Shoes,Fashion,2,2545.27,10.2,UPI,Returned,
ORD004722,,CUST02041,Pune,,Skipping Rope,Sports & Fitness,2,312.38,11.7,UPI,Pending,
ORD004723,2025-07-09,CUST00156,Delhi,18.0,Power Bank 20000mAh,Electronics,2,1479.01,9.4,Net Banking,Delivered,4.1
ORD004724,,CUST00181,Hyderabad,32.0,Cricket Bat,Sports & Fitness,3,2277.18,9.5,UPI,Delivered,4.0
ORD004725,,CUST00833,Jaipur,36.0,USB-C Fast Charger,Electronics,1,980.92,8.3,Debit Card,Delivered,5.0
ORD004726,,CUST00473,Mumbai,35.0,Cotton T-Shirt,Fashion,3,717.16,9.8,UPI,Delivered,4.2
ORD004727,,CUST01238,Chennai,18.0,Lipstick,Beauty,1,595.63,11.5,Debit Card,Delivered,2.9
ORD004728,,CUST01424,Chennai,21.0,Storage Container Set,Home & Kitchen,2,831.23,1.9,Debit Card,Delivered,3.4
ORD004729,,CUST00131,Bengaluru,39.0,Sunscreen SPF 50,Beauty,2,740.54,9.7,Net Banking,Delivered,5.0
ORD004730,2026-07-08,CUST02007,Chennai,28.0,Water Bottle,Home & Kitchen,1,670.56,11.4,UPI,Returned,
ORD004731,2025-04-09,CUST00978,Lucknow,24.0,Cricket Bat,Sports & Fitness,1,2423.71,13.3,Credit Card,Delivered,2.5
ORD004732,,CUST00715,Ahmedabad,35.0,Skipping Rope,Sports & Fitness,3,270.43,0.4,UPI,Delivered,4.3
ORD004733,,CUST00112,Kolkata,34.0,Machine Learning Basics,Books,1,874.86,6.9,Credit Card,Delivered,3.2
ORD004734,,CUST00387,Lucknow,41.0,Running Shoes,Fashion,2,2402.16,7.6,UPI,Delivered,4.2
ORD004735,2026-04-02,CUST01337,Delhi,30.0,Almonds 500g,Grocery,2,514.6,9.6,Credit Card,Delivered,4.5
ORD004736,2025-08-10,CUST01223,Delhi,34.0,Women's Kurti,Fashion,3,934.8,17.7,Cash on Delivery,Delivered,4.6
ORD004737,,CUST00219,Hyderabad,28.0,Power Bank 20000mAh,Electronics,2,1425.3,9.3,Credit Card,Pending,
ORD004738,,CUST01086,Delhi,39.0,Denim Jeans,Fashion,1,1852.44,10.5,UPI,Returned,
ORD004739,,CUST00970,Hyderabad,27.0,Men's Casual Shirt,Fashion,2,1193.46,7.5,UPI,Delivered,
ORD004740,2025-05-12,CUST01223,Delhi,34.0,Indian History,Books,1,559.97,6.2,Credit Card,Delivered,
ORD004741,,CUST00969,Pune,39.0,Power Bank 20000mAh,Electronics,2,1546.58,8.6,UPI,Delivered,4.2
ORD004742,,CUST01023,Chennai,32.0,Mechanical Keyboard,Electronics,1,3004.01,10.2,Cash on Delivery,Delivered,4.1
ORD004743,2025-08-10,CUST00261,Delhi,20.0,Competitive Aptitude,Books,1,413.59,7.9,Credit Card,Delivered,4.1
ORD004744,2026-06-05,CUST01036,Chennai,30.0,LED Desk Lamp,Home & Kitchen,3,977.78,9.7,Cash on Delivery,Delivered,3.9
ORD004745,,CUST01160,Chennai,23.0,Gym Gloves,Sports & Fitness,2,476.1,8.3,UPI,Cancelled,5.5
ORD004746,2026-09-08,CUST00823,Bengaluru,27.0,USB-C Fast Charger,Electronics,2,1082.38,10.6,UPI,Delivered,5.0
ORD004747,,CUST00603,Delhi,34.0,Mechanical Keyboard,Electronics,1,2874.7,12.7,Credit Card,Delivered,3.4
ORD004748,,CUST01873,,32.0,USB-C Fast Charger,Electronics,1,984.61,8.3,Debit Card,Delivered,4.5
ORD004749,,CUST00091,Chandigarh,29.0,Yoga Mat,Sports & Fitness,1,763.58,9.9,Debit Card,Cancelled,
ORD004750,,CUST01719,Pune,29.0,Perfume,Beauty,2,1316.18,2.9,UPI,Delivered,2.4
ORD004751,,CUST01785,Hyderabad,31.0,LED Desk Lamp,Home & Kitchen,2,998.69,9.1,Credit Card,Delivered,3.4
ORD004752,2026-08-03,CUST00218,Delhi,23.0,Bluetooth Speaker,Electronics,1,1676.01,1.1,Net Banking,Delivered,4.7
ORD004753,2026-02-05,CUST00570,Mysuru,18.0,Laptop Backpack,Electronics,1,1922.37,10.4,Wallet,Cancelled,
ORD004754,,CUST00366,Mumbai ,37.0,Backpack,Fashion,2,1383.64,11.5,UPI,Delivered,3.8
ORD004755,2026-10-08,CUST01065,Mysuru,28.0,Cooking Oil 5L,Grocery,2,804.22,10.6,Debit Card,Delivered,
ORD004756,,CUST01935,Chandigarh,24.0,Storage Container Set,Home & Kitchen,2,835.66,13.0,Credit Card,Delivered,3.4
ORD004757,,CUST01969,Hyderabad,34.0,Skipping Rope,Sports & Fitness,2,295.31,1.7,Debit Card,Delivered,3.8
ORD004758,,CUST00820,Pune,18.0,Smartwatch,Electronics,2,3463.77,5.1,Debit Card,Returned,2.3
ORD004759,2026-06-08,CUST00216,Hyderabad,35.0,Smartwatch,Electronics,1,3342.47,12.8,UPI,Delivered,
ORD004760,2026-02-06,CUST01783,Mumbai,35.0,Yoga Mat,Sports & Fitness,2,838.3,11.3,UPI,Delivered,4.6
ORD004761,,CUST00654,Mumbai,18.0,Resistance Bands,Sports & Fitness,2,637.51,9.2,Net Banking,Cancelled,
ORD004762,2025-03-12,CUST00933,Delhi,36.0,Cotton T-Shirt,Fashion,1,747.48,22.4,UPI,Cancelled,
ORD004763,,CUST00588,Jaipur,,Running Shoes,Fashion,2,2600.49,10.3,,Delivered,
ORD004764,,CUST00649,Pune,28.0,Atomic Habits,Books,1,613.04,10.7,Wallet,Delivered,
ORD004765,2026-12-02,CUST00638,Kochi,33.0,Rich Dad Poor Dad,Books,1,483.83,8.5,UPI,Delivered,4.9
ORD004766,,CUST01963,Chennai,29.0,Cotton T-Shirt,Fashion,2,708.72,7.4,UPI,Pending,
ORD004767,,CUST01406,Delhi,28.0,Storage Container Set,Home & Kitchen,1,990.71,10.8,UPI,Delivered,4.3
ORD004768,,CUST00663,Jaipur,29.0,Green Tea 100 Bags,Grocery,2,327.34,3.4,Wallet,Delivered,4.1
ORD004769,,CUST01201,Kolkata,28.0,Python Programming,Books,1,698.41,5.0,UPI,Cancelled,
ORD004770,,CUST01718,Kochi,18.0,Moisturizer,Beauty,3,647.99,14.5,Net Banking,Delivered,4.7
ORD004771,,CUST01307,Mumbai,19.0,Electric Kettle,Home & Kitchen,2,1569.29,13.3,Cash on Delivery,Delivered,3.7
ORD004772,,CUST01468,Chennai,30.0,Men's Casual Shirt,Fashion,3,1233.2,10.1,UPI,Delivered,3.7
ORD004773,,CUST01896,Pune,31.0,Indian History,Books,2,576.94,6.7,UPI,Returned,1.8
ORD004774,,CUST00064,Surat,30.0,Bedsheet Set,Home & Kitchen,1,1687.13,17.0,UPI,Delivered,4.3
ORD004775,,CUST01492,Kolkata,38.0,Yoga Mat,Sports & Fitness,3,787.57,5.6,Debit Card,Delivered,4.1
ORD004776,2025-09-09,CUST00292,Ahmedabad,37.0,Mechanical Keyboard,Electronics,1,2890.68,7.6,Debit Card,Delivered,4.0
ORD004777,2025-05-11,CUST00823,Bengaluru,27.0,USB-C Fast Charger,Electronics,2,1019.65,7.4,Net Banking,Delivered,4.0
ORD004778,,CUST01365,Kochi,39.0,Cricket Bat,Sports & Fitness,1,2424.99,8.3,Debit Card,Delivered,4.2
ORD004779,,CUST01103,Delhi,30.0,Resistance Bands,Sports & Fitness,2,621.14,3.0,UPI,Delivered,3.5
ORD004780,2026-06-03,CUST00506,Jaipur,21.0,SQL for Beginners,Books,2,621.33,14.0,UPI,Delivered,3.8
ORD004781,2025-03-11,CUST01492,Kolkata,38.0,Indian History,Books,1,569.81,9.6,Cash on Delivery,Delivered,3.8
ORD004782,2025-03-11,CUST00236,Mysuru,23.0,Water Bottle,Home & Kitchen,2,666.95,8.5,UPI,Delivered,3.8
ORD004783,,CUST01832,Surat,29.0,USB-C Fast Charger,Electronics,2,977.86,5.5,Wallet,Delivered,4.4
ORD004784,2025-09-11,CUST01756,Bengaluru,38.0,Data Structures,Books,1,853.53,7.4,Credit Card,Delivered,
ORD004785,,CUST01136,Kochi,33.0,Data Structures,Books,1,748.45,11.3,UPI,Returned,3.0
ORD004786,,CUST01869,Bengaluru,26.0,Denim Jeans,Fashion,2,1877.44,9.6,UPI,Delivered,4.0
ORD004787,,CUST00360,Surat,18.0,Power Bank 20000mAh,Electronics,1,1390.64,11.5,UPI,Delivered,5.0
ORD004788,2026-04-04,CUST00594,Chennai,38.0,Yoga Mat,Sports & Fitness,1,741.8,8.0,Credit Card,Delivered,3.9
ORD004789,,CUST01470,Jaipur,26.0,Non-Stick Fry Pan,Home & Kitchen,1,1261.74,11.1,UPI,Delivered,4.2
ORD004790,2026-10-01,CUST01288,Bengaluru,43.0,Non-Stick Fry Pan,Home & Kitchen,1,1315.6,1.7,Debit Card,Delivered,5.0
ORD004791,2026-10-07,CUST00670,Hyderabad,33.0,Running Shoes,Fashion,2,2433.11,14.5,UPI,Delivered,4.4
ORD004792,2025-11-11,CUST01732,Bengaluru,31.0,Cotton T-Shirt,Fashion,2,681.29,11.4,UPI,Cancelled,
ORD004793,,CUST00844,Ahmedabad,28.0,Face Wash,Beauty,2,411.38,5.3,UPI,Delivered,3.0
ORD004794,2026-09-05,CUST01030,Pune,35.0,Wireless Earbuds,Electronics,1,2556.97,5.5,UPI,Delivered,4.0
ORD004795,,CUST01367,Chennai,34.0,Cycling Helmet,Sports & Fitness,2,1685.48,13.8,Wallet,Delivered,3.3
ORD004796,,CUST00562,Kolkata,32.0,Basmati Rice 5kg,Grocery,1,745.1,0.0,UPI,Delivered,4.1
ORD004797,,CUST01904,Jaipur,30.0,Basmati Rice 5kg,Grocery,1,786.21,19.1,Credit Card,Delivered,4.8
ORD004798,,CUST00799,Kochi,33.0,Electric Kettle,Home & Kitchen,3,1684.69,11.7,Cash on Delivery,Delivered,4.5
ORD004799,,CUST00607,Surat,34.0,Mechanical Keyboard,Electronics,2,2835.27,3.5,Credit Card,Delivered,3.3
ORD004800,,CUST01241,Hyderabad,29.0,Storage Container Set,Home & Kitchen,2,920.92,9.0,Debit Card,Delivered,
ORD004801,,CUST01368,Mumbai,18.0,Basmati Rice 5kg,Grocery,1,749.72,11.0,UPI,Cancelled,
ORD004802,2026-02-08,CUST00912,Kochi,26.0,Rich Dad Poor Dad,Books,1,480.09,10.0,UPI,Delivered,4.0
ORD004803,2025-02-12,CUST01273,Pune,25.0,Women's Kurti,Fashion,1,1046.49,5.0,Net Banking,Delivered,
ORD004804,2026-09-07,CUST01952,Surat,33.0,Wireless Earbuds,Electronics,1,2448.11,14.1,UPI,Delivered,4.2
ORD004805,,CUST00513,Delhi,38.0,Data Structures,Books,2,812.02,5.7,Net Banking,Delivered,3.7
ORD004806,2026-09-01,CUST00210,Hyderabad,18.0,Indian History,Books,1,550.06,11.4,Net Banking,Delivered,4.8
ORD004807,2026-09-02,CUST00395,Delhi,32.0,Coffee 500g,Grocery,1,422.94,5.0,UPI,Delivered,4.0
ORD004808,2026-02-04,CUST00497,Kochi,29.0,Non-Stick Fry Pan,Home & Kitchen,1,1280.17,10.4,Debit Card,Delivered,5.0
ORD004809,,CUST01381,Bengaluru,28.0,Bedsheet Set,Home & Kitchen,3,1760.23,8.8,UPI,Returned,2.7
ORD004810,,CUST00664,Bengaluru,35.0,USB-C Fast Charger,Electronics,2,996.21,3.2,Credit Card,Delivered,4.4
ORD004811,,CUST01143,Delhi,30.0,Cooking Oil 5L,Grocery,1,777.44,12.4,Cash on Delivery,Delivered,5.0
ORD004812,,CUST00933,Delhi,36.0,USB-C Fast Charger,Electronics,1,991.8,7.1,UPI,Delivered,3.4
ORD004813,2026-05-07,CUST00221,Lucknow,18.0,Competitive Aptitude,Books,1,445.98,8.9,UPI,Delivered,3.4
ORD004814,,CUST02046,Kolkata,20.0,Bedsheet Set,Home & Kitchen,3,1678.86,5.1,Debit Card,Delivered,5.0
ORD004815,2026-11-04,CUST01735,Delhi,31.0,Cotton T-Shirt,Fashion,2,719.19,16.7,UPI,Delivered,3.7
ORD004816,,CUST00924,Mangaluru,42.0,Atomic Habits,Books,3,599.44,10.5,UPI,Returned,2.4
ORD004817,,CUST01834,Kolkata,26.0,Almonds 500g,Grocery,2,518.36,7.6,Net Banking,Delivered,4.4
ORD004818,,CUST01442,Chandigarh,35.0,Cricket Bat,Sports & Fitness,1,2412.57,12.7,UPI,Delivered,4.5
ORD004819,,CUST00956,Bengaluru,33.0,Water Bottle,Home & Kitchen,1,712.27,0.4,UPI,Delivered,4.9
ORD004820,2026-09-05,CUST00328,Kochi,40.0,Running Shoes,Fashion,1,2301.7,5.3,Credit Card,Delivered,3.8
ORD004821,,CUST01677,Kochi,21.0,Smartwatch,Electronics,2,3155.17,6.3,Credit Card,Delivered,5.0
ORD004822,2025-11-10,CUST01450,Delhi,29.0,LED Desk Lamp,Home & Kitchen,1,1075.54,12.5,Net Banking,Delivered,4.7
ORD004823,,CUST00222,Pune,28.0,Coffee 500g,Grocery,2,450.42,12.9,Credit Card,Delivered,4.2
ORD004824,,CUST01360,Delhi,42.0,Cotton T-Shirt,Fashion,1,682.19,9.2,Credit Card,Delivered,4.1
ORD004825,,CUST00543,Ahmedabad,32.0,Coffee 500g,Grocery,2,423.58,12.9,UPI,Delivered,3.6
ORD004826,2025-12-09,CUST01442,Chandigarh,35.0,Shampoo,Beauty,1,547.96,14.7,Debit Card,Delivered,2.4
ORD004827,2026-11-08,CUST00230,Bengaluru,27.0,Denim Jeans,Fashion,3,1868.67,14.4,UPI,Delivered,3.9
ORD004828,2026-04-06,CUST00431,Mangaluru,37.0,Skipping Rope,Sports & Fitness,1,288.8,3.3,UPI,Returned,3.9
ORD004829,,CUST01621,Jaipur,18.0,Moisturizer,Beauty,2,642.78,8.5,UPI,Delivered,5.0
ORD004830,2026-11-08,CUST00031,Hyderabad,32.0,Python Programming,Books,2,689.46,15.7,UPI,Delivered,4.1
ORD004831,2026-03-04,CUST01921,Chandigarh,30.0,Mechanical Keyboard,Electronics,2,2852.38,3.7,Cash on Delivery,Delivered,3.9
ORD004832,,CUST00251,Chennai,33.0,Hair Serum,Beauty,1,492.94,11.8,Net Banking,Delivered,4.3
ORD004833,,CUST00141,Delhi,49.0,Running Shoes,Fashion,1,2604.08,1.8,Cash on Delivery,Delivered,4.3
ORD004834,2026-05-05,CUST00832,Surat,33.0,Python Programming,Books,2,706.97,5.5,Cash on Delivery,Cancelled,
ORD004835,,CUST00091,Chandigarh,29.0,Running Shoes,Fashion,2,2486.08,11.0,UPI,Returned,3.7
ORD004836,2026-01-03,CUST00657,Kolkata,36.0,Atomic Habits,Books,2,608.83,9.7,Cash on Delivery,Delivered,2.9
ORD004837,,CUST00412,Mysuru,30.0,Sunscreen SPF 50,Beauty,1,680.1,18.8,Cash on Delivery,Delivered,3.4
ORD004838,,CUST00971,Chandigarh,38.0,Organic Honey 500g,Grocery,2,424.61,8.1,UPI,Delivered,3.0
ORD004839,,CUST00531,Mysuru,31.0,Organic Honey 500g,Grocery,4,437.42,2.9,UPI,Delivered,3.6
ORD004840,,CUST01314,Pune,32.0,Backpack,Fashion,2,1278.96,10.8,Net Banking,Delivered,5.0
ORD004841,,CUST02024,Chennai,33.0,Sports Track Pants,Fashion,1,1234.35,8.2,UPI,Delivered,2.6
ORD004842,,CUST01699,Bengaluru,,Resistance Bands,Sports & Fitness,1,633.09,4.3,UPI,Delivered,5.0
ORD004843,,CUST01427,Mysuru,42.0,Saree,Fashion,1,2161.44,10.3,Debit Card,Delivered,4.2
ORD004844,,CUST00439,Surat,37.0,Denim Jeans,Fashion,3,1787.65,12.7,Credit Card,Delivered,4.6
ORD004845,,CUST00651,Kolkata,37.0,SQL for Beginners,Books,3,604.92,9.9,Debit Card,Delivered,3.2
ORD004846,,CUST01529,Kochi,39.0,Shampoo,Beauty,2,528.45,5.3,Wallet,Delivered,4.0
ORD004847,,CUST01312,Delhi,30.0,Running Shoes,Fashion,1,2457.08,9.2,Debit Card,Delivered,4.7
ORD004848,,CUST01414,Kolkata,33.0,Bluetooth Speaker,Electronics,2,1767.63,12.5,Debit Card,Delivered,3.8
ORD004849,,CUST01298,Jaipur,29.0,Machine Learning Basics,Books,4,913.56,3.6,UPI,Cancelled,
ORD004850,,CUST01381,Bengaluru,28.0,Bedsheet Set,Home & Kitchen,1,1799.89,15.6,UPI,Delivered,4.2
ORD004851,,CUST01916,Hyderabad,25.0,Face Wash,Beauty,1,392.17,0.0,UPI,Delivered,4.0
ORD004852,2026-07-08,CUST01627,Kochi,25.0,Skipping Rope,Sports & Fitness,2,288.35,8.7,UPI,Delivered,3.1
ORD004853,,CUST01261,Kolkata,20.0,Non-Stick Fry Pan,Home & Kitchen,1,1338.09,9.2,Wallet,Delivered,2.6
ORD004854,,CUST00765,Mysuru,26.0,Yoga Mat,Sports & Fitness,2,731.88,7.1,UPI,Delivered,3.0
ORD004855,,CUST01887,Pune,28.0,Women's Kurti,Fashion,2,966.93,6.4,Credit Card,Delivered,4.0
ORD004856,,CUST00925,Chandigarh,43.0,Mechanical Keyboard,Electronics,2,2775.85,10.0,Credit Card,Delivered,4.7
ORD004857,,CUST00285,Chennai,48.0,Body Lotion,Beauty,1,440.24,11.7,UPI,Cancelled,
ORD004858,,CUST00017,Pune,40.0,USB-C Fast Charger,Electronics,2,1022.0,12.3,Cash on Delivery,Delivered,4.1
ORD004859,2026-02-02,CUST00110,Kochi,26.0,Protein Oats 1kg,Grocery,2,371.9,7.0,Credit Card,Delivered,
ORD004860,2025-02-09,CUST01248,Bengaluru,22.0,Green Tea 100 Bags,Grocery,1,352.1,16.0,Cash on Delivery,Delivered,4.0
ORD004861,,CUST01844,Hyderabad,37.0,Basmati Rice 5kg,Grocery,3,716.71,9.5,UPI,Delivered,4.5
ORD004862,2025-10-09,CUST01554,Kolkata,35.0,Football,Sports & Fitness,1,868.2,9.1,Debit Card,Delivered,4.6
ORD004863,,CUST00572,Jaipur,27.0,Water Bottle,Home & Kitchen,1,695.21,11.2,Cash on Delivery,Delivered,4.7
ORD004864,,CUST00429,Bengaluru,41.0,Basmati Rice 5kg,Grocery,5,729.24,9.0,UPI,Delivered,4.3
ORD004865,2025-03-12,CUST00231,Ahmedabad,26.0,Denim Jeans,Fashion,1,1769.1,9.4,UPI,Delivered,4.2
ORD004866,,CUST00574,Mumbai,21.0,Cushion Set,Home & Kitchen,1,851.15,13.3,UPI,Delivered,
ORD004867,,CUST00645,Hyderabad,34.0,Data Structures,Books,2,805.7,10.9,UPI,Pending,
ORD004868,,CUST01717,Kolkata,41.0,Dry Fruits Mix 500g,Grocery,4,608.56,1.7,Debit Card,Delivered,4.1
ORD004869,2026-05-01,CUST00902,Hyderabad,27.0,Atomic Habits,Books,3,605.53,3.7,Debit Card,Delivered,3.5
ORD004870,2025-11-09,CUST00898,Surat,28.0,Women's Kurti,Fashion,1,995.58,3.3,UPI,Delivered,3.5
ORD004871,2025-07-11,CUST00618,Pune,39.0,Dumbbell Set 10kg,Sports & Fitness,2,1956.35,8.9,Debit Card,Delivered,4.0
ORD004872,,CUST01791,Pune,18.0,Data Structures,Books,1,838.44,5.2,Net Banking,Delivered,4.5
ORD004873,2025-12-12,CUST01668,Bengaluru,25.0,Bedsheet Set,Home & Kitchen,1,1820.18,6.7,Credit Card,Delivered,3.8
ORD004874,,CUST01348,Kochi,29.0,Women's Kurti,Fashion,2,982.47,8.0,UPI,Delivered,4.2
ORD004875,,CUST01760,Hyderabad,33.0,Green Tea 100 Bags,Grocery,1,332.27,6.3,Cash on Delivery,Delivered,5.0
ORD004876,,CUST00898,Surat,28.0,Hair Serum,Beauty,1,479.26,12.8,UPI,Delivered,5.0
ORD004877,,CUST01009,Chandigarh,23.0,Almonds 500g,Grocery,4,465.42,10.0,UPI,Delivered,4.9
ORD004878,,CUST00968,Hyderabad,18.0,Saree,Fashion,2,2270.84,,UPI,Delivered,3.6
ORD004879,2026-04-07,CUST01392,Bengaluru,43.0,1080p Webcam,Electronics,1,2441.27,3.4,UPI,Delivered,3.8
ORD004880,,CUST00135,Pune,30.0,Resistance Bands,Sports & Fitness,3,615.83,9.9,UPI,Returned,4.2
ORD004881,2026-06-02,CUST00487,Lucknow,27.0,Mixer Grinder,Home & Kitchen,2,3284.32,6.6,UPI,Delivered,3.0
ORD004882,2025-03-10,CUST00593,Mumbai,28.0,Smartwatch,Electronics,2,3527.33,5.0,Credit Card,Delivered,3.5
ORD004883,,CUST01668,Bengaluru,25.0,LED Desk Lamp,Home & Kitchen,1,972.55,3.1,Credit Card,Delivered,2.7
ORD004884,2025-07-12,CUST01393,Ahmedabad,46.0,Cycling Helmet,Sports & Fitness,1,1566.39,8.2,UPI,Returned,3.0
ORD004885,,CUST01036,Chennai,30.0,Gym Gloves,Sports & Fitness,1,488.4,18.3,UPI,Delivered,3.0
ORD004886,,CUST01036,Chennai,30.0,USB-C Fast Charger,Electronics,2,935.35,0.2,UPI,Delivered,4.3
ORD004887,,CUST01915,Mysuru,31.0,Women's Kurti,Fashion,2,975.04,8.8,Debit Card,Delivered,4.9
ORD004888,,CUST01209,Ahmedabad,44.0,Basmati Rice 5kg,Grocery,2,762.94,8.3,UPI,Delivered,4.3
ORD004889,2026-09-08,CUST00052,Hyderabad,19.0,LED Desk Lamp,Home & Kitchen,2,1007.47,6.5,Wallet,Delivered,5.0
ORD004890,,CUST01825,Hyderabad,27.0,Mechanical Keyboard,Electronics,2,2871.79,14.7,Net Banking,Delivered,4.0
ORD004891,,CUST00611,Ahmedabad,18.0,Men's Casual Shirt,Fashion,1,1222.63,15.8,UPI,Delivered,4.8
ORD004892,2026-06-03,CUST01330,Bengaluru,42.0,Electric Kettle,Home & Kitchen,1,1721.75,15.0,UPI,Delivered,4.0
ORD004893,2026-01-05,CUST01811, Mumbai ,38.0,Coffee 500g,Grocery,3,483.19,7.1,UPI,Delivered,5.0
ORD004894,,CUST01360,Delhi,42.0,Non-Stick Fry Pan,Home & Kitchen,2,1368.55,5.0,Credit Card,Delivered,4.4
ORD004895,2025-10-10,CUST00194,Ahmedabad,22.0,Wireless Earbuds,Electronics,2,2397.58,16.4,Debit Card,Delivered,4.0
ORD004896,,CUST01730,Lucknow,31.0,Cooking Oil 5L,Grocery,2,771.65,5.1,UPI,Cancelled,
ORD004897,,CUST00181,Hyderabad,32.0,1080p Webcam,Electronics,2,2267.61,12.1,UPI,Delivered,4.1
ORD004898,,CUST01225,Chandigarh,30.0,Water Bottle,Home & Kitchen,2,697.31,5.1,UPI,Delivered,
ORD004899,,CUST01748,Mumbai,21.0,Cooking Oil 5L,Grocery,1,828.99,9.5,Net Banking,Returned,3.4
ORD004900,,CUST01408,Delhi,37.0,Men's Casual Shirt,Fashion,3,1244.88,8.2,Credit Card,Delivered,4.3
ORD004901,,CUST00349,Delhi,18.0,Skipping Rope,Sports & Fitness,1,306.45,0.2,Credit Card,Delivered,3.7
ORD004902,,CUST01362,Kolkata,30.0,Gym Gloves,Sports & Fitness,2,467.7,2.5,Cash on Delivery,Delivered,4.4
ORD004903,2026-11-01,CUST00823,Bengaluru,27.0,Gym Gloves,Sports & Fitness,2,523.34,3.2,UPI,Delivered,3.5
ORD004904,2025-07-10,CUST01432,Delhi,23.0,Cooking Oil 5L,Grocery,3,887.19,19.2,Credit Card,Delivered,4.2
ORD004905,2025-10-09,CUST00230,Bengaluru,27.0,Coffee 500g,Grocery,1,437.99,14.8,Debit Card,Delivered,4.1
ORD004906,2026-04-05,CUST00245,Surat,37.0,Cricket Bat,Sports & Fitness,2,2378.81,7.2,UPI,Delivered,
ORD004907,,CUST00349,Delhi,18.0,Indian History,Books,1,544.45,9.5,UPI,Delivered,5.0
ORD004908,,CUST01231,Kochi,48.0,Smartwatch,Electronics,2,3168.16,11.9,UPI,Delivered,3.5
ORD004909,,CUST00893,Delhi,31.0,Cotton T-Shirt,Fashion,1,694.55,7.7,Net Banking,Delivered,3.5
ORD004910,2025-09-09,CUST00751,Bengaluru,27.0,Rich Dad Poor Dad,Books,3,512.79,16.2,UPI,Pending,
ORD004911,,CUST00047,Hyderabad,33.0,Smartwatch,Electronics,2,3425.63,3.1,Cash on Delivery,Delivered,5.0
ORD004912,2026-06-02,CUST00344,Mumbai,26.0,Atomic Habits,Books,3,601.88,10.8,Net Banking,Delivered,4.6
ORD004913,2025-12-12,CUST00925,Chandigarh,43.0,Cooking Oil 5L,Grocery,1,826.93,9.1,UPI,Delivered,3.2
ORD004914,,CUST00720,Hyderabad,29.0,Unknown,Home & Kitchen,1,3278.32,14.9,UPI,Delivered,4.8
ORD004915,,CUST01910,Lucknow,33.0,Smartwatch,Electronics,1,3165.03,11.6,Credit Card,Delivered,3.1
ORD004916,2026-01-07,CUST00987,Delhi,34.0,Protein Oats 1kg,Grocery,1,390.17,1.6,Wallet,Delivered,4.1
ORD004917,,CUST00349,Delhi,18.0,Basmati Rice 5kg,Grocery,3,721.15,12.7,Cash on Delivery,Delivered,4.3
ORD004918,,CUST00319,Delhi,31.0,Basmati Rice 5kg,Grocery,2,760.99,10.7,Credit Card,Delivered,3.0
ORD004919,,CUST00799,Kochi,33.0,Storage Container Set,Home & Kitchen,3,880.72,11.6,UPI,Delivered,
ORD004920,2026-03-03,CUST00833,Jaipur,36.0,Cotton T-Shirt,Fashion,2,703.28,6.6,Credit Card,Delivered,4.3
ORD004921,,CUST00393,Chandigarh,21.0,1080p Webcam,Electronics,1,2300.72,5.7,Credit Card,Delivered,
ORD004922,,CUST00426,Hyderabad,38.0,Denim Jeans,Fashion,1,1701.26,16.2,UPI,Delivered,3.7
ORD004923,,CUST00466,Mysuru,30.0,Basmati Rice 5kg,Grocery,1,800.13,9.1,UPI,Delivered,4.1
ORD004924,,CUST01570,Hyderabad,18.0,Cotton T-Shirt,Fashion,1,735.08,10.6,UPI,Delivered,3.0
ORD004925,,CUST01405,Pune,21.0,Cotton T-Shirt,Fashion,3,681.56,8.9,Credit Card,Delivered,3.1
ORD004926,2026-08-02,CUST00882,Ahmedabad,39.0,Almonds 500g,Grocery,2,511.69,3.9,Cash on Delivery,Delivered,3.9
ORD004927,2026-03-04,CUST00048,Ahmedabad,22.0,Moisturizer,Beauty,1,645.49,8.1,Cash on Delivery,Delivered,3.8
ORD004928,,CUST01869,Bengaluru,26.0,Organic Honey 500g,Grocery,1,470.11,12.1,UPI,Delivered,4.2
ORD004929,,CUST01108,Delhi,43.0,Perfume,Beauty,2,1343.33,9.7,UPI,Delivered,5.0
ORD004930,2026-01-08,CUST00638,Kochi,33.0,Mechanical Keyboard,Electronics,2,2953.06,7.1,Wallet,Delivered,4.5
ORD004931,,CUST01844,Hyderabad,37.0,Protein Oats 1kg,Grocery,1,394.85,6.3,Credit Card,Delivered,4.0
ORD004932,,CUST01907,Lucknow,29.0,Atomic Habits,Books,2,640.32,8.3,UPI,Returned,2.3
ORD004933,2025-05-11,CUST00679,Ahmedabad,46.0,Gym Gloves,Sports & Fitness,1,478.1,7.1,UPI,Delivered,4.4
ORD004934,2025-02-10,CUST01904,Jaipur,30.0,Cotton T-Shirt,Fashion,3,732.9,7.7,Cash on Delivery,Delivered,3.2
ORD004935,2025-11-10,CUST00441,Ahmedabad,31.0,Cricket Bat,Sports & Fitness,3,2138.99,15.6,Credit Card,Delivered,3.6
ORD004936,2026-10-03,CUST00010,Hyderabad,31.0,Organic Honey 500g,Grocery,1,431.1,6.7,Debit Card,Delivered,4.5
ORD004937,2025-02-11,CUST01370,Bengaluru,,USB-C Fast Charger,Electronics,2,922.66,7.8,Credit Card,Delivered,
ORD004938,2026-01-03,CUST00961,Surat,48.0,Body Lotion,Beauty,4,430.22,13.6,Cash on Delivery,Delivered,4.3
ORD004939,2026-09-02,CUST00228,Mumbai,31.0,USB-C Fast Charger,Electronics,1,1087.87,9.4,Wallet,Delivered,4.1
ORD004940,,CUST01259,Ahmedabad,21.0,Cooking Oil 5L,Grocery,4,810.4,10.4,Credit Card,Delivered,4.9
ORD004941,2026-01-02,CUST00045,Mangaluru,30.0,SQL for Beginners,Books,1,633.16,12.9,UPI,Delivered,4.4
ORD004942,2025-12-10,CUST00379,Mumbai,24.0,USB-C Fast Charger,Electronics,2,1081.38,3.7,Cash on Delivery,Delivered,3.5
ORD004943,,CUST01044,Bengaluru,24.0,Python Programming,Books,3,719.83,9.4,UPI,Delivered,3.2
ORD004944,,CUST00121,Mangaluru,33.0,Body Lotion,Beauty,2,430.54,15.8,Credit Card,Cancelled,
ORD004945,,CUST01639,Kochi,42.0,Cotton T-Shirt,Fashion,1,671.19,10.6,UPI,Cancelled,
ORD004946,2025-05-12,CUST01938,Lucknow,37.0,Electric Kettle,Home & Kitchen,1,1597.41,16.4,UPI,Delivered,3.3
ORD004947,,CUST01772,Lucknow,37.0,Atomic Habits,Books,2,612.18,12.9,UPI,Delivered,
ORD004948,2025-03-10,CUST00211,Lucknow,41.0,LED Desk Lamp,Home & Kitchen,3,1022.04,5.7,Debit Card,Delivered,
ORD004949,,CUST01285,Mangaluru,47.0,Men's Casual Shirt,Fashion,2,1184.63,11.1,UPI,Delivered,4.6
ORD004950,,CUST00704,Mysuru,28.0,Laptop Backpack,Electronics,1,1862.6,9.3,UPI,Delivered,4.3
ORD004951,,CUST01029,Chennai,41.0,Water Bottle,Home & Kitchen,1,657.24,4.0,UPI,Delivered,3.0
ORD004952,,CUST01346,Surat,34.0,Saree,Fashion,1,2163.61,11.5,Debit Card,Delivered,4.4
ORD004953,,CUST01552,Jaipur,19.0,Dumbbell Set 10kg,Sports & Fitness,1,1871.26,7.6,UPI,Delivered,4.5
ORD004954,,CUST01294,Chennai,31.0,Bluetooth Speaker,Electronics,2,1778.65,4.6,UPI,Delivered,4.3
ORD004955,,CUST01998,Bengaluru,41.0,Bluetooth Speaker,Electronics,1,1781.22,,Credit Card,Delivered,4.0
ORD004956,,CUST00392,Chandigarh,34.0,Coffee 500g,Grocery,1,450.72,9.6,Credit Card,Delivered,4.3
ORD004957,,CUST00692,Mangaluru,36.0,Dry Fruits Mix 500g,Grocery,3,616.74,9.7,UPI,Delivered,
ORD004958,,CUST01851,Surat,29.0,Running Shoes,Fashion,1,2481.54,18.3,Credit Card,Delivered,3.7
ORD004959,,CUST00592,Pune,27.0,Cotton T-Shirt,Fashion,3,689.63,14.2,Cash on Delivery,Delivered,
ORD004960,2026-01-02,CUST01368,Mumbai,18.0,Hair Serum,Beauty,3,517.96,15.4,Cash on Delivery,Delivered,3.7
ORD004961,,CUST00447,Pune,24.0,Electric Kettle,Home & Kitchen,2,1572.38,2.8,Debit Card,Delivered,4.1
ORD004962,2026-02-02,CUST01760,Hyderabad,33.0,Hair Serum,Beauty,1,541.72,0.0,UPI,Delivered,3.8
ORD004963,,CUST01044,Bengaluru,24.0,Water Bottle,Home & Kitchen,1,716.08,10.6,UPI,Delivered,4.3
ORD004964,,CUST00044,Mangaluru,44.0,Gym Gloves,Sports & Fitness,2,462.91,11.9,Cash on Delivery,Delivered,5.0
ORD004965,,CUST01913,Jaipur,29.0,Indian History,Books,1,555.05,7.6,UPI,Delivered,4.5
ORD004966,2026-09-04,CUST01117,Mumbai,28.0,Bedsheet Set,Home & Kitchen,2,1892.88,9.0,UPI,Delivered,3.7
ORD004967,,CUST01545,Delhi,36.0,Electric Kettle,Home & Kitchen,1,1737.58,10.7,UPI,Delivered,3.5
ORD004968,,CUST02036,Mysuru,32.0,Sports Track Pants,Fashion,1,1223.91,11.5,UPI,Delivered,
ORD004969,,CUST01502,Delhi,52.0,Backpack,Fashion,1,1265.39,12.8,Debit Card,Delivered,5.0
ORD004970,2026-06-05,CUST01136,Kochi,33.0,Rich Dad Poor Dad,Books,2,501.02,10.4,Cash on Delivery,Delivered,3.3
ORD004971,,CUST00056,Ahmedabad,20.0,Basmati Rice 5kg,Grocery,1,735.62,12.4,Credit Card,Cancelled,
ORD004972,,CUST00933,Delhi,36.0,Smartwatch,Electronics,1,3324.16,6.3,UPI,Delivered,4.8
ORD004973,2026-01-07,CUST00211,Lucknow,41.0,Wireless Earbuds,Electronics,1,2379.71,7.5,UPI,Delivered,4.7
ORD004974,2026-11-03,CUST00355,Hyderabad,39.0,Sports Track Pants,Fashion,2,1235.56,6.6,Debit Card,Delivered,
ORD004975,,CUST00999,Hyderabad,33.0,Water Bottle,Home & Kitchen,1,676.44,6.1,UPI,Delivered,3.0
ORD004976,2026-04-05,CUST00823,Bengaluru,27.0,Electric Kettle,Unknown,2,1610.06,7.3,Debit Card,Delivered,4.1
ORD004977,2026-05-07,CUST00654,Mumbai,18.0,Almonds 500g,Grocery,2,501.91,16.3,UPI,Delivered,3.5
ORD004978,,CUST00723,Delhi,42.0,Storage Container Set,Home & Kitchen,1,899.79,7.5,UPI,Delivered,4.1
ORD004979,,CUST01263,Surat,24.0,Women's Kurti,Fashion,1,970.17,5.2,Net Banking,Delivered,4.0
ORD004980,2025-01-12,CUST01785,Hyderabad,31.0,Body Lotion,Beauty,1,475.72,8.0,Cash on Delivery,Delivered,4.0
ORD004981,,CUST01321,Surat,29.0,Basmati Rice 5kg,Grocery,1,759.14,9.7,UPI,Delivered,4.5
ORD004982,,CUST00876,Ahmedabad,37.0,Green Tea 100 Bags,Grocery,3,322.53,11.5,Cash on Delivery,Delivered,3.8
ORD004983,,CUST00837,Ahmedabad,27.0,USB-C Fast Charger,Electronics,2,973.76,9.7,Credit Card,Delivered,4.6
ORD004984,,CUST01347,Lucknow,52.0,Water Bottle,Home & Kitchen,1,665.93,4.6,UPI,Delivered,
ORD004985,,CUST00141,Delhi,49.0,Resistance Bands,Sports & Fitness,1,635.34,8.4,Cash on Delivery,Delivered,
ORD004986,2026-09-08,CUST00321,Pune,35.0,Data Structures,Books,1,837.14,8.7,UPI,Delivered,3.4
ORD004987,2026-11-08,CUST01990,Hyderabad,39.0,Hair Serum,Beauty,2,477.99,14.8,UPI,Delivered,3.4
ORD004988,,CUST01861,Kolkata,42.0,USB-C Fast Charger,Electronics,1,940.45,7.4,Debit Card,Delivered,4.0
ORD004989,,CUST01508,Mysuru,36.0,Sports Track Pants,Fashion,1,1289.98,9.0,UPI,Delivered,3.9
ORD004990,,CUST00351,Mumbai,24.0,Rich Dad Poor Dad,Books,1,509.62,9.0,Debit Card,Delivered,4.2
ORD004991,,CUST00377,Pune,21.0,Sunscreen SPF 50,Beauty,1,736.96,5.8,UPI,Delivered,
ORD004992,2026-07-06,CUST01003,Pune,29.0,Cotton T-Shirt,Fashion,3,685.72,10.3,UPI,Delivered,4.1
ORD004993,2026-07-06,CUST01365,Kochi,39.0,Almonds 500g,Grocery,2,483.23,2.9,Net Banking,Delivered,
ORD004994,,CUST00630,Mysuru,32.0,Denim Jeans,Fashion,1,1769.64,13.5,Credit Card,Returned,2.8
ORD004995,2025-02-11,CUST01703,Surat,30.0,Bluetooth Speaker,Electronics,1,1775.58,8.3,Debit Card,Delivered,4.6
ORD004996,2025-11-11,CUST00772,Lucknow,32.0,Running Shoes,Fashion,1,2400.84,4.4,Credit Card,Returned,
ORD004997,2026-01-01,CUST00016,Surat,42.0,Laptop Backpack,Electronics,2,1909.45,7.4,Credit Card,Delivered,5.0
ORD004998,2026-04-08,CUST01573,Jaipur,26.0,Denim Jeans,Fashion,1,1806.49,9.4,Debit Card,Delivered,4.4
ORD004999,2025-02-11,CUST01612,Delhi,23.0,Men's Casual Shirt,Fashion,2,1295.64,13.3,UPI,Delivered,3.4
ORD005000,,CUST00325,Bengaluru,40.0,USB-C Fast Charger,Electronics,2,988.8,6.2,Net Banking,Delivered,3.3
ORD005001,2026-03-08,CUST00595,Hyderabad,33.0,Wireless Earbuds,Electronics,2,2557.92,6.8,Wallet,Delivered,3.9
ORD005002,,CUST00006,Kochi,25.0,Non-Stick Fry Pan,Home & Kitchen,3,1211.77,6.7,UPI,Delivered,4.1
ORD005003,2026-07-07,CUST01408,Delhi,37.0,Resistance Bands,Sports & Fitness,1,623.63,7.3,UPI,Delivered,
ORD005004,2026-04-01,CUST00264,Hyderabad,30.0,Power Bank 20000mAh,Electronics,1,1446.25,2.3,UPI,Delivered,3.9
ORD005005,,CUST01948,Delhi,29.0,Storage Container Set,Home & Kitchen,1,928.21,19.5,UPI,Delivered,4.3
ORD005006,2026-10-03,CUST00725,Kochi,31.0,Storage Container Set,Home & Kitchen,2,933.69,12.9,Credit Card,Delivered,3.1
ORD005007,,CUST01703,Surat,30.0,Wireless Earbuds,Electronics,2,2399.51,9.6,UPI,Delivered,2.0
ORD005008,,CUST01685,Bengaluru,30.0,Hair Serum,Beauty,1,494.78,15.9,UPI,Delivered,
ORD005009,,CUST01285,Mangaluru,47.0,Power Bank 20000mAh,Electronics,2,1426.59,11.9,Debit Card,Delivered,3.9
ORD005010,,CUST01164,Mangaluru,38.0,Protein Oats 1kg,Grocery,2,402.2,9.7,UPI,Cancelled,
ORD005011,2025-02-11,CUST00798,Bengaluru,29.0,Power Bank 20000mAh,Electronics,1,1505.68,10.3,UPI,Pending,
ORD005012,,CUST00229,Kolkata,33.0,Cricket Bat,Sports & Fitness,1,2263.96,10.0,UPI,Delivered,
ORD005013,,CUST00248,Chennai,57.0,Mechanical Keyboard,Electronics,2,2980.18,3.8,Credit Card,Delivered,3.8
ORD005014,,CUST01253,Pune,35.0,,Books,1,784.74,7.5,UPI,Delivered,4.5
ORD005015,,CUST01039,Jaipur,38.0,SQL for Beginners,Books,2,630.95,8.6,Cash on Delivery,Delivered,2.9
ORD005016,,CUST00356,Chennai,37.0,Python Programming,Books,2,661.11,13.3,Credit Card,Returned,1.4
ORD005017,,CUST00097,Hyderabad,34.0,Cotton T-Shirt,Fashion,1,686.58,11.5,Cash on Delivery,Delivered,3.8
ORD005018,,CUST00756,Mangaluru,22.0,Women's Kurti,Fashion,1,976.07,9.0,UPI,Delivered,5.0
ORD005019,,CUST01699,Bengaluru,36.0,Water Bottle,Home & Kitchen,2,725.07,4.6,Wallet,Delivered,4.9
ORD005020,,CUST01076,ahmedabad,32.0,Backpack,Fashion,1,1255.84,13.4,Cash on Delivery,Delivered,
ORD005021,,CUST00727,Mangaluru,28.0,Water Bottle,Home & Kitchen,1,684.02,13.6,Credit Card,Delivered,4.4
ORD005022,,CUST01188,Kolkata,33.0,Data Structures,Books,1,767.5,10.0,Credit Card,Delivered,3.5
ORD005023,,CUST00523,Surat,40.0,Face Wash,Beauty,2,372.65,9.9,Debit Card,Cancelled,
ORD005024,2026-10-08,CUST01422,Chennai,23.0,Cooking Oil 5L,Grocery,2,718.76,2.9,Net Banking,Delivered,4.1
ORD005025,,CUST00895,Mumbai,38.0,Bedsheet Set,Home & Kitchen,3,1654.61,11.1,Debit Card,Delivered,4.7
ORD005026,2026-05-01,CUST00914,Kochi,26.0,Non-Stick Fry Pan,Home & Kitchen,2,1300.88,4.8,Net Banking,Delivered,4.1
ORD005027,,CUST01993,Surat,22.0,Bluetooth Speaker,Electronics,2,1806.43,7.7,Credit Card,Delivered,4.4
ORD005028,2025-03-11,CUST00366,Mumbai,37.0,Non-Stick Fry Pan,Home & Kitchen,1,1427.28,5.2,UPI,Delivered,3.8
ORD005029,,CUST00898,Surat,28.0,Resistance Bands,Sports & Fitness,2,627.49,12.7,UPI,Delivered,3.9
ORD005030,,CUST01619,Chandigarh,37.0,USB-C Fast Charger,Electronics,1,935.28,18.1,Debit Card,Delivered,
ORD005031,,CUST01760,Hyderabad,33.0,Yoga Mat,Sports & Fitness,1,824.53,10.1,UPI,Delivered,
ORD005032,2025-10-09,CUST01249,Chandigarh,32.0,Football,Sports & Fitness,2,898.11,7.0,Credit Card,Delivered,
ORD005033,2026-02-07,CUST02000,Hyderabad,36.0,Saree,Fashion,1,2219.39,17.4,Debit Card,Delivered,
ORD005034,,CUST00841,Delhi,33.0,USB-C Fast Charger,Electronics,2,1000.04,5.1,Credit Card,Delivered,5.0
ORD005035,,CUST01273,Pune,25.0,Women's Kurti,Fashion,1,996.46,0.0,UPI,Delivered,3.1
ORD005036,2026-11-04,CUST00249,Chennai,35.0,Cotton T-Shirt,Fashion,2,737.75,13.3,UPI,Delivered,3.8
ORD005037,2025-08-11,CUST00755,Chandigarh,29.0,Basmati Rice 5kg,Grocery,2,705.84,10.3,UPI,Delivered,4.8
ORD005038,,CUST00052,Hyderabad,19.0,Women's Kurti,Fashion,1,957.52,5.6,UPI,Delivered,
ORD005039,2026-06-05,CUST01328,Hyderabad,30.0,Face Wash,Beauty,3,393.25,0.0,UPI,Delivered,4.7
ORD005040,,CUST01333,Delhi,18.0,Sports Track Pants,Fashion,2,1360.43,11.2,UPI,Delivered,3.2
ORD005041,,CUST00832,Surat,33.0,Resistance Bands,Sports & Fitness,2,579.79,12.3,UPI,Delivered,4.3
ORD005042,,CUST01262,Hyderabad,30.0,SQL for Beginners,Books,1,631.92,0.1,UPI,Delivered,4.8
ORD005043,,CUST00638,Kochi,33.0,Smartwatch,Electronics,1,3388.99,11.5,UPI,Cancelled,
ORD005044,2025-07-10,CUST01177,Lucknow,40.0,Cotton T-Shirt,Fashion,1,647.27,20.2,Credit Card,Delivered,4.1
ORD005045,2026-01-02,CUST00065,Mumbai,38.0,Football,Sports & Fitness,2,876.05,0.9,Wallet,Delivered,4.2
ORD005046,2026-05-04,CUST01222,Hyderabad,31.0,Running Shoes,Fashion,3,2416.56,12.4,Wallet,Delivered,
ORD005047,,CUST00951,Bengaluru,37.0,Skipping Rope,Sports & Fitness,2,306.35,3.1,Credit Card,Pending,
ORD005048,,CUST01744,Kochi,28.0,Running Shoes,Fashion,1,2502.42,7.2,Credit Card,Delivered,3.3
ORD005049,,CUST00197,Chennai,26.0,Machine Learning Basics,Books,3,909.84,12.6,UPI,Cancelled,
ORD005050,,CUST00822,Chandigarh,27.0,Face Wash,Beauty,2,396.43,9.1,UPI,Delivered,4.5
ORD005051,2026-10-01,CUST00933,Delhi,36.0,Protein Oats 1kg,Grocery,1,392.83,4.7,UPI,Cancelled,
ORD005052,,CUST01610,Mumbai,36.0,Smartwatch,Electronics,2,3491.3,14.9,UPI,Delivered,3.7
ORD005053,,CUST01347,lucknow,52.0,Basmati Rice 5kg,Grocery,2,749.72,3.5,Credit Card,Delivered,4.6
ORD005054,,CUST00043,Chennai,31.0,Basmati Rice 5kg,Grocery,2,727.06,8.1,UPI,Delivered,4.3
ORD005055,,CUST01175,Mumbai,22.0,Wireless Earbuds,Electronics,2,2668.42,13.2,Wallet,Delivered,4.1
ORD005056,,CUST00802,Kochi,33.0,Moisturizer,Beauty,1,676.01,0.3,UPI,Delivered,3.1
ORD005057,,CUST01023,Chennai,32.0,Wireless Earbuds,Electronics,1,2423.04,7.3,Wallet,Delivered,
ORD005058,,CUST01353,Ahmedabad,22.0,Backpack,Fashion,2,1220.01,6.3,Wallet,Delivered,2.9
ORD005059,2025-08-11,CUST00269,Bengaluru,35.0,Basmati Rice 5kg,Grocery,3,736.48,7.3,Cash on Delivery,Pending,
ORD005060,2026-07-02,CUST00951,Bengaluru,37.0,Protein Oats 1kg,Grocery,1,409.58,8.4,UPI,Delivered,3.8
ORD005061,,CUST00838,Delhi,36.0,Body Lotion,Beauty,2,440.08,14.4,UPI,Delivered,2.8
ORD005062,,CUST01238,Chennai,18.0,Skipping Rope,Sports & Fitness,2,297.12,16.2,Debit Card,Delivered,5.0
ORD005063,,CUST01000,Mumbai,46.0,Men's Casual Shirt,Fashion,3,1212.2,9.1,Credit Card,Delivered,2.6
ORD005064,,CUST00704,Mysuru,28.0,Cooking Oil 5L,Grocery,3,767.52,10.2,Cash on Delivery,Delivered,3.4
ORD005065,,CUST00872,Hyderabad,46.0,Unknown,Fashion,1,682.63,14.1,Debit Card,Delivered,5.0
ORD005066,,CUST01359,Surat,36.0,Bluetooth Speaker,Electronics,1,1671.61,13.1,Debit Card,Delivered,4.2
ORD005067,2025-07-11,CUST00851,Mangaluru,46.0,Coffee 500g,Grocery,1,416.71,3.7,UPI,Delivered,4.7
ORD005068,,CUST01394,Kochi,37.0,Python Programming,Books,3,703.59,8.3,UPI,Delivered,4.2
ORD005069,,CUST01486,Hyderabad,23.0,Running Shoes,Fashion,1,2544.68,6.9,UPI,Cancelled,
ORD005070,2025-06-10,CUST01283,Jaipur,27.0,Water Bottle,Home & Kitchen,1,680.94,0.0,UPI,Delivered,4.0
ORD005071,,CUST01571,Bengaluru,24.0,Skipping Rope,Sports & Fitness,2,311.54,9.6,UPI,Delivered,2.9
ORD005072,,CUST00910,Mumbai,31.0,Wireless Earbuds,Electronics,2,2610.9,10.4,Wallet,Returned,4.5
ORD005073,2026-11-02,CUST00791,Mumbai,42.0,Cotton T-Shirt,Fashion,1,729.24,1.3,Debit Card,Delivered,
ORD005074,2026-03-08,CUST01282,Bengaluru,18.0,Rich Dad Poor Dad,Books,1,530.11,10.3,UPI,Delivered,3.9
ORD005075,,CUST01993,Surat,22.0,Saree,Fashion,3,2174.82,10.4,Wallet,Cancelled,
ORD005076,,CUST00404,Mysuru,44.0,Lipstick,Beauty,1,623.17,13.4,UPI,Delivered,3.7
ORD005077,,CUST01351,Kolkata,36.0,Sunscreen SPF 50,Beauty,3,629.72,11.2,Credit Card,Delivered,4.0
ORD005078,,CUST00898,Surat,28.0,Green Tea 100 Bags,Grocery,1,325.27,8.6,UPI,Delivered,3.4
ORD005079,2025-04-11,CUST01951,Mumbai,29.0,Running Shoes,Fashion,1,2761.41,12.9,UPI,Delivered,4.6
ORD005080,,CUST01104,Mangaluru,25.0,Basmati Rice 5kg,Grocery,3,719.56,9.8,Cash on Delivery,Delivered,3.9
ORD005081,,CUST00921,Chandigarh,19.0,Resistance Bands,Sports & Fitness,2,582.99,3.8,UPI,Delivered,5.0
ORD005082,2026-12-05,CUST00136,Chennai,32.0,Electric Kettle,Home & Kitchen,2,1514.46,0.8,Credit Card,Returned,1.7
ORD005083,,CUST01979,Delhi ,39.0,Yoga Mat,Sports & Fitness,1,786.15,7.4,UPI,Delivered,3.1
ORD005084,2025-11-09,CUST01442,Chandigarh,35.0,Bluetooth Speaker,Electronics,2,1667.04,14.2,Wallet,Delivered,3.8
ORD005085,2025-04-10,CUST00056,Ahmedabad,20.0,Moisturizer,Beauty,1,612.33,12.5,Cash on Delivery,Delivered,4.1
ORD005086,,CUST00657,Kolkata,36.0,Bluetooth Speaker,Electronics,2,1826.6,12.8,Credit Card,Delivered,4.4
ORD005087,,CUST00651,Kolkata,37.0,Body Lotion,Beauty,1,441.66,7.9,UPI,Returned,2.4
ORD005088,2026-08-07,CUST00868,Delhi,54.0,Data Structures,Books,2,805.61,9.1,Credit Card,Delivered,
ORD005089,2026-03-07,CUST01066,Pune,18.0,Atomic Habits,Books,2,632.82,14.6,UPI,Returned,3.1
ORD005090,2025-09-09,CUST00364,Bengaluru,42.0,Water Bottle,Home & Kitchen,3,721.55,10.1,Net Banking,Delivered,2.2
ORD005091,2025-05-10,CUST01936,Pune,36.0,Atomic Habits,Books,2,571.57,7.9,Debit Card,Delivered,4.2
ORD005092,,CUST00553,Kolkata,33.0,Saree,Fashion,1,2160.51,9.7,Cash on Delivery,Delivered,4.1
ORD005093,,CUST00715,Ahmedabad,35.0,Power Bank 20000mAh,Electronics,2,1498.34,5.7,UPI,Delivered,5.0
ORD005094,2026-08-04,CUST01576,Delhi,41.0,Women's Kurti,Fashion,2,1022.06,13.3,Credit Card,Delivered,3.4
ORD005095,,CUST01904,Jaipur,30.0,Coffee 500g,Grocery,2,412.55,14.9,Debit Card,Cancelled,
ORD005096,2026-06-06,CUST02049,Kolkata,32.0,Skipping Rope,Sports & Fitness,2,298.61,9.8,UPI,Delivered,4.4
ORD005097,,CUST01184,Chennai,28.0,Bluetooth Speaker,Electronics,2,1817.53,4.0,UPI,Cancelled,
ORD005098,,CUST00121,Mangaluru,33.0,Dumbbell Set 10kg,Sports & Fitness,1,1929.4,9.6,Debit Card,Delivered,3.6
ORD005099,,CUST01772,Lucknow,37.0,Smartwatch,Electronics,2,3418.32,9.1,UPI,Delivered,3.9
ORD005100,2026-10-04,CUST00939,Chennai,26.0,Skipping Rope,Sports & Fitness,1,311.49,4.9,UPI,Returned,3.9
ORD005101,,CUST00319,Delhi,31.0,Mechanical Keyboard,Electronics,2,3084.24,12.8,UPI,Delivered,3.7
ORD005102,,CUST01793,Mysuru,35.0,Bluetooth Speaker,Electronics,2,1811.54,9.9,UPI,Delivered,4.3
ORD005103,2026-12-08,CUST00465,Kochi,22.0,Wireless Earbuds,Electronics,1,2272.9,7.0,UPI,Delivered,3.3
ORD005104,,CUST01190,Kochi,33.0,Hair Serum,Beauty,1,499.64,8.2,Credit Card,Delivered,3.6
ORD005105,,CUST01036,Chennai,30.0,Cushion Set,Home & Kitchen,1,793.08,8.7,UPI,Delivered,4.0
ORD005106,,CUST01183,Mumbai,33.0,Denim Jeans,Fashion,2,1755.26,13.6,Credit Card,Delivered,3.7
ORD005107,,CUST01056,Kolkata,32.0,Storage Container Set,Home & Kitchen,1,865.06,11.4,UPI,Delivered,3.6
ORD005108,2026-03-08,CUST00484,Surat,31.0,Bluetooth Speaker,Electronics,2,1715.12,4.9,UPI,Delivered,4.6
ORD005109,2026-07-01,CUST01761,Mumbai,34.0,Bluetooth Speaker,Electronics,2,1925.69,6.8,Credit Card,Delivered,3.1
ORD005110,,CUST01361,Pune,44.0,Yoga Mat,Sports & Fitness,3,775.76,6.1,Credit Card,Delivered,3.1
ORD005111,2026-05-03,CUST00025,Mumbai,28.0,Cotton T-Shirt,Fashion,2,659.65,9.0,UPI,Delivered,3.6
ORD005112,,CUST01239,Pune,18.0,Electric Kettle,Home & Kitchen,1,1621.82,9.0,Credit Card,Delivered,
ORD005113,,CUST01736,Ahmedabad,40.0,Coffee 500g,Grocery,2,436.68,13.3,UPI,Delivered,
ORD005114,,CUST00480,Delhi,33.0,LED Desk Lamp,Home & Kitchen,2,956.36,6.0,Debit Card,Delivered,3.9
ORD005115,2026-08-05,CUST00791,Mumbai,42.0,Bedsheet Set,Home & Kitchen,2,1907.14,2.1,UPI,Delivered,3.4
ORD005116,2025-09-12,CUST01429,Chennai,38.0,Wireless Earbuds,Electronics,1,2598.42,2.4,UPI,Delivered,2.9
ORD005117,,CUST01039,Jaipur,38.0,Resistance Bands,Sports & Fitness,2,636.61,10.6,UPI,Delivered,3.2
ORD005118,2026-09-03,CUST00378,Kolkata,25.0,Wireless Earbuds,Electronics,1,2514.27,12.0,Cash on Delivery,Delivered,3.6
ORD005119,,CUST00822,Chandigarh,27.0,SQL for Beginners,Books,2,626.88,13.1,UPI,Delivered,4.9
ORD005120,2026-09-06,CUST00607,Surat,34.0,Hair Serum,Beauty,1,475.91,7.4,UPI,Cancelled,
ORD005121,2026-05-04,CUST00625,Mysuru,26.0,Protein Oats 1kg,Grocery,1,413.24,11.6,UPI,Delivered,3.8
ORD005122,2026-04-08,CUST00735,Mysuru,31.0,Cotton T-Shirt,Fashion,1,658.73,13.3,UPI,Delivered,4.2
ORD005123,2026-07-03,CUST01634,Delhi,28.0,Machine Learning Basics,Books,1,910.86,1.8,Credit Card,Delivered,5.0
ORD005124,2025-01-11,CUST01613,Delhi,30.0,Almonds 500g,Grocery,3,528.06,7.4,Credit Card,Delivered,3.7
ORD005125,,CUST00619,Ahmedabad,38.0,Face Wash,Beauty,1,401.89,9.1,UPI,Delivered,3.4
ORD005126,2026-11-08,CUST01351,Kolkata,36.0,SQL for Beginners,Books,2,655.65,9.0,Wallet,Delivered,3.8
ORD005127,,CUST01056,Kolkata,32.0,Data Structures,Books,1,798.92,14.5,UPI,Delivered,
ORD005128,,CUST01744,Kochi,28.0,Women's Kurti,Fashion,2,978.3,7.7,UPI,Delivered,3.6
ORD005129,,CUST01671,Chennai,49.0,Body Lotion,Beauty,4,436.55,12.8,Credit Card,Delivered,4.3
ORD005130,,CUST00393,Chandigarh,21.0,Machine Learning Basics,Books,1,911.91,6.4,UPI,Cancelled,
ORD005131,,CUST00709,Delhi,40.0,Coffee 500g,Grocery,1,448.7,8.4,Net Banking,Delivered,3.7
ORD005132,2026-07-07,CUST01194,Mysuru,28.0,Sports Track Pants,Fashion,2,1348.76,11.5,Debit Card,Delivered,5.0
ORD005133,,CUST01950,Kochi,24.0,Sports Track Pants,Fashion,1,1226.56,9.8,Cash on Delivery,Delivered,4.7
ORD005134,,CUST01004, Delhi ,22.0,Smartwatch,Electronics,2,3395.02,10.1,Debit Card,Delivered,5.0
ORD005135,,CUST01299,Mysuru,22.0,Bluetooth Speaker,Electronics,1,1771.98,12.0,UPI,Delivered,3.5
ORD005136,,CUST00934,Chennai,19.0,Machine Learning Basics,Books,1,852.28,7.1,UPI,Delivered,4.1
ORD005137,2026-11-03,CUST00035,Mysuru,27.0,Non-Stick Fry Pan,Home & Kitchen,2,1222.9,9.1,Cash on Delivery,Delivered,4.1
ORD005138,2026-10-07,CUST01615,Hyderabad,36.0,Power Bank 20000mAh,Electronics,1,1539.57,8.8,Wallet,Delivered,4.1
ORD005139,,CUST00091,Chandigarh,29.0,USB-C Fast Charger,Electronics,1,1030.77,8.0,Credit Card,Delivered,5.0
ORD005140,,CUST00860,Mangaluru,18.0,USB-C Fast Charger,Electronics,2,988.98,8.8,UPI,Delivered,4.1
ORD005141,,CUST00933,Delhi,36.0,Non-Stick Fry Pan,Home & Kitchen,2,1400.93,11.5,Wallet,Delivered,4.0
ORD005142,,CUST01050,Pune,39.0,Basmati Rice 5kg,Grocery,1,743.94,11.8,Net Banking,Delivered,4.8
ORD005143,,CUST00493,Mumbai,18.0,Power Bank 20000mAh,Electronics,2,1505.33,15.4,Debit Card,Pending,
ORD005144,2025-03-09,CUST01351,Kolkata,36.0,Denim Jeans,Fashion,3,1709.97,7.8,Debit Card,Delivered,3.6
ORD005145,,CUST00934,Chennai,19.0,Rich Dad Poor Dad,Books,1,498.14,5.9,Credit Card,Delivered,3.8
ORD005146,,CUST01682,Jaipur,39.0,USB-C Fast Charger,Electronics,1,1001.82,10.6,UPI,Delivered,3.6
ORD005147,,CUST00362,Delhi,35.0,Python Programming,Books,2,647.77,4.2,UPI,Delivered,3.0
ORD005148,,CUST01325,Lucknow,39.0,Data Structures,Books,2,732.86,12.9,Net Banking,Pending,
ORD005149,,CUST00323,Pune,25.0,Cushion Set,Home & Kitchen,2,805.86,14.8,Cash on Delivery,Delivered,4.3
ORD005150,,CUST00092,Chennai,30.0,Denim Jeans,Fashion,2,1735.6,10.3,UPI,Delivered,2.4
ORD005151,2025-01-11,CUST01139,Ahmedabad,26.0,Wireless Earbuds,Electronics,2,2480.59,12.0,Debit Card,Delivered,3.6
ORD005152,,CUST00775,Mangaluru,40.0,Mixer Grinder,Home & Kitchen,1,3425.94,10.6,Credit Card,Delivered,3.7
ORD005153,2026-11-02,CUST01408,Delhi,37.0,Women's Kurti,Fashion,1,994.91,8.1,Credit Card,Delivered,3.5
ORD005154,,CUST00003,Hyderabad,18.0,Bluetooth Speaker,Electronics,2,1915.96,6.0,Cash on Delivery,Delivered,3.5
ORD005155,,CUST00118,Mysuru,34.0,Power Bank 20000mAh,Electronics,2,1466.71,15.2,UPI,Delivered,4.9
ORD005156,,CUST00947,Chennai,40.0,Python Programming,Books,4,656.79,5.9,UPI,Delivered,4.3
ORD005157,,CUST01398,Bengaluru,18.0,Almonds 500g,Grocery,1,479.54,3.3,Cash on Delivery,Delivered,3.8
ORD005158,2026-12-04,CUST01840,Pune,25.0,Laptop Backpack,Electronics,1,1879.2,12.3,UPI,Delivered,4.2
ORD005159,,CUST01448,Surat,,Cotton T-Shirt,Fashion,1,679.4,8.7,UPI,Delivered,3.0
ORD005160,,CUST00498,Delhi,31.0,Machine Learning Basics,Books,1,901.47,11.1,Net Banking,Delivered,4.2
ORD005161,,CUST01022,Mumbai,42.0,Almonds 500g,Grocery,1,533.83,6.7,UPI,Delivered,3.8
ORD005162,,CUST01546,Hyderabad,25.0,,Fashion,2,711.19,16.4,UPI,Returned,1.8
ORD005163,,CUST00065,Mumbai,38.0,Men's Casual Shirt,Fashion,1,1325.29,7.6,Net Banking,Delivered,3.9
ORD005164,2026-01-08,CUST00424,Bengaluru,39.0,Bluetooth Speaker,Electronics,1,1889.53,9.4,Credit Card,Delivered,3.9
ORD005165,,CUST00313,Kochi,23.0,Yoga Mat,Sports & Fitness,2,724.95,6.9,UPI,Delivered,4.1
ORD005166,2025-08-10,CUST01569,,25.0,Sports Track Pants,Fashion,2,1339.41,4.7,UPI,Delivered,4.3
ORD005167,,CUST00791,Mumbai,42.0,Green Tea 100 Bags,Grocery,1,388.54,12.9,UPI,Delivered,3.4
ORD005168,2025-09-10,CUST01047,Jaipur,23.0,Green Tea 100 Bags,Grocery,4,343.74,7.2,UPI,Delivered,5.0
ORD005169,2026-12-06,CUST00835,Kolkata,32.0,Yoga Mat,Sports & Fitness,2,780.13,8.4,Credit Card,Cancelled,
ORD005170,,CUST00027,Bengaluru,36.0,Cotton T-Shirt,Fashion,1,712.96,11.0,UPI,Delivered,3.0
ORD005171,,CUST00511,Surat,25.0,Basmati Rice 5kg,Grocery,3,762.13,1.8,Credit Card,Delivered,
ORD005172,,CUST01306,Ahmedabad,28.0,USB-C Fast Charger,Electronics,2,980.18,8.4,UPI,Delivered,4.6
ORD005173,,CUST01780,Mumbai,27.0,Data Structures,Books,3,842.23,3.2,UPI,Delivered,4.8
ORD005174,,CUST00222,Pune,28.0,Cricket Bat,Sports & Fitness,1,2438.21,13.3,Credit Card,Delivered,4.0
ORD005175,,CUST01950,Kochi,24.0,Basmati Rice 5kg,Grocery,1,761.69,13.4,Cash on Delivery,Delivered,4.2
ORD005176,,CUST01507,Ahmedabad,,Cushion Set,Home & Kitchen,1,792.12,16.5,Cash on Delivery,Delivered,4.5
ORD005177,2025-10-11,CUST01252,Kochi,31.0,Rich Dad Poor Dad,Books,3,501.66,8.1,Net Banking,Delivered,3.7
ORD005178,,CUST01872,Bengaluru,21.0,Electric Kettle,Home & Kitchen,2,1575.28,20.8,Debit Card,Delivered,2.7
ORD005179,2025-09-12,CUST02036,Mysuru,32.0,Machine Learning Basics,Books,3,895.5,12.6,Debit Card,Delivered,4.0
ORD005180,,CUST01261,Kolkata,20.0,Mechanical Keyboard,Electronics,2,2835.01,11.8,Credit Card,Delivered,4.0
ORD005181,,CUST00281,Ahmedabad,21.0,Laptop Backpack,Electronics,2,1791.95,9.9,UPI,Delivered,3.4
ORD005182,2025-03-09,CUST00718,Chandigarh,27.0,Resistance Bands,Sports & Fitness,1,578.81,8.0,Credit Card,Delivered,5.0
ORD005183,,CUST00878,Mumbai,36.0,,Grocery,1,431.79,13.2,Cash on Delivery,Delivered,4.3
ORD005184,2026-07-06,CUST00757,Mumbai,,Wireless Earbuds,Electronics,1,2698.92,12.7,UPI,Delivered,3.5
ORD005185,2026-10-05,CUST00951,Bengaluru,37.0,Coffee 500g,Grocery,4,451.48,5.6,UPI,Delivered,4.8
ORD005186,2026-05-05,CUST00878,Mumbai,36.0,Indian History,Books,1,580.22,6.1,UPI,Delivered,4.4
ORD005187,2026-01-03,CUST00433,Delhi,29.0,Basmati Rice 5kg,Grocery,1,722.41,0.9,UPI,Delivered,4.7
ORD005188,,CUST01498,Mangaluru,39.0,Water Bottle,Home & Kitchen,1,694.51,5.0,Debit Card,Delivered,4.0
ORD005189,2026-02-07,CUST00223,Pune,33.0,Dry Fruits Mix 500g,Grocery,2,591.17,12.9,UPI,Delivered,4.2
ORD005190,,CUST00914,Kochi,26.0,Protein Oats 1kg,Grocery,2,391.32,6.8,Cash on Delivery,Delivered,4.8
ORD005191,2026-04-04,CUST01702,Ahmedabad,36.0,Coffee 500g,Grocery,1,458.74,5.0,Cash on Delivery,Delivered,4.4
ORD005192,,CUST00630,Mysuru,32.0,Dry Fruits Mix 500g,Grocery,1,550.76,9.8,UPI,Delivered,4.5
ORD005193,,CUST00945,Mysuru,44.0,Power Bank 20000mAh,Electronics,1,1482.53,15.9,UPI,Delivered,4.3
ORD005194,2026-06-07,CUST01840,Pune,25.0,Green Tea 100 Bags,Grocery,2,345.87,5.9,Cash on Delivery,Delivered,3.4
ORD005195,,CUST00002,Lucknow,42.0,Dry Fruits Mix 500g,Grocery,2,560.16,2.5,UPI,Delivered,3.9
ORD005196,,CUST01461,Chennai,35.0,Storage Container Set,Home & Kitchen,1,853.22,12.9,UPI,Cancelled,
ORD005197,2026-11-05,CUST00937,Surat,31.0,Backpack,Fashion,1,1315.25,15.9,UPI,Cancelled,
ORD005198,2026-12-06,CUST00517,Hyderabad,25.0,Sunscreen SPF 50,Beauty,1,692.22,7.5,UPI,Delivered,3.9
ORD005199,2026-10-07,CUST01760,Hyderabad,33.0,Data Structures,Books,1,792.13,4.6,Credit Card,Delivered,3.8
ORD005200,,CUST01798,Kolkata,37.0,Yoga Mat,Sports & Fitness,1,804.39,4.7,Cash on Delivery,Delivered,4.3
ORD005201,2026-09-08,CUST01943,Surat,34.0,Mixer Grinder,Home & Kitchen,1,3303.96,6.6,UPI,Delivered,5.0
ORD005202,,CUST00080,Bengaluru,22.0,1080p Webcam,Electronics,2,2463.39,7.6,UPI,Delivered,3.7
ORD005203,2026-08-02,CUST00820,Pune,18.0,Moisturizer,Beauty,1,693.67,3.8,UPI,Delivered,4.1
ORD005204,,CUST00188,Kolkata,40.0,Python Programming,Books,2,714.61,11.8,UPI,Delivered,4.8
ORD005205,2025-02-09,CUST00449,Ahmedabad,30.0,Almonds 500g,Grocery,1,502.54,6.1,Credit Card,Delivered,4.0
ORD005206,,CUST01865,Pune,18.0,Storage Container Set,Home & Kitchen,2,871.99,9.5,Net Banking,Delivered,4.0
ORD005207,2026-01-08,CUST01345,Chandigarh,18.0,Denim Jeans,Fashion,1,1776.97,12.9,Net Banking,Delivered,3.8
ORD005208,,CUST00477,Lucknow,43.0,Face Wash,Beauty,3,396.88,18.3,UPI,Delivered,3.7
ORD005209,,CUST01252,Kochi,31.0,Bluetooth Speaker,Electronics,2,1911.6,10.1,UPI,Pending,
ORD005210,,CUST01629,Kolkata,41.0,Denim Jeans,Fashion,2,1772.98,8.8,Credit Card,Delivered,2.9
ORD005211,,CUST00484,Surat,31.0,Sports Track Pants,Fashion,1,1255.09,12.1,Net Banking,Delivered,3.5
ORD005212,2026-12-02,CUST00598,Jaipur,25.0,Saree,Fashion,1,2131.73,7.3,UPI,Delivered,
ORD005213,2026-06-06,CUST00102,Jaipur,18.0,Smartwatch,Electronics,2,3374.35,3.3,Credit Card,Delivered,4.3
ORD005214,,CUST00349,Delhi,18.0,Cushion Set,Home & Kitchen,1,828.23,13.0,UPI,Delivered,4.6
ORD005215,2026-02-03,CUST01210,Chandigarh,31.0,USB-C Fast Charger,Electronics,1,944.38,9.3,UPI,Delivered,2.9
ORD005216,,CUST01435,Jaipur,21.0,Coffee 500g,Grocery,1,407.41,10.4,UPI,Delivered,3.8
ORD005217,2026-07-03,CUST00198,Pune,29.0,Cotton T-Shirt,Fashion,2,664.33,5.7,UPI,Delivered,4.9
ORD005218,,CUST00650,Mangaluru,31.0,LED Desk Lamp,Home & Kitchen,1,1013.79,4.7,UPI,Delivered,5.0
ORD005219,2026-05-02,CUST00531,Mysuru,31.0,Rich Dad Poor Dad,Books,2,480.13,15.9,Credit Card,Delivered,3.2
ORD005220,2025-07-10,CUST00319,Delhi,31.0,Cushion Set,Home & Kitchen,2,792.11,6.0,Wallet,Delivered,3.0
ORD005221,2026-09-03,CUST00239,Bengaluru,,Shampoo,Beauty,2,592.76,9.7,Credit Card,Delivered,3.0
ORD005222,,CUST00897,Surat,26.0,Running Shoes,Fashion,1,2406.37,10.0,Wallet,Delivered,3.1
ORD005223,,CUST00670,Hyderabad,33.0,Indian History,Books,2,543.21,15.1,UPI,Cancelled,
ORD005224,2025-01-12,CUST01513,Hyderabad,31.0,Power Bank 20000mAh,Electronics,1,1529.74,7.8,UPI,Delivered,4.7
ORD005225,,CUST00194,Ahmedabad,22.0,Resistance Bands,Sports & Fitness,2,571.84,0.0,UPI,Cancelled,
ORD005226,2026-07-08,CUST01220,Hyderabad,30.0,Coffee 500g,Grocery,1,444.04,7.9,UPI,Delivered,3.6
ORD005227,,CUST01039,Jaipur,38.0,USB-C Fast Charger,Electronics,1,992.81,18.8,Credit Card,Delivered,4.1
ORD005228,,CUST01004,Delhi,22.0,Electric Kettle,Home & Kitchen,1,1515.56,3.9,UPI,Cancelled,
ORD005229,2026-10-02,CUST01621,Jaipur,18.0,Almonds 500g,Grocery,1,483.5,8.7,Credit Card,Delivered,
ORD005230,,CUST01271,Mumbai,25.0,Atomic Habits,Books,1,648.87,9.5,UPI,Delivered,3.7
ORD005231,,CUST00222,Pune,28.0,Body Lotion,Beauty,1,430.08,15.2,Credit Card,Delivered,3.9
ORD005232,2025-04-10,CUST01171,Mumbai,35.0,Coffee 500g,Grocery,1,442.31,8.1,Cash on Delivery,Delivered,3.5
ORD005233,,CUST00107,Hyderabad,18.0,Perfume,Beauty,2,1301.23,14.3,UPI,Delivered,4.0
ORD005234,,CUST01548,Ahmedabad,32.0,Storage Container Set,Home & Kitchen,1,886.5,4.6,Debit Card,Delivered,4.3
ORD005235,2025-03-09,CUST01113,Surat,43.0,Atomic Habits,Books,3,601.75,7.5,Net Banking,Delivered,5.0
ORD005236,,CUST01045,Mangaluru,23.0,Cushion Set,Home & Kitchen,1,765.96,4.2,Wallet,Delivered,4.2
ORD005237,,CUST00743,Chennai,36.0,Bedsheet Set,Home & Kitchen,1,1647.69,11.6,Cash on Delivery,Delivered,4.0
ORD005238,2025-11-10,CUST01447,Lucknow,37.0,Men's Casual Shirt,Fashion,1,1188.95,11.8,Cash on Delivery,Delivered,3.4
ORD005239,,CUST01209,Ahmedabad,44.0,Shampoo,Beauty,1,552.9,11.8,UPI,Delivered,2.9
ORD005240,,CUST00613,Mumbai,23.0,Atomic Habits,Books,1,646.5,7.7,Cash on Delivery,Cancelled,
ORD005241,2026-10-04,CUST00582,Hyderabad,37.0,Body Lotion,Beauty,1,448.33,9.3,UPI,Delivered,3.6
ORD005242,,CUST01904,Jaipur,30.0,Smartwatch,Electronics,2,2995.83,18.0,Credit Card,Pending,
ORD005243,,CUST00415,Lucknow,18.0,Power Bank 20000mAh,Electronics,2,1521.88,11.9,,Delivered,2.8
ORD005244,,CUST00618,Pune,39.0,Smartwatch,Electronics,1,3230.0,15.2,UPI,Delivered,4.1
ORD005245,2026-06-02,CUST00449,Ahmedabad,30.0,Non-Stick Fry Pan,Home & Kitchen,1,1257.34,0.0,Debit Card,Delivered,4.7
ORD005246,2025-01-12,CUST01446,Mumbai,25.0,Atomic Habits,Books,1,599.9,7.7,UPI,Pending,
ORD005247,,CUST01231,Kochi,48.0,Cooking Oil 5L,Grocery,1,751.16,8.2,UPI,Delivered,5.0
ORD005248,,CUST00999,Hyderabad,33.0,Football,Sports & Fitness,1,894.68,0.2,Credit Card,Delivered,4.0
ORD005249,,CUST00341,Delhi,34.0,Gym Gloves,Sports & Fitness,1,483.86,1.7,Credit Card,Delivered,5.0
ORD005250,2026-11-04,CUST00155,Chennai,24.0,Cricket Bat,Sports & Fitness,3,2346.92,7.2,Cash on Delivery,Delivered,4.3
ORD005251,,CUST01182,Delhi,27.0,Women's Kurti,Fashion,1,993.88,16.7,Debit Card,Delivered,3.7
ORD005252,,CUST00505,Mysuru,28.0,Sunscreen SPF 50,Beauty,3,647.97,10.8,UPI,Delivered,4.0
ORD005253,,CUST01237,Mumbai,34.0,Electric Kettle,Home & Kitchen,1,1639.63,9.9,Debit Card,Delivered,3.2
ORD005254,2025-07-10,CUST01236,Chennai,41.0,Power Bank 20000mAh,Electronics,2,1474.88,15.7,UPI,Delivered,3.2
ORD005255,2026-04-08,CUST01232,Lucknow,36.0,Cotton T-Shirt,Fashion,1,700.81,9.9,UPI,Returned,4.3
ORD005256,,CUST00987,Delhi,34.0,Sunscreen SPF 50,Beauty,1,722.95,14.7,UPI,Delivered,3.7
ORD005257,2026-06-06,CUST00828,Lucknow,21.0,Saree,Fashion,2,2281.83,15.5,UPI,Delivered,3.8
ORD005258,2026-03-01,CUST01840,Pune,25.0,Women's Kurti,Fashion,1,1003.26,12.7,UPI,Delivered,4.4
ORD005259,,CUST02009,Ahmedabad,39.0,LED Desk Lamp,Home & Kitchen,1,942.06,10.1,UPI,Delivered,3.0
ORD005260,,CUST02015,Kolkata,37.0,Electric Kettle,Home & Kitchen,2,1627.41,6.8,UPI,Delivered,
ORD005261,,CUST02001,Surat,26.0,Wireless Earbuds,Electronics,1,2438.48,10.8,Credit Card,Delivered,4.2
ORD005262,,CUST01815,Bengaluru,24.0,Atomic Habits,Books,1,632.72,12.4,Debit Card,Delivered,2.3
ORD005263,,CUST01725, Pune ,35.0,Lipstick,Beauty,1,596.3,5.0,Net Banking,Delivered,5.0
ORD005264,,CUST01700,Mumbai,21.0,Cooking Oil 5L,Grocery,2,811.82,6.4,Credit Card,Delivered,4.7
ORD005265,2025-01-10,CUST00781,Chennai,40.0,Atomic Habits,Books,3,577.17,8.2,Wallet,Pending,
ORD005266,,CUST00231,Ahmedabad,26.0,Green Tea 100 Bags,Grocery,1,333.13,8.7,Credit Card,Delivered,
ORD005267,,CUST00039,Delhi,29.0,Resistance Bands,Sports & Fitness,1,601.27,5.1,Debit Card,Cancelled,
ORD005268,,CUST00500,Surat,27.0,Dry Fruits Mix 500g,Grocery,2,573.44,9.9,Net Banking,Cancelled,
ORD005269,,CUST00969,Pune,39.0,Mixer Grinder,Home & Kitchen,2,3413.84,6.0,Cash on Delivery,Cancelled,
ORD005270,2026-12-05,CUST01632,Delhi,34.0,Power Bank 20000mAh,Electronics,1,1658.49,9.1,UPI,Delivered,3.5
ORD005271,2026-08-08,CUST00546,Chennai,25.0,USB-C Fast Charger,Electronics,1,1021.35,11.6,UPI,Delivered,4.7
ORD005272,,CUST00206,Chennai,29.0,Water Bottle,Home & Kitchen,1,691.71,7.2,Credit Card,Delivered,4.7
ORD005273,,CUST02020,,38.0,Hair Serum,Beauty,2,513.29,6.0,Credit Card,Pending,
ORD005274,2026-11-07,CUST01041,Hyderabad,23.0,Wireless Earbuds,Electronics,2,2517.55,13.5,UPI,Delivered,5.0
ORD005275,2026-11-08,CUST00563,Surat,31.0,Data Structures,Books,1,779.81,14.2,Wallet,Delivered,3.9
ORD005276,,CUST01261,Kolkata,20.0,Face Wash,Beauty,2,407.57,11.0,UPI,Delivered,3.7
ORD005277,2026-06-05,CUST01226,Chandigarh,25.0,Lipstick,Beauty,2,572.34,20.0,UPI,Delivered,
ORD005278,2025-12-12,CUST00229,Kolkata,33.0,Men's Casual Shirt,Fashion,2,1178.9,1.4,UPI,Cancelled,
ORD005279,,CUST00942,Kolkata,33.0,Body Lotion,Beauty,2,470.96,2.9,Cash on Delivery,Returned,2.9
ORD005280,,CUST00229,Kolkata,33.0,Atomic Habits,Books,1,569.26,8.7,UPI,Delivered,4.4
ORD005281,,CUST00430,Mumbai,33.0,Basmati Rice 5kg,Grocery,2,787.3,7.3,Cash on Delivery,Delivered,5.0
ORD005282,,CUST00585,Chennai,23.0,Dry Fruits Mix 500g,Grocery,1,579.05,15.2,UPI,Delivered,4.2
ORD005283,,CUST00283,Delhi,18.0,Mechanical Keyboard,Electronics,2,2777.87,10.2,UPI,Delivered,3.1
ORD005284,2026-02-03,CUST01762,Kolkata,33.0,Cotton T-Shirt,Fashion,1,679.27,6.3,UPI,Delivered,5.0
ORD005285,2026-05-07,CUST01018,Pune,32.0,Bedsheet Set,Home & Kitchen,1,1690.28,11.5,Credit Card,Delivered,
ORD005286,2026-10-05,CUST01204,Chandigarh,38.0,Bluetooth Speaker,Electronics,1,1725.53,9.8,Cash on Delivery,Delivered,3.4
ORD005287,,CUST00679,Ahmedabad,46.0,Moisturizer,Beauty,1,656.1,8.8,UPI,Returned,3.5
ORD005288,,CUST01117,Mumbai,28.0,Python Programming,Books,2,729.51,8.6,Credit Card,Delivered,4.3
ORD005289,,CUST00674,Bengaluru,24.0,Bluetooth Speaker,Electronics,2,1827.46,10.0,Net Banking,Delivered,3.3
ORD005290,2025-03-10,CUST02049,Kolkata,32.0,Water Bottle,Home & Kitchen,1,642.47,13.3,UPI,Delivered,3.3
ORD005291,2026-07-04,CUST00929,Surat,33.0,Cooking Oil 5L,Grocery,3,782.76,3.6,Cash on Delivery,Delivered,2.8
ORD005292,2025-01-12,CUST01613,Delhi,30.0,Almonds 500g,Grocery,2,484.68,9.3,UPI,Delivered,3.0
ORD005293,,CUST00832,Surat,33.0,Wireless Earbuds,Electronics,1,2318.61,10.0,Credit Card,Delivered,3.5
ORD005294,,CUST00533,Chennai,19.0,Saree,Fashion,2,2249.49,11.1,UPI,Delivered,4.4
ORD005295,,CUST01637,Mysuru,28.0,Rich Dad Poor Dad,Books,1,480.79,13.9,UPI,Delivered,4.2
ORD005296,,CUST01590,Bengaluru,23.0,Gym Gloves,Sports & Fitness,1,518.78,3.1,UPI,Delivered,3.2
ORD005297,,CUST01633,Delhi,23.0,Lipstick,Beauty,2,666.92,11.0,Wallet,Delivered,4.7
ORD005298,,CUST00893,Delhi,31.0,Storage Container Set,Home & Kitchen,1,905.68,11.7,UPI,Delivered,4.4
ORD005299,2026-11-01,CUST01789,Bengaluru,24.0,Organic Honey 500g,Grocery,3,444.77,6.4,UPI,Delivered,2.6
ORD005300,2026-09-06,CUST00897,Surat,26.0,Green Tea 100 Bags,Grocery,2,344.29,5.3,UPI,Delivered,3.9
ORD005301,2025-04-10,CUST01801,Delhi,39.0,Wireless Earbuds,Electronics,1,2409.44,16.5,Debit Card,Delivered,3.5
ORD005302,,CUST01299,Mysuru,22.0,Bluetooth Speaker,Electronics,1,1766.58,12.9,Credit Card,Returned,2.8
ORD005303,,CUST01431,Kolkata,24.0,Storage Container Set,Home & Kitchen,1,861.13,4.1,Debit Card,Delivered,3.6
ORD005304,,CUST00025,Mumbai,28.0,Cricket Bat,Sports & Fitness,2,2439.46,6.9,Wallet,Delivered,4.2
ORD005305,,CUST01244,Delhi,32.0,Yoga Mat,Sports & Fitness,1,813.24,9.8,UPI,Delivered,4.6
ORD005306,,CUST01632,Delhi,34.0,Sunscreen SPF 50,Beauty,1,683.65,8.7,Cash on Delivery,Delivered,2.8
ORD005307,2025-08-12,CUST01495,,20.0,Almonds 500g,Grocery,1,529.59,14.1,Net Banking,Delivered,3.0
ORD005308,2026-08-04,CUST01907,Lucknow,29.0,Organic Honey 500g,Grocery,1,420.18,6.3,UPI,Cancelled,
ORD005309,2026-12-08,CUST00064,Surat,30.0,Wireless Earbuds,Electronics,2,2389.97,2.0,UPI,Delivered,
ORD005310,,CUST01914,Mangaluru,40.0,Cotton T-Shirt,Fashion,2,701.85,9.5,UPI,Delivered,3.3
ORD005311,2026-04-05,CUST01996,Mumbai,31.0,Saree,Fashion,1,2398.11,11.2,Cash on Delivery,Delivered,4.2
ORD005312,2026-01-03,CUST01264,Kolkata,25.0,Competitive Aptitude,Books,1,450.83,8.8,UPI,Delivered,3.6
ORD005313,2025-11-10,CUST02027,Bengaluru,40.0,Electric Kettle,Home & Kitchen,2,1605.86,15.4,UPI,Delivered,3.5
ORD005314,,CUST01592,Delhi,35.0,Non-Stick Fry Pan,Home & Kitchen,3,1294.77,5.0,Wallet,Delivered,4.2
ORD005315,,CUST01844,Hyderabad,37.0,Protein Oats 1kg,Grocery,3,392.73,12.4,Credit Card,Delivered,2.8
ORD005316,,CUST01270,Delhi,36.0,Sunscreen SPF 50,Beauty,2,703.13,1.7,UPI,Delivered,4.7
ORD005317,2025-03-11,CUST00102,Jaipur,18.0,Skipping Rope,Sports & Fitness,2,301.75,6.3,UPI,Delivered,3.7
ORD005318,,CUST00092,Chennai,30.0,Laptop Backpack,Electronics,2,1928.66,18.9,UPI,Delivered,4.3
ORD005319,2025-05-11,CUST01252,Kochi,31.0,Resistance Bands,Sports & Fitness,2,593.85,3.5,Wallet,Delivered,4.5
ORD005320,2026-04-08,CUST00047,Hyderabad,33.0,Sunscreen SPF 50,Beauty,2,654.35,5.3,Net Banking,Delivered,2.8
ORD005321,,CUST00229,Kolkata,33.0,Protein Oats 1kg,Grocery,1,379.33,2.6,UPI,Delivered,4.9
ORD005322,,CUST00101,Mumbai,32.0,Power Bank 20000mAh,Electronics,1,1544.76,6.1,Credit Card,Delivered,3.3
ORD005323,2025-06-09,CUST01663,Chennai,19.0,Denim Jeans,Fashion,1,1835.01,13.6,UPI,Delivered,4.4
ORD005324,,CUST00720,Hyderabad,29.0,Cotton T-Shirt,Fashion,3,732.14,11.5,Net Banking,Delivered,3.7
ORD005325,,CUST01149,Hyderabad,25.0,USB-C Fast Charger,Electronics,2,1029.09,14.3,UPI,Delivered,4.0
ORD005326,2025-11-12,CUST01508,Mysuru,36.0,Indian History,Books,4,544.91,12.6,Cash on Delivery,Delivered,
ORD005327,,CUST01579,Chennai,48.0,Indian History,Books,4,529.47,8.2,Cash on Delivery,Delivered,5.0
ORD005328,,CUST01899,Pune,30.0,Sunscreen SPF 50,Beauty,2,729.47,11.5,UPI,Delivered,4.8
ORD005329,2026-05-06,CUST01231,Kochi,48.0,Running Shoes,Fashion,1,2431.67,11.1,UPI,Delivered,4.2
ORD005330,,CUST00226,Hyderabad,29.0,1080p Webcam,Electronics,1,2389.87,8.5,UPI,Delivered,4.5
ORD005331,,CUST01288,Bengaluru,43.0,Bedsheet Set,Home & Kitchen,1,1675.01,6.3,Credit Card,Delivered,5.0
ORD005332,,CUST00386,Pune,26.0,Power Bank 20000mAh,Electronics,1,1585.65,7.5,UPI,Delivered,3.8
ORD005333,2026-08-03,CUST01226,Chandigarh,25.0,Denim Jeans,Fashion,3,1799.0,10.3,UPI,Delivered,4.0
ORD005334,2026-11-08,CUST01132,Bengaluru,31.0,Water Bottle,Home & Kitchen,1,731.16,15.9,Net Banking,Delivered,3.5
ORD005335,,CUST01440,Pune,26.0,Sports Track Pants,Fashion,2,1300.08,6.3,Credit Card,Delivered,3.1
ORD005336,2026-02-05,CUST00933,Delhi,36.0,USB-C Fast Charger,Electronics,1,1041.24,0.4,UPI,Delivered,3.3
ORD005337,,CUST00875,Lucknow,32.0,Cooking Oil 5L,Grocery,3,827.83,7.9,Debit Card,Delivered,
ORD005338,,CUST01748,Mumbai,21.0,Electric Kettle,Home & Kitchen,3,1691.24,5.4,UPI,Delivered,3.5
ORD005339,2025-05-12,CUST01847,Chennai,31.0,Rich Dad Poor Dad,Books,1,499.97,16.0,Cash on Delivery,Delivered,3.8
ORD005340,,CUST00933,Delhi,36.0,Women's Kurti,Unknown,3,976.96,10.0,UPI,Delivered,4.0
ORD005341,,CUST01249,Chandigarh,32.0,Women's Kurti,Fashion,1,951.79,15.3,Cash on Delivery,Delivered,4.3
ORD005342,,CUST01177,Lucknow,40.0,Coffee 500g,Grocery,2,412.4,3.0,UPI,Delivered,4.5
ORD005343,2026-07-07,CUST00868,Delhi,54.0,Rich Dad Poor Dad,Books,1,491.16,6.3,Credit Card,Delivered,4.7
ORD005344,2026-10-03,CUST00019,Hyderabad,18.0,Cooking Oil 5L,Grocery,1,824.68,5.9,UPI,Delivered,4.5
ORD005345,2025-10-09,CUST01973,Lucknow,34.0,Organic Honey 500g,Grocery,2,473.72,9.2,UPI,Delivered,4.1
ORD005346,2026-04-07,CUST00211,Lucknow,41.0,Wireless Earbuds,Electronics,2,2358.34,10.8,Credit Card,Delivered,4.3
ORD005347,,CUST00676,Hyderabad,42.0,1080p Webcam,Electronics,2,2218.64,8.6,Debit Card,Delivered,3.9
ORD005348,2026-07-02,CUST01198,Bengaluru,38.0,Wireless Earbuds,Electronics,1,2612.69,3.1,UPI,Delivered,3.5
ORD005349,,CUST00985,Chennai,29.0,Wireless Earbuds,Electronics,2,2546.18,6.3,Credit Card,Delivered,
ORD005350,,CUST00710,Kochi,43.0,Skipping Rope,Sports & Fitness,1,287.57,8.5,UPI,Returned,2.1
ORD005351,,CUST00937,Surat,31.0,Competitive Aptitude,Books,2,438.38,10.2,UPI,Delivered,4.4
ORD005352,2026-08-04,CUST01988,Kolkata,26.0,Cycling Helmet,Sports & Fitness,1,1528.19,6.9,UPI,Delivered,
ORD005353,,CUST01355,Delhi,24.0,Sunscreen SPF 50,Beauty,1,732.24,14.2,Credit Card,Delivered,3.6
ORD005354,,CUST01654,Mangaluru,26.0,Cooking Oil 5L,Grocery,3,766.43,0.0,Cash on Delivery,Delivered,4.4
ORD005355,2026-08-07,CUST01226, Chandigarh ,25.0,Women's Kurti,Fashion,3,992.77,9.5,Credit Card,Delivered,5.0
ORD005356,,CUST00042,Lucknow,29.0,Wireless Earbuds,Electronics,1,2485.31,9.5,UPI,Delivered,4.7
ORD005357,,CUST00838,Delhi,36.0,USB-C Fast Charger,Electronics,2,1029.69,15.1,Credit Card,Delivered,5.0
ORD005358,,CUST01461,Chennai,35.0,Rich Dad Poor Dad,Books,2,473.27,5.0,UPI,Delivered,4.1
ORD005359,,CUST01251,Ahmedabad,26.0,Laptop Backpack,Electronics,2,1940.52,8.6,UPI,Delivered,3.1
ORD005360,2025-05-11,CUST01840,Pune,25.0,Face Wash,Beauty,1,402.91,6.2,Wallet,Delivered,2.7
ORD005361,2026-04-05,CUST00514,Surat,31.0,Denim Jeans,Fashion,2,-99.0,10.8,Cash on Delivery,Delivered,4.4
ORD005362,2026-03-01,CUST01916,Hyderabad,25.0,Rich Dad Poor Dad,Books,2,505.73,16.5,UPI,Delivered,5.0
ORD005363,2026-02-05,CUST00662,Chandigarh,28.0,Basmati Rice 5kg,Grocery,3,736.69,10.9,UPI,Delivered,3.0
ORD005364,,CUST01494,Ahmedabad,36.0,Basmati Rice 5kg,Grocery,2,739.49,9.8,UPI,Delivered,4.8
ORD005365,,CUST00594,Chennai,38.0,Moisturizer,Beauty,1,616.28,11.6,UPI,Delivered,3.5
ORD005366,,CUST00945,Mysuru,44.0,Water Bottle,Home & Kitchen,2,695.55,12.2,UPI,Delivered,5.0
ORD005367,2025-07-12,CUST00682,Delhi,28.0,Wireless Earbuds,Electronics,2,2577.16,7.0,UPI,Delivered,
ORD005368,,CUST00805,Mumbai,29.0,Mechanical Keyboard,Electronics,1,3097.03,8.2,Cash on Delivery,Delivered,4.2
ORD005369,,CUST02001,Surat,26.0,Face Wash,Beauty,1,390.24,4.9,UPI,Pending,
ORD005370,2025-06-10,CUST00477,Lucknow,43.0,Cotton T-Shirt,Fashion,1,696.74,12.9,Credit Card,Delivered,
ORD005371,2026-05-04,CUST00898,Surat,28.0,Men's Casual Shirt,Fashion,3,1206.18,2.6,UPI,Cancelled,
ORD005372,2025-05-09,CUST00642,Delhi,25.0,Shampoo,Beauty,3,577.2,1.6,Cash on Delivery,Delivered,4.2
ORD005373,2026-10-05,CUST01162,Hyderabad,29.0,Mechanical Keyboard,Electronics,1,2798.43,8.5,UPI,Cancelled,
ORD005374,2025-09-12,CUST01997,Kochi,,Electric Kettle,Home & Kitchen,1,1605.07,12.3,UPI,Cancelled,
ORD005375,2026-01-02,CUST01837,Surat,28.0,Basmati Rice 5kg,Grocery,3,708.7,7.8,Credit Card,Delivered,5.0
ORD005376,,CUST00679,Ahmedabad,46.0,Lipstick,Beauty,1,599.62,12.8,Cash on Delivery,Delivered,4.1
ORD005377,2025-02-11,CUST00218,Delhi,23.0,Smartwatch,Electronics,1,3448.17,11.0,Cash on Delivery,Delivered,3.9
ORD005378,2025-02-09,CUST00823,Bengaluru,27.0,Moisturizer,Beauty,1,672.13,8.2,Cash on Delivery,Delivered,4.5
ORD005379,,CUST01841,,23.0,Dumbbell Set 10kg,Sports & Fitness,3,1988.83,8.0,UPI,Delivered,4.2
ORD005380,,CUST00999,Hyderabad,33.0,Organic Honey 500g,Grocery,2,457.5,12.9,UPI,Delivered,4.0
ORD005381,2025-08-09,CUST00657,Kolkata,36.0,Backpack,Fashion,2,1346.81,,UPI,Delivered,4.8
ORD005382,2026-02-02,CUST01591,Pune,31.0,Laptop Backpack,Electronics,2,1851.1,22.2,Credit Card,Delivered,3.1
ORD005383,,CUST00380,Chennai,31.0,Power Bank 20000mAh,Electronics,2,1414.63,7.2,Cash on Delivery,Delivered,4.1
ORD005384,2025-12-10,CUST00198,Pune,29.0,Body Lotion,Beauty,2,445.5,8.3,Wallet,Delivered,
ORD005385,,CUST01226,Chandigarh,25.0,Electric Kettle,Unknown,3,1545.08,3.9,Debit Card,Delivered,2.7
ORD005386,,CUST00309,Chennai,37.0,Cotton T-Shirt,Fashion,1,718.87,9.0,UPI,Delivered,3.3
ORD005387,,CUST01167,Kochi,38.0,Cricket Bat,Sports & Fitness,2,2405.16,12.6,UPI,Pending,
ORD005388,,CUST01613,Delhi,30.0,Shampoo,Beauty,2,537.53,13.0,UPI,Delivered,4.8
ORD005389,,CUST01349,Chennai,30.0,Power Bank 20000mAh,Electronics,1,1504.09,10.5,UPI,Delivered,4.4
ORD005390,,CUST00283,Delhi,18.0,Face Wash,Beauty,1,389.69,3.9,UPI,Delivered,3.5
ORD005391,,CUST00676,Hyderabad,42.0,Data Structures,Books,3,816.69,8.2,UPI,Delivered,4.2
ORD005392,2025-07-09,CUST01355,Delhi,24.0,Backpack,Fashion,2,1282.5,16.3,Debit Card,Pending,
ORD005393,2026-03-01,CUST01229,Mysuru,21.0,Coffee 500g,Grocery,1,409.28,3.1,UPI,Delivered,3.6
ORD005394,2026-04-05,CUST00645,Hyderabad,34.0,Running Shoes,Fashion,1,2606.52,12.7,UPI,Delivered,
ORD005395,2025-10-09,CUST01809,Chandigarh,24.0,Almonds 500g,Grocery,3,502.42,7.4,Credit Card,Delivered,4.5
ORD005396,,CUST01474,Kochi,35.0,SQL for Beginners,Books,1,632.5,12.1,Net Banking,Delivered,3.8
ORD005397,2025-07-10,CUST01410,Chandigarh,22.0,Cushion Set,Home & Kitchen,1,780.45,8.4,UPI,Pending,
ORD005398,,CUST00547,Delhi,20.0,Face Wash,Beauty,2,377.83,3.5,Debit Card,Delivered,4.0
ORD005399,2026-12-02,CUST01184,Chennai,28.0,Cotton T-Shirt,Fashion,2,689.26,13.2,UPI,Returned,2.7
ORD005400,2025-11-09,CUST01869,Bengaluru,26.0,Power Bank 20000mAh,Electronics,2,1563.79,13.7,UPI,Returned,1.7
ORD005401,2026-12-03,CUST01027,Lucknow,,Basmati Rice 5kg,Grocery,2,744.08,2.6,Debit Card,Returned,3.2
ORD005402,,CUST00835,Kolkata,32.0,Women's Kurti,Fashion,1,1008.06,13.9,Credit Card,Delivered,4.2
ORD005403,,CUST00823,Bengaluru,27.0,Women's Kurti,Fashion,1,972.58,6.8,Credit Card,Delivered,4.2
ORD005404,2025-07-11,CUST01514,Jaipur,31.0,Laptop Backpack,Electronics,1,1843.85,16.2,UPI,Pending,
ORD005405,,CUST00222,Pune,28.0,Cotton T-Shirt,Fashion,3,664.21,7.9,UPI,Pending,
ORD005406,2025-09-12,CUST00588,Jaipur,37.0,Storage Container Set,Home & Kitchen,1,823.78,12.2,UPI,Delivered,5.0
ORD005407,2026-02-08,CUST00957,Delhi,24.0,USB-C Fast Charger,Electronics,2,942.26,9.3,Cash on Delivery,Delivered,4.2
ORD005408,,CUST00003,Hyderabad,18.0,Women's Kurti,Fashion,1,1003.57,7.3,Credit Card,Delivered,4.3
ORD005409,,CUST00206,Chennai,29.0,Resistance Bands,Sports & Fitness,1,583.62,9.4,Credit Card,Delivered,4.7
ORD005410,2025-02-10,CUST00439,Surat,37.0,Cushion Set,Home & Kitchen,1,819.27,12.0,UPI,Delivered,3.4
ORD005411,,CUST01162,Hyderabad,29.0,Lipstick,Beauty,4,593.07,5.5,Net Banking,Delivered,3.6
ORD005412,,CUST00714,Jaipur,31.0,Football,Sports & Fitness,1,900.77,7.2,Cash on Delivery,Delivered,5.0
ORD005413,2025-01-11,CUST00733,Mumbai,32.0,Power Bank 20000mAh,Electronics,1,1510.06,6.1,UPI,Delivered,4.0
ORD005414,,CUST00999,Hyderabad,33.0,Bluetooth Speaker,Electronics,1,1853.5,10.4,Cash on Delivery,Delivered,3.6
ORD005415,,CUST01121,Pune,28.0,USB-C Fast Charger,Electronics,1,982.24,12.1,Wallet,Delivered,4.5
ORD005416,,CUST01365,Kochi,39.0,Electric Kettle,Home & Kitchen,3,1550.24,16.4,Net Banking,Delivered,3.9
ORD005417,2026-02-04,CUST01446,Mumbai,25.0,Women's Kurti,Fashion,2,1011.46,21.0,Net Banking,Delivered,
ORD005418,,CUST00951,Bengaluru,37.0,Cushion Set,Home & Kitchen,1,771.82,7.0,Debit Card,Delivered,4.7
ORD005419,,CUST01191,Kochi,25.0,Cycling Helmet,Sports & Fitness,3,1466.6,13.5,UPI,Delivered,4.3
ORD005420,2026-03-07,CUST00218,Delhi,23.0,Rich Dad Poor Dad,Books,1,469.3,15.9,Credit Card,Delivered,4.1
ORD005421,,CUST00006,Kochi,25.0,Denim Jeans,Fashion,1,1654.47,13.5,UPI,Delivered,2.7
ORD005422,,CUST01139,Ahmedabad,26.0,Running Shoes,Fashion,1,2288.83,4.5,UPI,Delivered,3.6
ORD005423,,CUST00600,Ahmedabad,26.0,Atomic Habits,Books,1,585.89,15.2,UPI,Returned,2.9
ORD005424,2026-02-08,CUST00706,Ahmedabad,30.0,Water Bottle,Home & Kitchen,1,702.63,9.3,UPI,Cancelled,
ORD005425,,CUST00027,,36.0,Perfume,Beauty,1,1400.29,12.2,Wallet,Delivered,3.1
ORD005426,,CUST01854,Ahmedabad,20.0,Denim Jeans,Fashion,2,1674.41,13.7,UPI,Delivered,3.5
ORD005427,2026-11-07,CUST01511,Mangaluru,24.0,Indian History,Books,3,543.28,12.7,Net Banking,Delivered,3.2
ORD005428,2026-11-01,CUST01701,Kolkata,23.0,Storage Container Set,Home & Kitchen,2,901.45,0.9,UPI,Pending,
ORD005429,2025-05-11,CUST00391,Chennai,18.0,,Electronics,2,2352.01,12.5,UPI,Delivered,3.4
ORD005430,,CUST00697,Chandigarh,30.0,Cotton T-Shirt,Fashion,1,687.72,1.2,Debit Card,Delivered,3.6
ORD005431,,CUST00152,Mumbai,26.0,Organic Honey 500g,Grocery,2,471.36,14.9,UPI,Delivered,3.7
ORD005432,2025-08-10,CUST01061,Surat,26.0,Laptop Backpack,Electronics,1,2001.02,7.2,Credit Card,Delivered,3.8
ORD005433,,CUST00868,Delhi,54.0,Bluetooth Speaker,Electronics,1,1807.47,2.9,Credit Card,Delivered,5.0
ORD005434,,CUST01376,Chandigarh,25.0,Green Tea 100 Bags,Grocery,2,315.46,2.8,UPI,Delivered,3.1
ORD005435,,CUST01548,Ahmedabad,32.0,Running Shoes,Fashion,1,2580.83,11.1,Credit Card,Delivered,3.3
ORD005436,,CUST00529,Mysuru,41.0,Data Structures,Books,1,758.65,14.9,UPI,Delivered,3.8
ORD005437,2025-12-12,CUST01611,Chandigarh,31.0,Men's Casual Shirt,Fashion,1,1189.04,8.9,UPI,Delivered,
ORD005438,,CUST02041,Pune,32.0,Dry Fruits Mix 500g,Grocery,1,597.62,12.1,Cash on Delivery,Delivered,4.6
ORD005439,,CUST00664,Bengaluru,35.0,Backpack,Fashion,3,1357.12,15.9,upi,Pending,
ORD005440,,CUST00208,Kochi,33.0,Face Wash,Beauty,1,413.78,3.2,UPI,Delivered,3.5
ORD005441,2025-11-12,CUST01351,Kolkata,36.0,Atomic Habits,Books,1,611.21,5.9,Net Banking,Delivered,3.7
ORD005442,2026-10-03,CUST00737,Jaipur,39.0,Non-Stick Fry Pan,Home & Kitchen,2,1301.28,6.2,Credit Card,Returned,2.3
ORD005443,,CUST00101,Mumbai,32.0,Denim Jeans,Fashion,1,1872.67,9.5,Credit Card,Delivered,4.0
ORD005444,2025-10-12,CUST01595,Pune,29.0,Shampoo,Beauty,1,533.13,8.3,UPI,Delivered,4.3
ORD005445,2025-04-09,CUST00379,Mumbai ,24.0,Backpack,Fashion,1,1394.75,13.0,UPI,Delivered,3.7
ORD005446,,CUST00396,Hyderabad,31.0,Dry Fruits Mix 500g,Grocery,1,613.22,10.5,Net Banking,Delivered,3.0
ORD005447,2026-11-05,CUST00910,Mumbai,31.0,Women's Kurti,Fashion,2,1079.54,12.8,UPI,Delivered,4.1
ORD005448,,CUST00935,Lucknow,31.0,Green Tea 100 Bags,Grocery,2,354.88,14.6,UPI,Delivered,4.2
ORD005449,2026-07-01,CUST00391,Chennai,18.0,,Grocery,2,404.05,10.0,Credit Card,Cancelled,
ORD005450,2025-09-11,CUST01031,Delhi,18.0,Power Bank 20000mAh,Electronics,2,1478.17,9.6,Cash on Delivery,Cancelled,
ORD005451,2026-12-08,CUST00536, Surat ,35.0,Wireless Earbuds,Electronics,2,2546.39,10.6,Net Banking,Delivered,4.1
ORD005452,2026-11-05,CUST01472,Mysuru,29.0,Power Bank 20000mAh,Electronics,1,1456.97,10.5,Credit Card,Delivered,5.0
ORD005453,,CUST01797,Mysuru,34.0,Cotton T-Shirt,Fashion,1,680.52,14.5,Cash on Delivery,Delivered,4.1
ORD005454,,CUST00521,Jaipur ,36.0,Coffee 500g,Grocery,4,418.22,2.7,Net Banking,Delivered,4.8
ORD005455,,CUST00694,Mangaluru,27.0,Green Tea 100 Bags,Grocery,3,320.4,8.6,UPI,Delivered,4.4
ORD005456,2026-09-01,CUST01839,Unknown,41.0,Indian History,Books,3,534.88,12.0,UPI,Delivered,
ORD005457,2026-03-07,CUST00273,Kolkata,22.0,1080p Webcam,Electronics,1,2180.36,11.2, UPI ,Delivered,4.0
ORD005458,,CUST00292,Ahmedabad,37.0,Women's Kurti,Fashion,2,929.25,10.5,Credit Card,Delivered,3.0
ORD005459,,CUST00704,Mysuru,28.0,Smartwatch,Electronics,2,3215.12,9.9,UPI,Delivered,3.8
ORD005460,,CUST00231,Ahmedabad,26.0,Laptop Backpack,Electronics,1,1836.07,9.9,Credit Card,Delivered,3.8
ORD005461,,CUST00414,Bengaluru,30.0,Sunscreen SPF 50,Beauty,2,723.64,13.7,Net Banking,Delivered,3.5
ORD005462,,CUST00288,Mumbai,30.0,Power Bank 20000mAh,Electronics,2,1658.58,2.2,UPI,Delivered,3.9
ORD005463,2025-04-09,CUST01777,Kochi,24.0,Yoga Mat,Sports & Fitness,2,778.39,5.2,Debit Card,Delivered,
ORD005464,2026-12-03,CUST01252,Kochi,31.0,Women's Kurti,Fashion,2,980.39,15.3,Cash on Delivery,Cancelled,
ORD005465,2025-07-09,CUST00795,Mysuru,41.0,Wireless Earbuds,Electronics,2,2413.14,0.0,UPI,Delivered,3.0
ORD005466,2026-11-03,CUST00987,Delhi,34.0,SQL for Beginners,Books,1,656.85,4.2,UPI,Delivered,3.5
ORD005467,,CUST01685,Bengaluru,30.0,Lipstick,Beauty,1,607.88,14.3,Debit Card,Delivered,3.5
ORD005468,,CUST01108,Delhi,43.0,Atomic Habits,Books,2,600.03,11.9,Wallet,Delivered,4.6
ORD005469,2025-01-12,CUST01210,Chandigarh,31.0,LED Desk Lamp,Home & Kitchen,2,966.14,8.6,Cash on Delivery,Delivered,3.4
ORD005470,,CUST00423,Kochi,20.0,Storage Container Set,Home & Kitchen,2,882.76,6.4,UPI,Delivered,4.9
ORD005471,,CUST00316,Chandigarh,18.0,Smartwatch,Electronics,2,3143.93,4.6,UPI,Delivered,4.1
ORD005472,2026-09-07,CUST01079,Hyderabad,29.0,Organic Honey 500g,Grocery,2,436.36,10.5,UPI,Delivered,4.7
ORD005473,,CUST01209,Ahmedabad,44.0,Coffee 500g,Grocery,2,420.04,0.0,Credit Card,Delivered,3.8
ORD005474,2026-11-03,CUST01379,Bengaluru,18.0,Cricket Bat,Sports & Fitness,3,2500.59,15.9,UPI,Delivered,
ORD005475,,CUST00941,Chandigarh,42.0,Men's Casual Shirt,Fashion,2,1163.44,14.3,UPI,Delivered,5.0
ORD005476,2026-07-08,CUST01238,Chennai,18.0,Atomic Habits,Books,1,566.43,6.1,Debit Card,Delivered,4.0
ORD005477,,CUST00146,Mangaluru,39.0,Wireless Earbuds,Electronics,1,2521.75,8.4,Credit Card,Delivered,4.5
ORD005478,,CUST01837,Surat,28.0,Lipstick,Beauty,2,584.85,9.9,UPI,Delivered,
ORD005479,2026-02-04,CUST01997,Kochi,38.0,Water Bottle,Home & Kitchen,1,702.13,11.8,Credit Card,Delivered,5.0
ORD005480,2026-05-08,CUST01900,Delhi,25.0,Face Wash,Beauty,1,424.83,9.5,UPI,Cancelled,
ORD005481,2026-10-08,CUST01369,Surat,26.0,Laptop Backpack,Electronics,2,1880.04,3.7,UPI,Delivered,1.9
ORD005482,,CUST01910,Lucknow,33.0,Face Wash,Beauty,2,367.75,10.5,Credit Card,Delivered,
ORD005483,2026-06-03,CUST00298,Pune,,Basmati Rice 5kg,Grocery,3,768.51,6.0,Credit Card,Pending,
ORD005484,,CUST00333,Bengaluru,29.0,Protein Oats 1kg,Grocery,2,428.52,9.0,UPI,Delivered,3.8
ORD005485,,CUST01824,Delhi,39.0,Coffee 500g,Grocery,2,446.15,0.5,Credit Card,Delivered,4.1
ORD005486,,CUST00212,Kolkata,35.0,Cotton T-Shirt,Fashion,3,654.6,6.4,Wallet,Delivered,3.6
ORD005487,,CUST01092,Kolkata,40.0,Body Lotion,Beauty,1,451.35,10.9,Debit Card,Delivered,5.0
ORD005488,,CUST00903,Bengaluru,35.0,Gym Gloves,Sports & Fitness,2,512.79,10.8,Debit Card,Delivered,3.9
ORD005489,2025-11-09,CUST01311,Kolkata,31.0,Competitive Aptitude,Books,1,445.19,3.2,UPI,Delivered,4.2
ORD005490,2025-11-11,CUST00047,Hyderabad,33.0,Power Bank 20000mAh,Electronics,2,1528.56,12.6,UPI,Delivered,3.7
ORD005491,,CUST01861,Kolkata,42.0,Green Tea 100 Bags,Grocery,2,353.98,9.0,UPI,Delivered,4.1
ORD005492,,CUST01405,Pune,21.0,Cotton T-Shirt,Fashion,3,726.45,10.5,UPI,Cancelled,
ORD005493,2026-07-07,CUST00292,Ahmedabad,37.0,Water Bottle,Home & Kitchen,1,703.05,11.1,UPI,Delivered,3.9
ORD005494,2026-08-08,CUST01217,Mumbai,39.0,Storage Container Set,Home & Kitchen,1,930.11,13.1,Credit Card,Delivered,4.7
ORD005495,,CUST02026,Chandigarh,25.0,USB-C Fast Charger,Electronics,2,987.35,8.8,Credit Card,Delivered,4.9
ORD005496,2026-09-04,CUST00718,Chandigarh,27.0,Gym Gloves,Sports & Fitness,2,459.63,12.0,UPI,Delivered,3.8
ORD005497,2025-09-09,CUST01315,Kolkata,35.0,Mixer Grinder,Home & Kitchen,2,3593.78,4.9,UPI,Delivered,4.9
ORD005498,,CUST01756,Bengaluru,38.0,Wireless Earbuds,Electronics,1,2566.33,16.9,UPI,Delivered,4.2
ORD005499,2025-07-12,CUST01440,Pune,26.0,Power Bank 20000mAh,Electronics,2,1460.53,10.9,Net Banking,Delivered,3.2
ORD005500,,CUST01341,Kochi,26.0,Indian History,Books,2,536.94,4.9,Debit Card,Delivered,4.5
ORD005501,2026-12-06,CUST01084,Chandigarh,26.0,Mixer Grinder,Home & Kitchen,1,3498.45,13.1,Credit Card,Delivered,4.8
ORD005502,,CUST00839,,41.0,Wireless Earbuds,Electronics,2,2632.04,6.1,Cash on Delivery,Delivered,4.4
ORD005503,,CUST01965,Jaipur,41.0,Non-Stick Fry Pan,Home & Kitchen,1,1285.97,9.5,UPI,Delivered,3.4
ORD005504,,CUST00222,Pune,28.0,LED Desk Lamp,Home & Kitchen,1,1014.26,16.0,Net Banking,Delivered,4.3
ORD005505,,CUST01889,Unknown,43.0,Non-Stick Fry Pan,Home & Kitchen,1,1320.85,11.3,Credit Card,Delivered,4.9
ORD005506,2025-03-11,CUST00080,Bengaluru,22.0,Organic Honey 500g,Grocery,1,434.1,10.8,Credit Card,Returned,3.9
ORD005507,,CUST01469,Mumbai,23.0,Smartwatch,Electronics,1,3647.76,7.9,UPI,Delivered,3.8
ORD005508,,CUST00435,lucknow,34.0,Resistance Bands,Sports & Fitness,2,599.13,10.2,UPI,Delivered,5.0
ORD005509,,CUST00592,Pune,27.0,Power Bank 20000mAh,Electronics,2,1431.87,8.4,UPI,Delivered,3.7
ORD005510,2026-02-04,CUST00984,Hyderabad,18.0,Competitive Aptitude,Books,1,484.0,4.9,UPI,Delivered,3.6
ORD005511,,CUST00352,Mumbai,28.0,Cricket Bat,Sports & Fitness,1,2528.45,5.7,Debit Card,Delivered,4.6
ORD005512,,CUST01236,Chennai,41.0,Green Tea 100 Bags,Grocery,1,332.01,13.3,UPI,Delivered,3.2
ORD005513,2026-06-01,CUST01087,Hyderabad,26.0,Rich Dad Poor Dad,Books,2,475.56,8.8,UPI,Delivered,4.7
ORD005514,,CUST00837,Ahmedabad,27.0,Organic Honey 500g,Grocery,3,466.03,14.8,UPI,Delivered,3.6
ORD005515,2025-05-11,CUST01004,Delhi,22.0,Wireless Earbuds,Electronics,2,2446.35,11.6,Net Banking,Delivered,3.0
ORD005516,,CUST01609,Bengaluru,31.0,Men's Casual Shirt,Fashion,3,1295.94,13.0,UPI,Delivered,3.8
ORD005517,2025-09-10,CUST00092,Chennai,30.0,Cooking Oil 5L,Grocery,2,773.99,10.3,UPI,Delivered,4.5
ORD005518,2025-07-10,CUST00316,Chandigarh,18.0,Men's Casual Shirt,Fashion,3,1230.11,11.7,Credit Card,Delivered,4.2
ORD005519,,CUST01391,Hyderabad,36.0,Cooking Oil 5L,Grocery,1,774.78,12.2,Debit Card,Delivered,2.9
ORD005520,2026-01-03,CUST00228,Mumbai,31.0,Resistance Bands,Sports & Fitness,1,661.8,7.2,Net Banking,Delivered,4.2
ORD005521,,CUST01789,Bengaluru,24.0,Competitive Aptitude,Books,2,-99.0,14.1,Cash on Delivery,Delivered,3.5
ORD005522,,CUST01296,Chandigarh,24.0,Cooking Oil 5L,Grocery,1,782.06,1.1,UPI,Delivered,3.2
ORD005523,,CUST00945,Mysuru,44.0,Water Bottle,Home & Kitchen,2,757.4,8.7,UPI,Delivered,4.2
ORD005524,2026-03-01,CUST00021,Hyderabad,26.0,Power Bank 20000mAh,Electronics,2,1518.68,6.4,Net Banking,Delivered,3.9
ORD005525,2026-01-07,CUST00853,Lucknow,39.0,Gym Gloves,Sports & Fitness,2,505.71,8.9,UPI,Delivered,3.6
ORD005526,,CUST01003,Pune,29.0,Yoga Mat,Sports & Fitness,2,777.36,9.3,UPI,Cancelled,
ORD005527,,CUST00940,Bengaluru,31.0,Almonds 500g,Grocery,2,531.64,7.4,Cash on Delivery,Delivered,4.3
ORD005528,,CUST00483,Delhi,37.0,Running Shoes,Fashion,2,2434.86,9.4,UPI,Delivered,2.2
ORD005529,,CUST00823,Bengaluru,27.0,Face Wash,Beauty,3,418.83,5.9,UPI,Delivered,4.0
ORD005530,,CUST00245,Surat,37.0,Running Shoes,Fashion,1,2468.26,7.9,Wallet,Delivered,3.6
ORD005531,,CUST00891,Kolkata,29.0,Bedsheet Set,Home & Kitchen,1,1745.66,14.2,Cash on Delivery,Delivered,3.5
ORD005532,2026-01-02,CUST01045,Mangaluru,23.0,Power Bank 20000mAh,Electronics,2,1471.88,4.7,UPI,Delivered,3.7
ORD005533,,CUST01950,Kochi,24.0,Bluetooth Speaker,Electronics,1,1785.09,6.5,UPI,Delivered,4.4
ORD005534,2025-09-10,CUST01204,Chandigarh,38.0,Python Programming,Books,4,686.53,10.6,Credit Card,Delivered,
ORD005535,,CUST01186,BENGALURU,29.0,Wireless Earbuds,Electronics,1,2569.72,21.0,Credit Card,Delivered,3.8
ORD005536,2025-11-11,CUST01914,Mangaluru,40.0,Bluetooth Speaker,Electronics,1,1721.0,9.2,UPI,Delivered,5.0
ORD005537,,CUST01295,Mangaluru,33.0,Smartwatch,Electronics,2,3218.12,5.7,UPI,Delivered,2.5
ORD005538,2026-06-08,CUST00823,Bengaluru,27.0,Men's Casual Shirt,Fashion,2,1218.9,7.4,UPI,Delivered,2.7
ORD005539,,CUST01408,Delhi,37.0,Cotton T-Shirt,Fashion,3,732.31,13.0,Debit Card,Delivered,3.4
ORD005540,2026-12-07,CUST00840,Chennai,21.0,1080p Webcam,Electronics,2,2316.63,6.7,UPI,Delivered,3.3
ORD005541,2025-05-09,CUST00685,Chandigarh,35.0,1080p Webcam,Electronics,2,2328.09,15.6,Credit Card,Delivered,5.0
ORD005542,2025-01-11,CUST00923,Mumbai,34.0,Protein Oats 1kg,Grocery,3,424.03,12.4,Debit Card,Delivered,4.5
ORD005543,,CUST00494,Mumbai,28.0,Sunscreen SPF 50,Beauty,2,704.3,14.4,Credit Card,Delivered,2.4
ORD005544,,CUST01384,Bengaluru,27.0,Face Wash,Beauty,2,394.08,7.7,Cash on Delivery,Delivered,4.8
ORD005545,2026-05-07,CUST00181,Hyderabad,32.0,Power Bank 20000mAh,Electronics,2,1443.03,8.2,Net Banking,Returned,3.3
ORD005546,2026-10-03,CUST01069,Mumbai,28.0,Resistance Bands,Sports & Fitness,1,606.28,13.7,UPI,Delivered,
ORD005547,,CUST00507,Pune,24.0,Storage Container Set,Home & Kitchen,1,931.79,9.4,Net Banking,Delivered,3.2
ORD005548,,CUST01725,Pune,35.0,Wireless Earbuds,Electronics,1,2462.49,7.3,UPI,Delivered,
ORD005549,,CUST00003,Hyderabad,18.0,Running Shoes,Fashion,3,2604.71,8.2,UPI,Delivered,4.1
ORD005550,,CUST01732,Bengaluru,31.0,Atomic Habits,Books,1,649.15,12.7,Credit Card,Delivered,5.0
ORD005551,,CUST00328,Kochi,40.0,Electric Kettle,Home & Kitchen,2,1632.24,14.5,Cash on Delivery,Delivered,
ORD005552,,CUST01394,Kochi,37.0,Perfume,Beauty,1,1301.24,6.3,UPI,Pending,
ORD005553,2025-10-12,CUST00421,Hyderabad ,20.0,USB-C Fast Charger,Electronics,2,1025.92,11.2,Cash on Delivery,Pending,
ORD005554,,CUST01900,Delhi,25.0,Men's Casual Shirt,Fashion,3,1232.7,11.1,Debit Card,Delivered,3.6
ORD005555,,CUST01570,Hyderabad,,Storage Container Set,Home & Kitchen,1,945.46,7.1,UPI,Returned,2.9
ORD005556,,CUST01793,Mysuru,35.0,Gym Gloves,Sports & Fitness,1,486.56,7.0,Debit Card,Delivered,4.1
ORD005557,2026-02-03,CUST01448,Surat,40.0,Cotton T-Shirt,Fashion,1,646.18,12.7,Credit Card,Pending,
ORD005558,,CUST00917,Kochi,24.0,USB-C Fast Charger,Electronics,2,1001.7,6.3,Net Banking,Delivered,3.0
ORD005559,2026-04-05,CUST00401,Hyderabad,21.0,Indian History,Books,1,565.32,13.0,UPI,Delivered,4.0
ORD005560,,CUST02046,Kolkata,20.0,Sunscreen SPF 50,Beauty,1,691.03,6.5,Cash on Delivery,Pending,
ORD005561,,CUST01611,Chandigarh,31.0,Wireless Earbuds,Electronics,2,2444.04,15.5,Credit Card,Delivered,3.3
ORD005562,,CUST01270,Delhi,36.0,Protein Oats 1kg,Grocery,3,416.05,,Credit Card,Delivered,3.3
ORD005563,2026-06-07,CUST01290,Mangaluru,43.0,Cooking Oil 5L,Grocery,4,764.87,9.1,UPI,Delivered,3.2
ORD005564,2025-05-11,CUST01690,Pune,37.0,Indian History,Books,1,582.04,11.0,UPI,Delivered,4.4
ORD005565,2026-08-04,CUST00930,Surat,30.0,Competitive Aptitude,Books,1,420.45,16.3,Net Banking,Delivered,3.3
ORD005566,2026-01-04,CUST00795,Mysuru,41.0,LED Desk Lamp,Home & Kitchen,3,959.04,9.2,UPI,Delivered,5.0
ORD005567,,CUST01993,Surat,22.0,Power Bank 20000mAh,Electronics,1,1430.22,9.4,Wallet,Delivered,3.8
ORD005568,,CUST01846,Hyderabad,18.0,Wireless Earbuds,Electronics,2,2530.2,7.8,Net Banking,Delivered,4.9
ORD005569,2025-11-10,CUST01902,Mumbai,27.0,Basmati Rice 5kg,Grocery,2,762.85,15.4,Net Banking,Delivered,4.1
ORD005570,2025-07-12,CUST00216,Hyderabad,35.0,Women's Kurti,Fashion,1,948.53,13.4,Wallet,Delivered,
ORD005571,,CUST00393,Chandigarh,21.0,USB-C Fast Charger,Electronics,2,926.04,13.3,UPI,Delivered,3.7
ORD005572,,CUST00630,Mysuru,32.0,Men's Casual Shirt,Fashion,2,1220.65,9.5,UPI,Delivered,5.0
ORD005573,,CUST00853,Lucknow,39.0,Sunscreen SPF 50,Beauty,2,690.88,12.5,Cash on Delivery,Delivered,4.4
ORD005574,,CUST00194,Ahmedabad,22.0,Face Wash,Beauty,1,388.07,16.5,Credit Card,Delivered,4.5
ORD005575,2026-02-02,CUST00039,Delhi,29.0,USB-C Fast Charger,Electronics,2,1064.67,8.7,UPI,Delivered,4.0
ORD005576,2025-01-09,CUST01224,Chennai,36.0,Unknown,Fashion,3,965.28,14.2,UPI,Cancelled,
ORD005577,,CUST00949,Pune,32.0,Cushion Set,Home & Kitchen,2,784.61,14.7,UPI,Returned,2.2
ORD005578,,CUST00548,Surat,42.0,Basmati Rice 5kg,Grocery,2,735.41,7.0,Debit Card,Delivered,4.5
ORD005579,,CUST00830,Kochi,33.0,Football,Sports & Fitness,1,854.69,4.2,UPI,Delivered,5.0
ORD005580,,CUST00222,Pune,28.0,Denim Jeans,Fashion,1,1958.56,2.3,UPI,Delivered,4.3
ORD005581,2025-04-12,CUST01110,Mysuru,33.0,Dry Fruits Mix 500g,Grocery,2,621.4,2.9,Credit Card,Delivered,4.5
ORD005582,,CUST01931,Hyderabad,39.0,Water Bottle,Home & Kitchen,1,695.01,3.3,UPI,Delivered,3.8
ORD005583,,CUST00786,Chennai,39.0,Smartwatch,Electronics,2,3220.12,13.5,UPI,Returned,4.2
ORD005584,,CUST01164,Mangaluru,38.0,Cricket Bat,Sports & Fitness,1,2396.03,13.8,UPI,Delivered,4.0
ORD005585,2026-12-05,CUST01676,Delhi,23.0,Water Bottle,Home & Kitchen,1,755.5,2.9,Wallet,Delivered,3.8
ORD005586,2026-06-04,CUST01749,Bengaluru,24.0,USB-C Fast Charger,Electronics,2,1068.47,14.2,Credit Card,Returned,3.0
ORD005587,,CUST01265,Hyderabad,38.0,Indian History,Books,2,567.31,6.7,Cash on Delivery,Delivered,4.6
ORD005588,2025-10-12,CUST01796,Delhi,39.0,Almonds 500g,Grocery,3,542.19,3.6,,Delivered,3.8
ORD005589,2025-08-12,CUST01706,Pune,33.0,Sunscreen SPF 50,Beauty,2,742.44,9.0,Debit Card,Delivered,3.6
ORD005590,,CUST01974,Chennai,20.0,Resistance Bands,Sports & Fitness,2,559.73,11.8,Debit Card,Delivered,2.9
ORD005591,2026-06-08,CUST01847,Chennai,31.0,1080p Webcam,Electronics,2,2234.64,5.1,Credit Card,Delivered,2.8
ORD005592,2026-09-04,CUST00030,Kolkata,20.0,Data Structures,Books,3,828.12,5.8,UPI,Delivered,4.5
ORD005593,,CUST00820,Pune,,Backpack,Fashion,3,1306.38,14.8,Credit Card,Returned,2.0
ORD005594,,CUST01405,Pune,21.0,Dry Fruits Mix 500g,Grocery,2,615.75,11.5,Wallet,Delivered,4.3
ORD005595,,CUST00092,Chennai,30.0,Power Bank 20000mAh,Electronics,1,1404.63,2.1,Credit Card,Delivered,4.3
ORD005596,2026-10-05,CUST00078,Hyderabad,18.0,Wireless Earbuds,Electronics,2,2496.42,14.7,Debit Card,Delivered,4.9
ORD005597,2026-03-08,CUST01288,Bengaluru,43.0,Women's Kurti,Fashion,1,1099.29,7.4,UPI,Delivered,4.5
ORD005598,2026-07-06,CUST00654,Mumbai,18.0,Dumbbell Set 10kg,Sports & Fitness,1,2091.52,5.0,Credit Card,Delivered,3.6
ORD005599,,CUST01071,Mangaluru,58.0,Moisturizer,Beauty,1,633.1,12.8,Debit Card,Delivered,4.0
ORD005600,,CUST02046,Kolkata,20.0,Cotton T-Shirt,Fashion,2,711.53,3.6,UPI,Delivered,
ORD005601,2026-05-05,CUST01290,Mangaluru,43.0,Sports Track Pants,Fashion,3,1298.82,11.0,UPI,Delivered,3.7
ORD005602,,CUST00247,Mumbai,39.0,Competitive Aptitude,Books,1,453.34,8.4,Debit Card,Cancelled,
ORD005603,2026-08-02,CUST00119,Kolkata,33.0,Basmati Rice 5kg,Grocery,1,749.94,0.7,Cash on Delivery,Delivered,3.7
ORD005604,2026-01-07,CUST02036,Mysuru,32.0,Cooking Oil 5L,Grocery,3,766.34,7.3,UPI,Delivered,4.5
ORD005605,,CUST00611,Ahmedabad,18.0,Dumbbell Set 10kg,Sports & Fitness,2,1897.35,12.0,Credit Card,Delivered,2.9
ORD005606,2026-07-08,CUST00515,Kochi,30.0,Backpack,Fashion,3,1357.38,15.8,Wallet,Delivered,4.7
ORD005607,,CUST00118,Mysuru,34.0,Smartwatch,Electronics,2,3320.58,9.2,UPI,Cancelled,
ORD005608,2026-09-01,CUST02013,Delhi,36.0,Men's Casual Shirt,Fashion,3,1252.89,6.1,UPI,Delivered,4.6
ORD005609,2025-08-11,CUST01542,Surat,24.0,Cricket Bat,Sports & Fitness,2,2306.93,8.1,Credit Card,Delivered,3.1
ORD005610,2026-06-08,CUST01774,Surat,29.0,Machine Learning Basics,Books,1,874.52,11.6,UPI,Delivered,4.6
ORD005611,,CUST00415,Lucknow,18.0,Coffee 500g,Grocery,1,425.24,9.8,UPI,Delivered,3.6
ORD005612,,CUST00923,Mumbai,34.0,Sunscreen SPF 50,Beauty,2,696.75,8.8,Cash on Delivery,Delivered,3.7
ORD005613,2025-01-10,CUST00820,Pune,18.0,Green Tea 100 Bags,Grocery,1,356.74,5.9,Credit Card,Pending,
ORD005614,,CUST01900,Delhi,25.0,SQL for Beginners,Books,1,657.02,8.8,UPI,Delivered,4.7
ORD005615,,CUST01258,Delhi,40.0,Moisturizer,Beauty,2,664.17,10.6,UPI,Delivered,3.4
ORD005616,,CUST01092,Kolkata,40.0,Python Programming,Books,1,696.27,4.2,UPI,Returned,
ORD005617,,CUST01913,Jaipur,29.0,Water Bottle,Home & Kitchen,2,679.6,10.4,UPI,Delivered,3.9
ORD005618,2025-06-09,CUST00182,Bengaluru,24.0,Hair Serum,Beauty,1,519.48,10.2,Debit Card,Delivered,4.9
ORD005619,,CUST00691,Ahmedabad,32.0,Face Wash,Beauty,1,379.08,15.9,Credit Card,Delivered,3.5
ORD005620,,CUST01065,Mysuru,28.0,Machine Learning Basics,Books,1,862.54,10.7,UPI,Delivered,4.5
ORD005621,,CUST01641,Chandigarh,18.0,Water Bottle,Home & Kitchen,1,630.18,4.5,UPI,Delivered,
ORD005622,,CUST01955,Mumbai,36.0,Atomic Habits,Books,2,614.81,8.6,Credit Card,Delivered,4.4
ORD005623,,CUST01666,Surat,29.0,Moisturizer,Beauty,2,617.93,9.9,Wallet,Delivered,
ORD005624,,CUST00967,Delhi,31.0,Yoga Mat,Sports & Fitness,2,815.99,6.4,Cash on Delivery,Delivered,3.7
ORD005625,,CUST00494,Mumbai,28.0,Water Bottle,Home & Kitchen,2,766.91,3.8,UPI,Delivered,4.6
ORD005626,2026-06-05,CUST00525,Pune,22.0,Smartwatch,Electronics,1,3221.09,9.8,Cash on Delivery,Pending,
ORD005627,,CUST00713,Surat,27.0,Denim Jeans,Fashion,3,1639.25,7.9,Cash on Delivery,Delivered,2.8
ORD005628,,CUST01026,Kochi,50.0,Protein Oats 1kg,Grocery,2,392.8,15.4,Credit Card,Delivered,
ORD005629,,CUST00364,Bengaluru,42.0,Indian History,Books,4,573.51,7.8,Debit Card,Returned,2.8
ORD005630,,CUST00589,Pune,23.0,Power Bank 20000mAh,Electronics,1,1481.47,8.1,UPI,Delivered,3.6
ORD005631,2026-02-04,CUST00610,Chennai,43.0,Mechanical Keyboard,Electronics,1,2863.02,8.9,Credit Card,Delivered,4.1
ORD005632,,CUST01241,Hyderabad,29.0,Non-Stick Fry Pan,Home & Kitchen,1,1332.56,4.4,UPI,Delivered,3.5
ORD005633,,CUST00670,Hyderabad,33.0,USB-C Fast Charger,Electronics,1,969.35,8.8,Credit Card,Delivered,3.0
ORD005634,,CUST00935,Lucknow,31.0,Cricket Bat,Sports & Fitness,2,2467.44,10.3,UPI,Delivered,3.4
ORD005635,,CUST00795,Mysuru,41.0,LED Desk Lamp,Home & Kitchen,1,969.68,7.7,Net Banking,Delivered,3.9
ORD005636,,CUST00925,Chandigarh,43.0,Denim Jeans,Fashion,2,1853.55,,UPI,Delivered,4.7
ORD005637,,CUST01445,Ahmedabad,38.0,Moisturizer,Beauty,1,641.7,2.6,UPI,Delivered,3.7
ORD005638,2026-11-08,CUST01840,Pune,25.0,Power Bank 20000mAh,Electronics,2,1590.27,18.9,UPI,Delivered,4.8
ORD005639,,CUST01963,Chennai,29.0,Skipping Rope,Sports & Fitness,3,311.08,9.6,Wallet,Delivered,
ORD005640,,CUST01271,Mumbai,25.0,Bluetooth Speaker,Electronics,2,1888.88,11.5,UPI,Delivered,4.0
ORD005641,2026-10-02,CUST01552,Jaipur,19.0,Hair Serum,Beauty,2,485.55,11.3,UPI,Delivered,4.0
ORD005642,2026-07-04,CUST00878,Mumbai,36.0,Indian History,Books,3,554.69,11.1,UPI,Delivered,5.0
ORD005643,2026-04-07,CUST00566,Kochi,29.0,Dry Fruits Mix 500g,Grocery,2,595.37,10.2,Credit Card,Delivered,4.4
ORD005644,,CUST00933,Delhi,36.0,Bedsheet Set,Home & Kitchen,1,1757.41,5.4,Net Banking,Delivered,2.9
ORD005645,,CUST01870,Ahmedabad,18.0,Backpack,Fashion,2,1253.28,9.6,UPI,Delivered,3.3
ORD005646,2026-02-02,CUST01957,Chandigarh,24.0,Saree,Fashion,1,2168.97,8.1,UPI,Delivered,4.7
ORD005647,2025-09-12,CUST00128,Ahmedabad,49.0,Indian History,Books,1,563.58,18.1,Cash on Delivery,Delivered,4.8
ORD005648,2026-12-01,CUST01881,Mumbai,34.0,Cushion Set,Home & Kitchen,3,869.31,7.3,UPI,Delivered,3.4
ORD005649,,CUST02046,Kolkata,20.0,Indian History,Books,2,539.16,14.8,Cash on Delivery,Delivered,3.9
ORD005650,2026-04-03,CUST01391,Hyderabad,36.0,USB-C Fast Charger,Electronics,1,1023.42,8.5,Net Banking,Delivered,3.4
ORD005651,2026-08-02,CUST01236,Chennai,41.0,Cooking Oil 5L,Grocery,3,813.76,8.7,Wallet,Delivered,4.2
ORD005652,2025-07-10,CUST01825,Hyderabad,27.0,Women's Kurti,Fashion,1,1000.2,8.6,Credit Card,Delivered,
ORD005653,,CUST00449,Ahmedabad,30.0,Atomic Habits,Books,1,592.59,9.9,Credit Card,Delivered,4.8
ORD005654,,CUST00884,Mumbai,32.0,Laptop Backpack,Electronics,1,2024.22,7.8,UPI,Delivered,4.4
ORD005655,,CUST00929,Surat,33.0,Basmati Rice 5kg,Grocery,2,750.48,6.5,UPI,Delivered,
ORD005656,2026-06-04,CUST01165,Ahmedabad,29.0,Denim Jeans,Fashion,2,1727.59,15.8,UPI,Cancelled,
ORD005657,,CUST01189,Pune,37.0,Storage Container Set,Home & Kitchen,3,892.26,0.1,UPI,Delivered,3.7
ORD005658,,CUST00234,Delhi,31.0,Moisturizer,Beauty,2,625.5,13.0,Wallet,Delivered,4.9
ORD005659,2026-02-07,CUST01005,Ahmedabad,31.0,Machine Learning Basics,Books,2,887.6,10.5,UPI,Delivered,
ORD005660,,CUST00214,Mangaluru,35.0,Denim Jeans,Fashion,2,1764.13,12.6,Cash on Delivery,Delivered,3.6
ORD005661,2025-12-12,CUST00691,Ahmedabad,32.0,Python Programming,Books,2,671.42,5.3,UPI,Delivered,4.4
ORD005662,,CUST01328,Hyderabad,30.0,Power Bank 20000mAh,Electronics,2,1409.22,13.0,Debit Card,Delivered,3.3
ORD005663,2025-05-12,CUST00617,Lucknow,30.0,SQL for Beginners,Books,1,642.33,5.4,UPI,Delivered,3.7
ORD005664,,CUST00595,Hyderabad,33.0,Storage Container Set,Home & Kitchen,1,967.61,5.0,UPI,Delivered,4.5
ORD005665,2026-10-01,CUST01266,Jaipur,39.0,Moisturizer,Beauty,1,670.42,3.5,UPI,Delivered,4.4
ORD005666,,CUST01248,Bengaluru,22.0,Football,Sports & Fitness,2,929.86,5.1,Net Banking,Delivered,
ORD005667,,CUST01648,Mangaluru,39.0,Cycling Helmet,Sports & Fitness,1,1545.78,4.0,UPI,Delivered,4.0
ORD005668,2025-04-11,CUST01408,Delhi,37.0,Water Bottle,Home & Kitchen,2,698.98,10.5,UPI,Delivered,3.1
ORD005669,,CUST02032,Mumbai,36.0,Python Programming,Books,1,710.28,6.3,UPI,Cancelled,
ORD005670,,CUST01695,Kolkata,40.0,Almonds 500g,Grocery,2,498.71,13.0,Credit Card,Delivered,2.9
ORD005671,2025-06-11,CUST00944,Mumbai,30.0,Atomic Habits,Books,1,614.47,4.0,Cash on Delivery,Delivered,4.8
ORD005672,2026-08-04,CUST00546,Chennai,25.0,Water Bottle,Home & Kitchen,1,691.07,7.2,UPI,Delivered,3.2
ORD005673,2026-07-07,CUST02008,Bengaluru,30.0,Coffee 500g,Grocery,1,436.02,9.6,UPI,Delivered,4.5
ORD005674,,CUST00980,Surat,28.0,Shampoo,Beauty,2,591.09,10.1,Credit Card,Delivered,4.0
ORD005675,,CUST00400,Delhi,39.0,Laptop Backpack,Electronics,2,1955.86,5.8,UPI,Delivered,4.6
ORD005676,,CUST01038,Delhi,24.0,Women's Kurti,Fashion,1,1025.98,11.0,UPI,Delivered,4.1
ORD005677,,CUST00645,Hyderabad,34.0,Backpack,Fashion,1,1163.63,13.3,UPI,Delivered,4.1
ORD005678,2026-11-05,CUST01844,Hyderabad,37.0,Shampoo,Beauty,1,518.22,16.0,UPI,Delivered,3.7
ORD005679,,CUST00474,Hyderabad,18.0,Sunscreen SPF 50,Beauty,1,718.53,8.1,Debit Card,Delivered,3.3
ORD005680,,CUST00933,Delhi,36.0,Denim Jeans,Fashion,1,1814.71,18.7,UPI,Delivered,
ORD005681,,CUST00222,Pune,28.0,Dumbbell Set 10kg,Sports & Fitness,3,2087.28,10.3,Credit Card,Delivered,3.9
ORD005682,,CUST01904,Jaipur,30.0,Bedsheet Set,Home & Kitchen,1,1628.28,14.9,UPI,Delivered,4.4
ORD005683,2026-02-06,CUST00689,Hyderabad,24.0,Men's Casual Shirt,Fashion,2,1204.71,8.7,Credit Card,Delivered,4.6
ORD005684,,CUST00650,Mangaluru,31.0,Cooking Oil 5L,Grocery,1,825.68,1.1,UPI,Cancelled,
ORD005685,2026-03-02,CUST00677,Chandigarh,24.0,Lipstick,Beauty,1,609.36,3.3,UPI,Delivered,4.0
ORD005686,2025-07-10,CUST01904,Jaipur,30.0,Basmati Rice 5kg,Grocery,1,739.96,16.8,Cash on Delivery,Cancelled,
ORD005687,,CUST00617,Lucknow,30.0,Smartwatch,Electronics,2,3415.06,15.0,Credit Card,Delivered,3.2
ORD005688,,CUST00198,Pune,29.0,Non-Stick Fry Pan,Home & Kitchen,2,1289.41,6.8,Debit Card,Delivered,4.3
ORD005689,,CUST01337,Delhi,30.0,Water Bottle,Home & Kitchen,3,718.84,12.2,Credit Card,Delivered,3.1
ORD005690,2026-10-01,CUST00047,Hyderabad,33.0,,Electronics,2,2263.19,5.8,Cash on Delivery,Delivered,3.2
ORD005691,,CUST01749,Bengaluru,24.0,Dry Fruits Mix 500g,Grocery,2,619.18,8.7,Credit Card,Returned,2.4
ORD005692,,CUST00052,Hyderabad,19.0,Power Bank 20000mAh,Electronics,1,1583.45,9.7,Credit Card,Delivered,4.0
ORD005693,,CUST01758,Mumbai,32.0,Almonds 500g,Grocery,1,543.93,9.9,UPI,Delivered,3.8
ORD005694,2025-08-12,CUST01469,Mumbai,23.0,Wireless Earbuds,Electronics,2,2628.82,12.8,Debit Card,Delivered,
ORD005695,,CUST00709,Delhi,40.0,Moisturizer,Beauty,1,717.13,4.1,UPI,Delivered,
ORD005696,,CUST01665,Chennai,23.0,Indian History,Books,1,540.3,13.0,Wallet,Pending,
ORD005697,,CUST00118,Mysuru,34.0,Power Bank 20000mAh,Electronics,2,1492.84,10.0,UPI,Delivered,4.7
ORD005698,2025-01-09,CUST01370,Bengaluru,20.0,Sports Track Pants,Fashion,2,1297.83,7.5,Debit Card,Pending,
ORD005699,,CUST01902,Mumbai,27.0,Perfume,Beauty,1,1372.2,14.2,UPI,Delivered,4.4
ORD005700,2025-01-09,CUST01270,Delhi,36.0,LED Desk Lamp,Home & Kitchen,1,1018.82,9.3,Debit Card,Delivered,3.9
ORD005701,,CUST01497,Hyderabad,18.0,Shampoo,Beauty,2,529.07,14.3,UPI,Delivered,5.0
ORD005702,2026-06-04,CUST00026,Delhi,42.0,Smartwatch,Electronics,2,3414.39,8.5,Cash on Delivery,Delivered,3.4
ORD005703,,CUST00502,Mumbai,36.0,Resistance Bands,Sports & Fitness,1,643.23,13.2,UPI,Delivered,3.2
ORD005704,,CUST00933,Delhi,36.0,Organic Honey 500g,Grocery,2,475.69,11.5,UPI,Delivered,5.0
ORD005705,,CUST01508,Mysuru,36.0,Resistance Bands,Sports & Fitness,1,587.53,7.2,Debit Card,Delivered,4.3
ORD005706,2025-05-09,CUST01437,Hyderabad,18.0,Backpack,Fashion,2,1283.15,14.0,UPI,Returned,3.2
ORD005707,2026-04-06,CUST01417,Hyderabad,24.0,LED Desk Lamp,Home & Kitchen,3,983.23,4.1,UPI,Delivered,4.3
ORD005708,2026-08-06,CUST00679,Ahmedabad,46.0,Non-Stick Fry Pan,Home & Kitchen,3,1310.99,12.4,Net Banking,Delivered,4.3
ORD005709,,CUST00791,Mumbai,42.0,Cushion Set,Home & Kitchen,2,874.64,2.9,Debit Card,Delivered,4.0
ORD005710,,CUST00100,Pune,24.0,Body Lotion,Beauty,2,452.45,16.0,UPI,Delivered,3.8
ORD005711,,CUST01994,Hyderabad,31.0,Coffee 500g,Grocery,1,420.32,9.1,Credit Card,Delivered,4.0
ORD005712,,CUST00743,Chennai,36.0,Mixer Grinder,Home & Kitchen,3,3669.04,8.5,Net Banking,Delivered,4.6
ORD005713,2026-09-04,CUST00369,Mysuru,25.0,Green Tea 100 Bags,Grocery,2,353.17,9.9,Credit Card,Delivered,3.3
ORD005714,,CUST00276,Surat,39.0,SQL for Beginners,Books,3,646.08,10.2,Credit Card,Delivered,4.6
ORD005715,,CUST00139,Delhi,34.0,Sunscreen SPF 50,Beauty,2,720.21,10.9,UPI,Cancelled,
ORD005716,,CUST01606,Kolkata,39.0,Green Tea 100 Bags,Grocery,4,357.67,4.0,Cash on Delivery,Delivered,
ORD005717,2026-03-05,CUST01193,Kochi,30.0,Protein Oats 1kg,Grocery,2,380.34,13.7,Credit Card,Delivered,4.8
ORD005718,,CUST00473,Mumbai,35.0,Storage Container Set,Home & Kitchen,1,918.28,13.9,UPI,Delivered,3.2
ORD005719,,CUST00451,Hyderabad,38.0,Rich Dad Poor Dad,Books,1,492.12,5.6,Credit Card,Pending,
ORD005720,2025-07-10,CUST00875,Lucknow,32.0,Basmati Rice 5kg,Grocery,1,690.7,9.7,UPI,Delivered,3.3
ORD005721,2026-01-04,CUST01347,Lucknow,52.0,Sports Track Pants,Fashion,2,1272.39,14.2,UPI,Delivered,3.8
ORD005722,,CUST01874,Hyderabad,31.0,Water Bottle,Home & Kitchen,1,704.54,6.2,Credit Card,Delivered,4.7
ORD005723,,CUST01842,Bengaluru,32.0,Body Lotion,Beauty,4,451.4,14.4,UPI,Returned,2.4
ORD005724,,CUST00607,Surat,34.0,Dry Fruits Mix 500g,Grocery,3,573.11,7.4,Debit Card,Delivered,5.0
ORD005725,,CUST01204,Chandigarh,38.0,Cooking Oil 5L,Grocery,2,839.32,5.5,Credit Card,Delivered,4.0
ORD005726,,CUST00276,Surat,39.0,Body Lotion,Beauty,1,443.73,4.0,UPI,Delivered,
ORD005727,2026-06-07,CUST01438,Kochi,28.0,Dry Fruits Mix 500g,Grocery,2,572.8,11.8,UPI,Delivered,5.0
ORD005728,2025-05-10,CUST00012,Chennai,37.0,Mechanical Keyboard,Electronics,2,2823.02,5.6,Wallet,Delivered,3.3
ORD005729,,CUST00068,Kolkata,34.0,Women's Kurti,Fashion,1,915.12,14.7,Credit Card,Delivered,
ORD005730,2026-12-01,CUST01242,Lucknow,20.0,Women's Kurti,Fashion,1,1041.68,10.0,Credit Card,Delivered,3.9
ORD005731,2026-02-08,CUST01498,Mangaluru,39.0,Backpack,Fashion,3,1301.03,7.0,Cash on Delivery,Delivered,4.3
ORD005732,,CUST00178,Lucknow,34.0,Coffee 500g,Grocery,1,419.63,11.0,UPI,Delivered,4.0
ORD005733,,CUST00548,Surat,42.0,1080p Webcam,Electronics,2,2137.1,4.1,UPI,Delivered,
ORD005734,2025-10-12,CUST02014,Delhi,28.0,Hair Serum,Beauty,2,496.76,8.5,Debit Card,Delivered,3.0
ORD005735,,CUST01184,Chennai,28.0,Data Structures,Books,1,792.13,12.6,UPI,Delivered,3.0
ORD005736,,CUST01274,Hyderabad,30.0,Cooking Oil 5L,Grocery,1,820.41,5.5,UPI,Delivered,3.4
ORD005737,,CUST01769,Jaipur,32.0,Atomic Habits,Books,2,571.73,5.3,UPI,Delivered,3.6
ORD005738,2025-12-11,CUST01889,Mumbai,43.0,Men's Casual Shirt,Fashion,1,1269.46,14.2,Credit Card,Delivered,3.3
ORD005739,2026-12-01,CUST01361,Pune,44.0,Mixer Grinder,Home & Kitchen,2,3560.78,11.0,Credit Card,Delivered,4.9
ORD005740,,CUST00535,Jaipur,40.0,Gym Gloves,Sports & Fitness,1,504.62,9.0,UPI,Delivered,4.1
ORD005741,,CUST01510,Bengaluru,41.0,Atomic Habits,Books,1,619.69,11.7,Net Banking,Delivered,4.3
ORD005742,,CUST01668,Bengaluru,25.0,Dumbbell Set 10kg,Sports & Fitness,1,1928.21,8.9,Debit Card,Delivered,4.0
ORD005743,,CUST01265,Hyderabad,38.0,Cooking Oil 5L,Grocery,2,803.57,7.3,Credit Card,Delivered,4.6
ORD005744,,CUST01408,Delhi,37.0,Organic Honey 500g,Grocery,1,463.06,7.0,UPI,Delivered,4.9
ORD005745,2026-08-07,CUST01406,Delhi,28.0,Storage Container Set,Home & Kitchen,1,915.46,9.7,Debit Card,Delivered,5.0
ORD005746,2026-11-05,CUST01511,Mangaluru,24.0,Resistance Bands,Sports & Fitness,3,601.35,9.7,UPI,Delivered,4.3
ORD005747,,CUST01492,Kolkata,38.0,Men's Casual Shirt,Fashion,3,1181.17,10.2,Net Banking,Delivered,2.7
ORD005748,,CUST00620,Chandigarh,40.0,Storage Container Set,Home & Kitchen,2,905.88,11.1,UPI,Delivered,4.2
ORD005749,,CUST00679,Ahmedabad,46.0,Rich Dad Poor Dad,Books,2,500.17,9.2,UPI,Delivered,4.2
ORD005750,,CUST02005,Mumbai,41.0,Data Structures,Books,2,796.48,0.0,UPI,Delivered,4.9
ORD005751,,CUST01072,Hyderabad,38.0,Running Shoes,Fashion,1,2430.5,9.5,Wallet,Delivered,3.3
ORD005752,,CUST01236,Chennai,41.0,Men's Casual Shirt,Fashion,1,1230.48,6.6,Credit Card,Delivered,
ORD005753,,CUST00935,Lucknow,31.0,Protein Oats 1kg,Grocery,1,371.17,,Cash on Delivery,Delivered,4.3
ORD005754,2026-02-04,CUST00654,Mumbai,18.0,Sunscreen SPF 50,Beauty,3,734.35,5.0,UPI,Delivered,4.0
ORD005755,,CUST00971,Chandigarh,38.0,USB-C Fast Charger,Electronics,1,942.32,8.2, UPI ,Pending,
ORD005756,,CUST00356,Chennai,37.0,Cotton T-Shirt,Fashion,3,674.29,13.1,Debit Card,Delivered,3.7
ORD005757,2025-12-10,CUST01714,Pune,50.0,Moisturizer,Beauty,1,625.56,,Credit Card,Delivered,3.7
ORD005758,2025-07-10,CUST00610,Chennai,43.0,Skipping Rope,Sports & Fitness,1,297.38,13.1,Wallet,Delivered,5.0
ORD005759,,CUST01447,Lucknow,37.0,Smartwatch,Electronics,1,3093.99,5.0,Cash on Delivery,Pending,
ORD005760,2026-03-08,CUST01744,Kochi,28.0,Gym Gloves,Sports & Fitness,1,495.04,10.5,Wallet,Delivered,
ORD005761,2026-12-08,CUST00642,Delhi,25.0,Lipstick,Beauty,2,613.98,9.8,UPI,Delivered,3.2
ORD005762,2026-06-05,CUST00412,Mysuru,30.0,Cotton T-Shirt,Fashion,2,695.31,4.4,UPI,Delivered,1.9
ORD005763,,CUST00716,Pune,34.0,Dumbbell Set 10kg,Sports & Fitness,1,2010.4,8.1,Debit Card,Delivered,4.2
ORD005764,,CUST00743,Chennai,36.0,Men's Casual Shirt,Fashion,1,1255.48,13.8,UPI,Delivered,3.4
ORD005765,2026-03-04,CUST00743,Chennai,36.0,Men's Casual Shirt,Fashion,1,1160.8,7.3,UPI,Delivered,3.2
ORD005766,,CUST00705,Mangaluru,23.0,Bedsheet Set,Home & Kitchen,2,1763.02,10.2,UPI,Delivered,4.4
ORD005767,,CUST00223,Pune,33.0,Lipstick,Beauty,4,630.45,13.6,Debit Card,Delivered,4.3
ORD005768,,CUST01122,Bengaluru,20.0,Storage Container Set,Home & Kitchen,2,918.25,12.4,Credit Card,Delivered,3.9
ORD005769,2026-02-06,CUST01080,Delhi,29.0,Python Programming,Books,1,697.63,5.1,UPI,Delivered,3.8
ORD005770,2026-07-08,CUST01563,Jaipur,33.0,Wireless Earbuds,Electronics,2,2452.39,11.2,Credit Card,Delivered,4.6
ORD005771,2026-05-03,CUST00510,Bengaluru,31.0,Skipping Rope,Sports & Fitness,2,316.32,1.0,UPI,Delivered,3.6
ORD005772,,CUST00012,Chennai,37.0,SQL for Beginners,Books,2,615.52,13.4,Credit Card,Delivered,4.4
ORD005773,2026-08-01,CUST01901,Kolkata,38.0,Cooking Oil 5L,Grocery,1,739.97,5.6,Debit Card,Delivered,
ORD005774,,CUST00898,Surat,28.0,Almonds 500g,Grocery,1,535.29,13.6,UPI,Delivered,5.0
ORD005775,,CUST01440,Pune,26.0,Rich Dad Poor Dad,Books,1,496.24,12.1,Debit Card,Delivered,2.9
ORD005776,2026-06-06,CUST00820,Pune,18.0,Bedsheet Set,Home & Kitchen,2,1659.19,7.0,Debit Card,Delivered,4.5
ORD005777,,CUST00875,Lucknow,32.0,Almonds 500g,Grocery,2,477.69,6.9,Debit Card,Delivered,4.6
ORD005778,,CUST00567,Ahmedabad,23.0,Non-Stick Fry Pan,Home & Kitchen,2,1264.6,17.4,UPI,Delivered,4.7
ORD005779,2026-01-08,CUST00945,Mysuru,44.0,Water Bottle,Home & Kitchen,3,711.95,7.7,UPI,Delivered,4.4
ORD005780,,CUST01812,Chennai,35.0,Running Shoes,Fashion,1,2549.31,8.2,UPI,Cancelled,
ORD005781,,CUST00027,Bengaluru,36.0,Football,Sports & Fitness,1,928.88,14.6,UPI,Pending,
ORD005782,2025-09-11,CUST01573,Jaipur,26.0,Cricket Bat,Sports & Fitness,1,2473.87,16.4,UPI,Delivered,4.6
ORD005783,,CUST01113,Surat,43.0,Cotton T-Shirt,Fashion,2,691.22,5.3,Net Banking,Delivered,
ORD005784,,CUST01146,Delhi,36.0,Bluetooth Speaker,Electronics,2,1710.47,3.0,Debit Card,Delivered,3.9
ORD005785,,CUST00795,,41.0,Smartwatch,Electronics,1,3244.32,9.7,Net Banking,Delivered,3.6
ORD005786,2026-01-05,CUST02017,Jaipur,24.0,SQL for Beginners,Books,2,652.08,10.9,Cash on Delivery,Cancelled,
ORD005787,2026-08-05,CUST00627,Jaipur,32.0,Water Bottle,Home & Kitchen,3,680.84,5.5,UPI,Delivered,5.0
ORD005788,,CUST00780,Pune,32.0,Women's Kurti,Fashion,2,976.09,3.8,UPI,Delivered,3.1
ORD005789,,CUST01826,Bengaluru,28.0,Saree,Fashion,2,2290.92,3.2,Cash on Delivery,Delivered,4.5
ORD005790,2026-10-06,CUST00211,Lucknow,41.0,Atomic Habits,Books,2,592.86,8.5,UPI,Delivered,2.9
ORD005791,,CUST01837,Surat,28.0,Yoga Mat,Sports & Fitness,1,758.22,7.6,Cash on Delivery,Delivered,5.0
ORD005792,,CUST00945,Mysuru,44.0,Dry Fruits Mix 500g,Grocery,2,585.45,9.0,UPI,Delivered,3.8
ORD005793,,CUST01376,Chandigarh,25.0,Skipping Rope,Sports & Fitness,2,286.21,4.5,Cash on Delivery,Delivered,3.3
ORD005794,2026-03-03,CUST01902,Mumbai,27.0,Body Lotion,Beauty,2,481.95,4.8,UPI,Returned,
ORD005795,2026-11-06,CUST00370,Lucknow,40.0,Laptop Backpack,Electronics,1,1878.92,6.0,Credit Card,Delivered,3.6
ORD005796,,CUST01406,Delhi,28.0,Cotton T-Shirt,Fashion,1,715.39,7.4,UPI,Delivered,3.6
ORD005797,2025-12-10,CUST00227,Kolkata,29.0,Cotton T-Shirt,Fashion,1,669.34,12.2,Credit Card,Delivered,4.6
ORD005798,,CUST00726,Mangaluru,25.0,Non-Stick Fry Pan,Home & Kitchen,2,1329.75,5.6,UPI,Delivered,5.0
ORD005799,,CUST01064,Hyderabad,42.0,Face Wash,Beauty,2,400.89,8.1,UPI,Delivered,4.9
ORD005800,,CUST00209,Mumbai,27.0,Protein Oats 1kg,Grocery,4,422.65,14.2,UPI,Delivered,2.8
ORD005801,,CUST01204,Chandigarh,38.0,Men's Casual Shirt,Fashion,2,1078.65,12.9,Net Banking,Delivered,
ORD005802,2026-10-07,CUST01993,Surat,22.0,Indian History,Books,1,543.73,6.1,UPI,Delivered,
ORD005803,2026-05-03,CUST00391,Chennai,18.0,Water Bottle,Home & Kitchen,2,687.89,8.1,Net Banking,Delivered,4.2
ORD005804,2026-07-08,CUST01908,Mangaluru,38.0,Face Wash,Beauty,1,391.55,6.2,UPI,Delivered,5.0
ORD005805,2026-12-04,CUST00523,Surat,40.0,Running Shoes,Fashion,1,2455.01,15.2,UPI,Delivered,4.1
ORD005806,,CUST00202,Surat,23.0,USB-C Fast Charger,Electronics,1,1033.66,4.6,Debit Card,Delivered,4.5
ORD005807,,CUST01854,Ahmedabad,20.0,Bedsheet Set,Home & Kitchen,2,1779.87,5.0,Credit Card,Delivered,4.3
ORD005808,2026-12-04,CUST00238,Pune,32.0,Bedsheet Set,Home & Kitchen,1,1671.08,9.5,Cash on Delivery,Delivered,4.6
ORD005809,2025-06-11,CUST01934,Chandigarh,37.0,Hair Serum,Beauty,1,474.71,17.2,Net Banking,Delivered,
ORD005810,,CUST00391,Chennai,18.0,Face Wash,Beauty,1,403.23,13.2,Debit Card,Delivered,3.5
ORD005811,,CUST01802,Pune,23.0,Electric Kettle,Home & Kitchen,3,1652.93,9.2,UPI,Delivered,3.7
ORD005812,,CUST00349,Delhi,18.0,Skipping Rope,Sports & Fitness,3,312.3,5.4,Credit Card,Delivered,3.9
ORD005813,,CUST00069,Lucknow,26.0,Saree,Fashion,3,2142.73,13.1,Debit Card,Delivered,2.4
ORD005814,,CUST00092,Chennai,30.0,Dry Fruits Mix 500g,Grocery,5,633.16,14.7,Credit Card,Delivered,3.6
ORD005815,,CUST01928,Chandigarh,25.0,Non-Stick Fry Pan,Home & Kitchen,1,1239.38,11.3,Debit Card,Delivered,3.7
ORD005816,2026-11-07,CUST01913,Jaipur,29.0,Bluetooth Speaker,Electronics,1,1791.31,6.6,UPI,Delivered,4.5
ORD005817,,CUST00715,Ahmedabad,35.0,Running Shoes,Fashion,2,2376.83,9.6,Debit Card,Delivered,4.0
ORD005818,,CUST01377,Bengaluru,48.0,Skipping Rope,Sports & Fitness,3,308.53,7.7,UPI,Cancelled,
ORD005819,,CUST00093,Bengaluru,18.0,Water Bottle,Home & Kitchen,3,661.89,16.6,Debit Card,Delivered,3.6
ORD005820,,CUST01132,Bengaluru,31.0,Protein Oats 1kg,Grocery,1,391.8,6.8,Cash on Delivery,Delivered,3.5
ORD005821,,CUST01039,Jaipur,38.0,Cycling Helmet,Sports & Fitness,1,1606.3,5.0,UPI,Delivered,4.4
ORD005822,,CUST00699,Hyderabad,28.0,Atomic Habits,Books,1,594.69,9.7,UPI,Delivered,3.2
ORD005823,,CUST01702,Ahmedabad,,SQL for Beginners,Books,2,656.51,8.1,Credit Card,Delivered,4.3
ORD005824,2026-12-02,CUST00171,Mangaluru,35.0,Resistance Bands,Sports & Fitness,1,570.39,11.9,UPI,Delivered,3.7
ORD005825,2025-12-10,CUST01175,Mumbai,22.0,Mixer Grinder,Home & Kitchen,3,3627.63,14.4,Cash on Delivery,Delivered,3.8
ORD005826,2026-06-08,CUST00125,Mumbai,37.0,Running Shoes,Fashion,1,2469.91,9.4,Credit Card,Returned,3.1
ORD005827,2025-11-12,CUST01938,Lucknow,37.0,Lipstick,Beauty,2,545.39,5.9,Net Banking,Delivered,4.1
ORD005828,,CUST00008,Jaipur,36.0,USB-C Fast Charger,Electronics,1,927.39,4.3,Credit Card,Delivered,2.7
ORD005829,,CUST01050,Pune,39.0,Atomic Habits,Books,2,606.4,9.8,UPI,Delivered,3.4
ORD005830,,CUST01408,Delhi,37.0,Organic Honey 500g,Grocery,1,458.62,5.9,UPI,Delivered,3.1
ORD005831,,CUST01955,,36.0,Almonds 500g,Grocery,2,530.34,5.5,Debit Card,Delivered,4.1
ORD005832,,CUST00563,Surat,,Electric Kettle,Home & Kitchen,1,1691.8,15.6,UPI,Delivered,3.2
ORD005833,,CUST00846,Pune,18.0,Skipping Rope,Sports & Fitness,1,313.95,9.2,Credit Card,Delivered,4.4
ORD005834,,CUST01238,Chennai,18.0,Moisturizer,Beauty,4,644.31,11.6,Wallet,Delivered,4.4
ORD005835,2025-11-11,CUST00570,Mysuru,18.0,Football,Sports & Fitness,1,899.4,0.2,UPI,Delivered,4.8
ORD005836,,CUST01890,Delhi ,44.0,Python Programming,Books,1,699.65,6.4,Cash on Delivery,Delivered,2.9
ORD005837,,CUST01653,Chennai,40.0,Laptop Backpack,Electronics,1,1878.67,9.9,Debit Card,Pending,
ORD005838,2026-05-05,CUST00651,Kolkata,37.0,Python Programming,Books,1,665.04,14.3,Credit Card,Delivered,4.2
ORD005839,,CUST00742,Hyderabad,22.0,Atomic Habits,Books,2,603.36,6.0,Credit Card,Delivered,5.0
ORD005840,,CUST01636, Delhi ,24.0,1080p Webcam,Electronics,2,2278.27,3.7,Credit Card,Cancelled,
ORD005841,,CUST00323,Pune,25.0,Denim Jeans,Fashion,1,1785.92,18.7,Credit Card,Delivered,5.0
ORD005842,,CUST01913,Jaipur,29.0,Basmati Rice 5kg,Grocery,1,717.9,4.9,UPI,Delivered,3.1
ORD005843,2025-09-10,CUST00272,Bengaluru,34.0,Lipstick,Beauty,3,586.45,17.4,Wallet,Pending,
ORD005844,,CUST00449,Ahmedabad,30.0,Hair Serum,Beauty,1,485.39,11.5,UPI,Delivered,3.3
ORD005845,,CUST01265,Hyderabad,38.0,Rich Dad Poor Dad,Books,1,498.19,15.3,Wallet,Delivered,3.8
ORD005846,,CUST01740,Chennai,46.0,Smartwatch,Electronics,1,3309.91,5.1,UPI,Delivered,
ORD005847,2026-02-08,CUST01870,Ahmedabad,18.0,Rich Dad Poor Dad,Books,2,487.17,12.9,Cash on Delivery,Delivered,5.0
ORD005848,2025-04-09,CUST00058,Surat,43.0,USB-C Fast Charger,Electronics,2,1003.37,3.9,UPI,Delivered,4.5
ORD005849,,CUST01047,Jaipur,23.0,Non-Stick Fry Pan,Home & Kitchen,1,1273.25,7.0,UPI,Pending,
ORD005850,,CUST01735,Delhi,31.0,Machine Learning Basics,Books,1,932.69,8.5,UPI,Delivered,
ORD005851,,CUST00459,Delhi,19.0,Green Tea 100 Bags,Grocery,2,356.06,12.8,UPI,Delivered,
ORD005852,,CUST01869,Bengaluru,26.0,Cooking Oil 5L,Grocery,1,863.66,6.8,Debit Card,Delivered,
ORD005853,2025-04-10,CUST01932,Delhi,36.0,Python Programming,Books,1,669.68,12.1,UPI,Pending,
ORD005854,2025-08-10,CUST00199,Delhi,26.0,Laptop Backpack,Electronics,2,1977.85,6.6,UPI,Delivered,4.9
ORD005855,,CUST00585,Chennai,23.0,Men's Casual Shirt,Fashion,2,1120.55,10.0,Debit Card,Delivered,3.7
ORD005856,2025-05-12,CUST00920,Mysuru,44.0,Mechanical Keyboard,Electronics,2,2786.96,14.5,UPI,Delivered,4.5
ORD005857,2026-10-03,CUST00989,Ahmedabad,33.0,Mechanical Keyboard,Electronics,1,2792.11,10.1,Wallet,Delivered,3.7
ORD005858,2025-04-10,CUST00267,Jaipur,36.0,Power Bank 20000mAh,Electronics,2,1513.11,14.7,Cash on Delivery,Delivered,4.4
ORD005859,,CUST01329,Delhi,51.0,Storage Container Set,Home & Kitchen,1,910.8,3.7,Net Banking,Delivered,2.7
ORD005860,2026-12-08,CUST00662,Chandigarh,28.0,Water Bottle,Home & Kitchen,1,676.06,8.8,UPI,Delivered,4.2
ORD005861,2026-04-02,CUST01688,Bengaluru,23.0,Bluetooth Speaker,Electronics,1,1986.55,9.7,Wallet,Delivered,4.0
ORD005862,,CUST01902,Mumbai,27.0,Women's Kurti,Fashion,1,984.36,16.0,UPI,Delivered,4.2
ORD005863,,CUST01798,Kolkata,37.0,Resistance Bands,Sports & Fitness,1,587.19,13.2,Net Banking,Delivered,5.0
ORD005864,2026-01-04,CUST01028,Kochi,25.0,Skipping Rope,Sports & Fitness,2,308.43,10.8,UPI,Delivered,3.9
ORD005865,,CUST00118,Mysuru,34.0,USB-C Fast Charger,Electronics,2,962.14,11.8,Credit Card,Delivered,4.2
ORD005866,,CUST00194,Ahmedabad,22.0,Bedsheet Set,Home & Kitchen,1,1609.04,17.5,Credit Card,Delivered,4.1
ORD005867,,CUST00933,Delhi,36.0,Denim Jeans,Fashion,2,1922.67,14.4,Credit Card,Delivered,3.2
ORD005868,,CUST00904,Pune,31.0,Cooking Oil 5L,Grocery,1,778.08,4.2,UPI,Delivered,4.2
ORD005869,,CUST02046,Kolkata,20.0,Basmati Rice 5kg,Grocery,3,773.55,13.7,Net Banking,Delivered,3.5
ORD005870,,CUST00479,Surat,18.0,Water Bottle,Home & Kitchen,2,681.45,3.0,UPI,Delivered,
ORD005871,2026-03-05,CUST00269,Bengaluru,35.0,Men's Casual Shirt,Fashion,1,1289.51,12.3,UPI,Delivered,4.1
ORD005872,,CUST01124,Jaipur,25.0,Football,Sports & Fitness,2,879.04,13.1,Net Banking,Delivered,4.4
ORD005873,,CUST00221,Lucknow,18.0,Shampoo,Beauty,2,531.05,5.9,Net Banking,Delivered,4.3
ORD005874,2025-09-11,CUST01583,Lucknow,,Protein Oats 1kg,Grocery,2,386.2,11.1,Credit Card,Returned,
ORD005875,,CUST00456,Surat,29.0,Python Programming,Books,1,685.63,9.4,Credit Card,Delivered,2.6
ORD005876,2026-03-08,CUST00336,,29.0,Data Structures,Books,1,836.96,14.9,,Delivered,2.7
ORD005877,,CUST01363,Delhi,24.0,Machine Learning Basics,Books,2,886.22,5.5,UPI,Delivered,4.4
ORD005878,,CUST00609,Surat,21.0,Almonds 500g,Grocery,4,495.34,9.8,UPI,Delivered,1.8
ORD005879,,CUST00868,Delhi,54.0,Moisturizer,Beauty,2,676.63,7.8,Net Banking,Returned,3.1
ORD005880,2026-05-08,CUST02020,Mumbai,38.0,Dry Fruits Mix 500g,Grocery,1,615.59,9.2,Cash on Delivery,Delivered,3.7
ORD005881,,CUST01625,Chandigarh,32.0,Skipping Rope,Sports & Fitness,2,295.19,9.0,Cash on Delivery,Delivered,4.5
ORD005882,,CUST01851,Surat,29.0,Competitive Aptitude,Books,2,476.55,5.1,Debit Card,Delivered,4.9
ORD005883,2026-01-02,CUST01225,Chandigarh,30.0,Power Bank 20000mAh,Electronics,1,1428.77,12.9,Credit Card,Delivered,5.0
ORD005884,2026-11-07,CUST00297,Chennai,32.0,Cotton T-Shirt,Fashion,1,664.63,10.4,Wallet,Delivered,4.2
ORD005885,2026-12-01,CUST01957,Chandigarh,24.0,Hair Serum,Beauty,2,489.23,12.5,Credit Card,Delivered,
ORD005886,2025-08-10,CUST00148,Chandigarh,18.0,Power Bank 20000mAh,Electronics,2,1456.15,9.2,UPI,Delivered,4.8
ORD005887,2026-05-08,CUST00868,Delhi,54.0,Bluetooth Speaker,Electronics,2,1856.34,15.1,UPI,Cancelled,
ORD005888,,CUST00822,Chandigarh,27.0,LED Desk Lamp,Home & Kitchen,2,1003.49,11.6,Debit Card,Delivered,3.9
ORD005889,,CUST01204,Chandigarh,38.0,Gym Gloves,Sports & Fitness,1,493.97,11.9,UPI,Delivered,4.9
ORD005890,2025-10-11,CUST00947,CHENNAI,40.0,Competitive Aptitude,Books,2,444.75,15.4,UPI,Delivered,5.0
ORD005891,2026-04-05,CUST01646,Mangaluru,27.0,Storage Container Set,Home & Kitchen,1,888.11,5.3,Credit Card,Delivered,3.9
ORD005892,,CUST01848,Chennai,34.0,Denim Jeans,Fashion,1,1752.42,9.1,Net Banking,Delivered,3.1
ORD005893,2026-09-01,CUST00920,Mysuru,44.0,Coffee 500g,Grocery,2,410.0,10.5,UPI,Delivered,3.7
ORD005894,2026-06-07,CUST00624,Chennai,26.0,Running Shoes,Fashion,2,2427.86,15.4,Credit Card,Delivered,5.0
ORD005895,,CUST01900,Delhi,25.0,Bluetooth Speaker,Electronics,2,1795.56,5.5,Credit Card,Delivered,3.5
ORD005896,,CUST00319,Delhi,31.0,Indian History,Books,2,579.58,8.9,Net Banking,Delivered,4.9
ORD005897,,CUST00937,Surat,31.0,Women's Kurti,Fashion,1,983.68,14.7,UPI,Delivered,
ORD005898,,CUST01506,Mysuru,45.0,Running Shoes,Fashion,1,2447.41,10.9,UPI,Delivered,3.7
ORD005899,,CUST00706,Ahmedabad,30.0,Water Bottle,Home & Kitchen,3,680.66,10.5,UPI,Delivered,3.7
ORD005900,,CUST00405,Delhi,47.0,Running Shoes,Fashion,1,2602.55,14.6,Debit Card,Delivered,4.5
ORD005901,2026-03-02,CUST01817,Jaipur,31.0,LED Desk Lamp,Home & Kitchen,2,975.62,11.6,UPI,Delivered,4.1
ORD005902,,CUST01911,Lucknow,29.0,Women's Kurti,Fashion,2,988.32,15.8,Net Banking,Delivered,3.9
ORD005903,,CUST01632,Delhi,34.0,Running Shoes,Fashion,1,2561.18,10.8,UPI,Delivered,4.2
ORD005904,2026-08-06,CUST00118,Mysuru,34.0,Women's Kurti,Fashion,1,958.11,5.1,Debit Card,Delivered,3.9
ORD005905,2026-02-03,CUST00006,,25.0,Storage Container Set,Home & Kitchen,2,925.01,6.6,Cash on Delivery,Cancelled,
ORD005906,,CUST00194,Ahmedabad,22.0,Men's Casual Shirt,Fashion,2,1147.37,4.1,Cash on Delivery,Delivered,2.8
ORD005907,2025-08-11,CUST01247,Mumbai,29.0,Sunscreen SPF 50,Beauty,4,746.59,12.6,Cash on Delivery,Cancelled,
ORD005908,,CUST00129,Mysuru,18.0,Men's Casual Shirt,Fashion,3,1208.82,4.5,UPI,Delivered,
ORD005909,,CUST00826,Ahmedabad,33.0,Face Wash,Beauty,1,401.66,13.8,UPI,Delivered,4.9
ORD005910,2025-08-11,CUST01755,Pune,28.0,Men's Casual Shirt,Fashion,2,1180.96,11.3,Net Banking,Delivered,4.2
ORD005911,2026-05-04,CUST01633,Delhi,23.0,Men's Casual Shirt,Fashion,1,1237.52,12.4,Debit Card,Delivered,3.3
ORD005912,,CUST01184,Chennai,28.0,Hair Serum,Beauty,1,473.3,13.6,UPI,Delivered,3.6
ORD005913,2026-11-02,CUST00698,Chennai,25.0,Sports Track Pants,Fashion,1,1371.81,8.4,Cash on Delivery,Delivered,3.4
ORD005914,2026-07-05,CUST01859,Surat,42.0,Saree,Fashion,1,2177.58,7.8,Cash on Delivery,Delivered,3.4
ORD005916,,CUST00968,Hyderabad,18.0,Competitive Aptitude,Books,2,453.05,9.4,UPI,Delivered,4.5
ORD005917,2026-01-07,CUST00622,Kochi,33.0,Power Bank 20000mAh,Electronics,2,1428.3,14.8,Credit Card,Delivered,
ORD005918,2025-05-12,CUST00146,Mangaluru,39.0,Smartwatch,Electronics,2,3409.16,5.5,Debit Card,Delivered,4.0
ORD005919,,CUST00344,Mumbai,26.0,Backpack,Fashion,3,1335.87,12.5,UPI,Cancelled,
ORD005920,,CUST00081,Ahmedabad,,Cooking Oil 5L,Grocery,1,761.59,12.0,Cash on Delivery,Delivered,3.5
ORD005921,2026-11-02,CUST00930,Surat,30.0,Laptop Backpack,Electronics,1,1930.35,16.9,UPI,Delivered,
ORD005922,,CUST01846,Hyderabad,18.0,Rich Dad Poor Dad,Books,2,513.76,14.2,UPI,Delivered,2.4
ORD005923,2025-08-11,CUST01252,Kochi,31.0,Mechanical Keyboard,Electronics,2,2819.71,15.4,UPI,Delivered,3.3
ORD005924,2026-02-07,CUST00630,Mysuru,32.0,Storage Container Set,Home & Kitchen,3,956.68,11.3,Net Banking,Delivered,3.4
ORD005925,,CUST00172,Surat,23.0,Basmati Rice 5kg,Grocery,1,750.99,11.8,UPI,Delivered,5.0
ORD005926,2025-08-11,CUST01858,,38.0,Yoga Mat,Sports & Fitness,1,767.74,16.6,UPI,Delivered,3.3
ORD005927,,CUST01376,Chandigarh,25.0,Atomic Habits,Books,2,599.18,2.3,UPI,Delivered,4.1
ORD005928,,CUST01076,Ahmedabad,32.0,Power Bank 20000mAh,Electronics,1,1313.32,11.1,Wallet,Cancelled,
ORD005929,,CUST00251,Chennai,33.0,Coffee 500g,Grocery,1,425.47,9.9,UPI,Delivered,3.0
ORD005930,,CUST01248,Bengaluru,22.0,Almonds 500g,Grocery,2,531.82,9.5,UPI,Delivered,4.5
ORD005931,,CUST01231,Kochi,48.0,Gym Gloves,Sports & Fitness,3,475.89,3.3,Credit Card,Pending,
ORD005932,,CUST00651,Kolkata,37.0,Saree,Fashion,2,2103.37,4.6,Net Banking,Delivered,3.5
ORD005933,,CUST01791,Pune,18.0,Moisturizer,Beauty,1,688.71,7.9,UPI,Delivered,3.8
ORD005934,,CUST00418,Chandigarh,35.0,Laptop Backpack,Electronics,2,1800.18,8.6,Credit Card,Delivered,4.8
ORD005935,,CUST01450,Delhi,29.0,Face Wash,Beauty,2,397.04,15.5,UPI,Delivered,4.7
ORD005936,,CUST01869,Bengaluru,26.0,Cooking Oil 5L,Grocery,4,804.17,1.3,Credit Card,Delivered,5.0
ORD005937,,CUST01822,Hyderabad,30.0,Unknown,Books,1,440.75,16.1,Debit Card,Delivered,4.3
ORD005938,,CUST01989,Hyderabad,42.0,USB-C Fast Charger,Electronics,2,992.47,16.7,Wallet,Delivered,4.1
ORD005939,,CUST01233,Mumbai,22.0,Lipstick,Beauty,1,623.15,7.2,Cash on Delivery,Delivered,3.5
ORD005940,,CUST00567,Ahmedabad,23.0,Lipstick,Beauty,1,618.09,11.1,Cash on Delivery,Delivered,3.9
ORD005941,2026-06-07,CUST01099,Chennai,31.0,Almonds 500g,Grocery,1,480.91,6.2,UPI,Delivered,5.0
ORD005942,,CUST01252,Kochi,31.0,USB-C Fast Charger,Electronics,1,907.43,8.2,Net Banking,Delivered,4.1
ORD005943,,CUST00868,Delhi,54.0,Water Bottle,Home & Kitchen,2,700.73,10.8,Cash on Delivery,Delivered,4.0
ORD005944,,CUST01851,Surat,29.0,Body Lotion,Beauty,1,443.4,0.0,Debit Card,Delivered,4.3
ORD005945,,CUST00412,Mysuru,30.0,Perfume,Beauty,2,1266.19,11.3,UPI,Delivered,3.0
ORD005946,,CUST00823,Bengaluru,27.0,Men's Casual Shirt,Fashion,1,1261.03,9.8,UPI,Delivered,3.4
ORD005947,,CUST01080,Delhi,29.0,Mechanical Keyboard,Electronics,1,2975.78,13.9,UPI,Delivered,4.0
ORD005948,,CUST02039,Surat,41.0,Backpack,Fashion,1,1284.67,14.6,Debit Card,Delivered,4.2
ORD005949,2026-03-03,CUST01092,Kolkata,40.0,Denim Jeans,Fashion,2,1814.91,6.9,Debit Card,Delivered,3.8
ORD005950,2026-09-07,CUST01248,Bengaluru,22.0,Sports Track Pants,Fashion,2,1385.9,14.5,UPI,Delivered,4.8
ORD005951,2026-01-02,CUST01857,Mysuru,35.0,Dumbbell Set 10kg,Sports & Fitness,3,2068.78,9.1,Cash on Delivery,Delivered,3.5
ORD005952,,CUST00244,Jaipur,31.0,Cooking Oil 5L,Grocery,1,796.26,8.0,UPI,Delivered,4.4
ORD005953,2026-05-01,CUST01364,Chandigarh,42.0,Cotton T-Shirt,Fashion,1,703.16,10.8,UPI,Delivered,3.6
ORD005954,2026-06-07,CUST00820,Pune,18.0,Moisturizer,Beauty,1,714.8,16.1,Cash on Delivery,Delivered,3.7
ORD005955,2025-08-09,CUST00743,Chennai,36.0,Face Wash,Beauty,1,405.78,9.0,Wallet,Delivered,4.4
ORD005956,,CUST01573,Jaipur,26.0,Water Bottle,Home & Kitchen,1,728.84,8.7,Debit Card,Delivered,4.0
ORD005957,,CUST01541,Surat,31.0,Electric Kettle,Home & Kitchen,2,1593.76,7.0,UPI,Delivered,2.7
ORD005958,,CUST01665,Chennai,23.0,Cotton T-Shirt,Fashion,1,689.04,18.0,UPI,Delivered,3.8
ORD005959,,CUST00682,Delhi,28.0,Dry Fruits Mix 500g,Grocery,4,593.5,3.7,UPI,Delivered,
ORD005960,,CUST01274,Hyderabad,30.0,Resistance Bands,Sports & Fitness,1,580.82,13.3,UPI,Delivered,4.7
ORD005961,,CUST00458,Hyderabad,27.0,Water Bottle,Home & Kitchen,1,643.36,11.6,UPI,Delivered,4.2
ORD005962,2026-12-07,CUST00593,Mumbai,28.0,Running Shoes,Fashion,2,2668.07,10.8,UPI,Delivered,3.5
ORD005963,,CUST02035,Mysuru,30.0,Competitive Aptitude,Books,1,447.46,17.3,Credit Card,Delivered,3.6
ORD005964,,CUST01839,kochi,41.0,Men's Casual Shirt,Fashion,1,1174.43,7.0,UPI,Delivered,3.4
ORD005965,,CUST01353,Ahmedabad,22.0,Cooking Oil 5L,Grocery,1,778.29,5.0,UPI,Delivered,3.2
ORD005966,,CUST01884,Surat,48.0,,Grocery,2,421.72,2.2,UPI,Delivered,3.8
ORD005967,2025-10-11,CUST00179,Bengaluru,23.0,Coffee 500g,Grocery,3,453.11,10.2,UPI,Delivered,3.7
ORD005968,,CUST00834,Bengaluru,27.0,Running Shoes,Fashion,1,2735.58,1.0,UPI,Delivered,
ORD005969,2026-11-02,CUST00886,Delhi,18.0,Python Programming,Books,1,689.98,8.0,Cash on Delivery,Delivered,3.3
ORD005970,,CUST01027,Lucknow,37.0,Python Programming,Books,1,653.62,6.8,UPI,Delivered,4.4
ORD005971,2026-07-05,CUST01493,Mysuru,43.0,USB-C Fast Charger,Electronics,2,1020.64,8.4,Debit Card,Delivered,3.1
ORD005972,,CUST00283,Delhi,18.0,Football,Sports & Fitness,1,912.15,12.5,UPI,Delivered,
ORD005973,,CUST01826,Bengaluru,28.0,Almonds 500g,Grocery,1,519.74,10.3,UPI,Delivered,4.0
ORD005974,,CUST00815,Ahmedabad,43.0,Water Bottle,Home & Kitchen,3,696.05,13.5,UPI,Delivered,4.9
ORD005975,,CUST01341,Kochi,26.0,LED Desk Lamp,Home & Kitchen,2,926.37,3.1,UPI,Delivered,4.2
ORD005976,2026-06-02,CUST01662,CHENNAI,36.0,USB-C Fast Charger,Electronics,2,951.94,3.6,Credit Card,Pending,
ORD005977,2025-10-12,CUST00771,Mysuru,38.0,Data Structures,Books,1,809.91,7.2,Wallet,Delivered,4.2
ORD005978,2026-06-02,CUST00272,Bengaluru,34.0,Moisturizer,Beauty,4,679.07,10.5,UPI,Pending,
ORD005979,,CUST00727,Mangaluru,28.0,Cooking Oil 5L,Grocery,3,783.68,8.0,Credit Card,Delivered,3.5
ORD005980,,CUST00391,Chennai,18.0,Mixer Grinder,Home & Kitchen,3,3351.72,20.4,UPI,Delivered,4.9
ORD005981,2025-06-09,CUST00785,Bengaluru,30.0,Water Bottle,Home & Kitchen,3,717.92,15.7,Net Banking,Delivered,2.7
ORD005982,2025-02-12,CUST01391,Hyderabad,36.0,Bluetooth Speaker,Electronics,2,1781.8,10.9,UPI,Delivered,4.2
ORD005983,,CUST00832,Surat,33.0,Cushion Set,Home & Kitchen,2,776.77,8.2,Credit Card,Pending,
ORD005984,2025-05-10,CUST01160,Chennai,23.0,Electric Kettle,Home & Kitchen,1,1627.05,10.7,UPI,Delivered,4.8
ORD005985,,CUST00218,Delhi,23.0,Skipping Rope,Sports & Fitness,1,302.76,6.9,Debit Card,Delivered,5.0
ORD005986,2025-05-09,CUST00627,Jaipur,32.0,Basmati Rice 5kg,Grocery,2,762.25,2.7,UPI,Delivered,3.7
ORD005987,,CUST01249,Chandigarh,32.0,Cotton T-Shirt,Fashion,2,701.6,9.8,Debit Card,Cancelled,
ORD005988,,CUST00194,Ahmedabad,22.0,Data Structures,Books,2,757.29,7.3,UPI,Pending,
ORD005989,2025-11-09,CUST00898,Surat,28.0,Mechanical Keyboard,Electronics,1,2886.04,11.3,Cash on Delivery,Delivered,5.0
ORD005990,2025-03-12,CUST01965,Jaipur,41.0,Atomic Habits,Books,2,558.91,8.1,UPI,Delivered,4.2
ORD005991,,CUST01069,Mumbai,28.0,Moisturizer,Beauty,2,657.36,10.2,UPI,Delivered,
ORD005992,,CUST01366,Hyderabad,25.0,Indian History,Books,3,540.04,10.4,UPI,Delivered,4.6
ORD005993,2025-11-10,CUST01252,Kochi,31.0,Non-Stick Fry Pan,Home & Kitchen,2,1240.38,7.5,Credit Card,Delivered,4.5
ORD005994,2026-10-08,CUST01424,Chennai,21.0,Running Shoes,Fashion,1,2515.65,14.3,UPI,Cancelled,
ORD005995,,CUST02036,Mysuru,32.0,Power Bank 20000mAh,Electronics,2,1428.78,9.6,Credit Card,Delivered,3.1
ORD005996,,CUST00118,Mysuru,34.0,Denim Jeans,Fashion,1,1679.47,8.7,Cash on Delivery,Delivered,3.9
ORD005997,,CUST01913,Jaipur,29.0,Storage Container Set,Home & Kitchen,3,914.52,8.6,UPI,Delivered,3.0
ORD005998,2026-11-02,CUST00933,Delhi,36.0,Cotton T-Shirt,Fashion,1,719.67,10.0,Cash on Delivery,Returned,4.7
ORD005999,2026-06-05,CUST01802,Pune,23.0,Dumbbell Set 10kg,Sports & Fitness,2,2045.62,13.9,Cash on Delivery,Delivered,5.0
ORD006000,2026-12-05,CUST01649,Delhi,23.0,Atomic Habits,Books,3,596.73,16.8,UPI,Delivered,4.6
ORD006001,2026-09-07,CUST00077, Mumbai ,26.0,Almonds 500g,Grocery,2,532.63,6.2,Debit Card,Delivered,5.0
ORD006002,2026-11-07,CUST00146,Mangaluru,39.0,Competitive Aptitude,Books,1,445.81,7.7,UPI,Delivered,4.7
ORD006003,2026-08-08,CUST01555,Chandigarh,34.0,Sunscreen SPF 50,Beauty,1,679.66,15.2,Cash on Delivery,Cancelled,
ORD006004,2025-10-12,CUST00410,Jaipur,20.0,Green Tea 100 Bags,Grocery,1,360.43,16.4,Wallet,Delivered,3.1
ORD006005,,CUST00379,Mumbai,24.0,Water Bottle,Home & Kitchen,3,709.07,8.2,Net Banking,Delivered,3.8
ORD006006,,CUST00901,Chennai,32.0,Green Tea 100 Bags,Grocery,3,331.74,6.8,UPI,Delivered,4.7
ORD006007,2026-11-05,CUST00379,Mumbai,24.0,Python Programming,Books,3,752.34,9.7,Cash on Delivery,Delivered,3.2
ORD006008,,CUST00009,Mangaluru,30.0,Protein Oats 1kg,Grocery,1,420.51,10.7,Credit Card,Delivered,5.0
ORD006009,2026-08-01,CUST01910,Lucknow,33.0,Machine Learning Basics,Books,1,895.04,11.7,UPI,Delivered,3.9
ORD006010,,CUST00954,Surat,34.0,Basmati Rice 5kg,Grocery,2,760.92,13.0,UPI,Delivered,3.7
ORD006011,,CUST01307,Mumbai,19.0,Power Bank 20000mAh,Electronics,2,1590.73,6.8,Credit Card,Cancelled,
ORD006012,,CUST01081,Pune,25.0,Data Structures,Books,1,811.06,17.0,UPI,Delivered,3.9
ORD006013,,CUST00241,Mysuru,29.0,Resistance Bands,Sports & Fitness,1,568.33,12.8,Wallet,Delivered,4.6
ORD006014,,CUST01382,Jaipur,19.0,Bedsheet Set,Home & Kitchen,1,1549.17,3.0,Wallet,Delivered,3.6
ORD006015,2026-10-01,CUST01911,Lucknow,29.0,Competitive Aptitude,Books,1,421.33,8.2,Credit Card,Delivered,3.3
ORD006016,2025-06-11,CUST00172,Surat,23.0,Face Wash,Beauty,1,400.25,9.3,UPI,Delivered,5.0
ORD006018,,CUST01417,Hyderabad,24.0,Storage Container Set,Home & Kitchen,2,925.32,4.9,UPI,Delivered,4.0
ORD006019,,CUST00645,Hyderabad,34.0,Rich Dad Poor Dad,Books,2,495.48,10.1,Credit Card,Delivered,5.0
ORD006020,2026-08-04,CUST01361,Pune,44.0,Power Bank 20000mAh,Electronics,2,1590.71,11.2, UPI ,Delivered,5.0
ORD006021,,CUST01670,Mumbai,39.0,USB-C Fast Charger,Electronics,2,1113.62,4.7,UPI,Delivered,
ORD006022,,CUST00856,Kochi,39.0,Atomic Habits,Books,1,624.7,12.5,Cash on Delivery,Delivered,4.8
ORD006023,2026-02-04,CUST00933,Delhi,36.0,Green Tea 100 Bags,Grocery,3,350.88,5.5,UPI,Delivered,4.1
ORD006024,2026-07-01,CUST00030,Kolkata,20.0,Almonds 500g,Grocery,2,507.09,4.3,Cash on Delivery,Delivered,3.1
ORD006025,2025-03-11,CUST01233,Mumbai,22.0,Shampoo,Beauty,2,578.93,9.7,UPI,Delivered,3.6
ORD006026,,CUST01569,Mumbai,25.0,Data Structures,Books,1,891.86,7.8,UPI,Delivered,
ORD006027,,CUST01969,Hyderabad,34.0,Coffee 500g,Grocery,2,426.64,9.4,UPI,Delivered,3.5
ORD006028,,CUST01554,Kolkata,35.0,Smartwatch,Electronics,1,3322.12,6.5,Credit Card,Delivered,4.0
ORD006029,2025-09-11,CUST00951,Bengaluru,37.0,Storage Container Set,Home & Kitchen,1,907.86,3.3,Net Banking,Delivered,4.3
ORD006030,2025-09-11,CUST00002,Lucknow,42.0,Basmati Rice 5kg,Grocery,2,740.74,3.6,UPI,Delivered,3.4
ORD006031,,CUST01913,Jaipur,29.0,Bluetooth Speaker,Electronics,1,1720.25,9.5,UPI,Delivered,
ORD006032,,CUST01668,Bengaluru,25.0,Indian History,Books,2,562.92,13.2,UPI,Delivered,4.5
ORD006033,2026-10-08,CUST01953,Surat,19.0,Cooking Oil 5L,Grocery,1,803.84,14.7,Debit Card,Delivered,4.5
ORD006034,2026-11-08,CUST00088,Mumbai,34.0,Protein Oats 1kg,Grocery,2,398.48,7.9,Wallet,Delivered,3.3
ORD006035,2026-12-04,CUST02028,Mumbai,27.0,Green Tea 100 Bags,Grocery,1,360.28,10.7,UPI,Delivered,3.6
ORD006036,,CUST01307,Mumbai,,Backpack,Fashion,1,1346.44,9.4,UPI,Delivered,4.3
ORD006037,,CUST00283,Delhi,18.0,Electric Kettle,Home & Kitchen,1,1613.6,11.8,UPI,Pending,
ORD006038,,CUST00823,Bengaluru,27.0,Almonds 500g,Grocery,1,537.93,0.0,Debit card ,Cancelled,
ORD006039,2026-04-07,CUST00600,Ahmedabad,26.0,Laptop Backpack,Electronics,1,1799.87,5.8,Cash on Delivery,Cancelled,
ORD006040,2026-05-05,CUST01568,Mumbai,30.0,Basmati Rice 5kg,Grocery,3,796.42,12.3,UPI,Delivered,
ORD006041,2025-04-11,CUST00514,Surat,31.0,Cotton T-Shirt,Fashion,1,720.51,13.4,Debit Card,Delivered,5.0
ORD006042,2026-11-02,CUST00713,Surat,27.0,Smartwatch,Electronics,2,3138.81,9.3,Cash on Delivery,Delivered,4.9
ORD006043,2026-07-02,CUST00729,Hyderabad,29.0,Skipping Rope,Sports & Fitness,2,296.9,8.5,UPI,Delivered,3.1
ORD006044,2025-01-12,CUST00047,Hyderabad,33.0,Atomic Habits,Books,2,616.52,10.6,Credit Card,Delivered,4.0
ORD006045,2025-04-12,CUST00546,Chennai,25.0,Dry Fruits Mix 500g,Grocery,2,616.51,14.9,Debit Card,Delivered,2.9
ORD006046,,CUST01972,Mangaluru,34.0,Storage Container Set,Home & Kitchen,1,881.06,4.2,Cash on Delivery,Delivered,4.8
ORD006047,2026-11-03,CUST00578,Mysuru,29.0,Yoga Mat,Sports & Fitness,2,744.58,,UPI,Delivered,4.6
ORD006048,2025-12-10,CUST00121,Mangaluru,33.0,Mixer Grinder,Home & Kitchen,2,3153.84,7.4,Credit Card,Delivered,4.2
ORD006049,2026-09-08,CUST01044,Bengaluru,24.0,Backpack,Fashion,1,1394.37,17.6,UPI,Delivered,4.5
ORD006050,2025-04-10,CUST00916,Chennai,53.0,Cotton T-Shirt,Fashion,1,663.54,11.7,Cash on Delivery,Delivered,4.2
ORD006051,,CUST00669,Jaipur,31.0,Men's Casual Shirt,Fashion,3,1211.09,5.8,Credit Card,Delivered,2.6
ORD006052,,CUST00004,Bengaluru,29.0,Green Tea 100 Bags,Grocery,1,355.63,12.6,UPI,Cancelled,
ORD006053,,CUST01997,Kochi,38.0,Dry Fruits Mix 500g,Grocery,1,584.82,7.4,UPI,Delivered,3.0
ORD006054,,CUST01777,Kochi,24.0,Men's Casual Shirt,Fashion,1,1167.04,10.6,Wallet,Delivered,4.7
ORD006055,2025-04-12,CUST02036,Mysuru,32.0,Python Programming,Books,2,712.99,10.0,Credit Card,Delivered,3.6
ORD006056,,CUST01512,Surat,34.0,Power Bank 20000mAh,Electronics,2,1445.22,3.5,Wallet,Pending,
ORD006057,2026-04-08,CUST00775,Mangaluru,40.0,Skipping Rope,Sports & Fitness,1,295.6,6.5,Net Banking,Delivered,4.4
ORD006058,,CUST01814,Surat,23.0,Mechanical Keyboard,Electronics,1,2678.75,14.0,UPI,Cancelled,
ORD006059,,CUST01236,Chennai,41.0,Storage Container Set,Home & Kitchen,2,882.37,6.1,Debit Card,Delivered,4.7
ORD006060,,CUST01885,Ahmedabad,42.0,Almonds 500g,Grocery,1,483.93,3.3,Credit Card,Delivered,5.0
ORD006061,,CUST00498,Delhi,31.0,Basmati Rice 5kg,Grocery,2,804.34,15.8,UPI,Delivered,
ORD006062,2025-03-12,CUST01633,Delhi,23.0,Bluetooth Speaker,Electronics,1,1746.12,1.4,credit card,Delivered,3.8
ORD006063,,CUST00813,Bengaluru,26.0,Almonds 500g,Grocery,2,493.1,7.2,UPI,Cancelled,
ORD006064,,CUST01573,Jaipur,26.0,Power Bank 20000mAh,Electronics,1,1447.36,9.4,Credit Card,Delivered,4.0
ORD006065,2026-06-03,CUST00351,Mumbai,24.0,LED Desk Lamp,Home & Kitchen,1,1087.08,7.9,UPI,Delivered,4.4
ORD006066,2026-09-05,CUST01835,Mumbai,23.0,Body Lotion,Beauty,1,455.92,6.4,Cash on Delivery,Delivered,3.6
ORD006067,,CUST00129,Mysuru,18.0,Indian History,Books,3,529.24,10.9,UPI,Delivered,5.0
ORD006068,,CUST01079,Hyderabad,29.0,Shampoo,Beauty,1,560.57,7.9,Debit Card,Delivered,4.2
ORD006069,,CUST00035,Mysuru,27.0,Laptop Backpack,Electronics,1,1742.01,0.5,UPI,Delivered,4.7
ORD006070,,CUST00630,Mysuru,32.0,Gym Gloves,Sports & Fitness,1,492.77,14.2,Credit Card,Delivered,3.2
ORD006071,2025-12-12,CUST00224,Hyderabad,18.0,Face Wash,Beauty,3,398.61,6.5,,Delivered,4.2
ORD006072,,CUST01384,Bengaluru,27.0,Non-Stick Fry Pan,Home & Kitchen,1,1393.98,3.7,UPI,Delivered,3.3
ORD006073,,CUST00086,Chennai,36.0,Shampoo,Beauty,1,574.9,10.0,Debit Card,Delivered,
ORD006074,,CUST00738,Chandigarh,18.0,Lipstick,Beauty,1,594.51,15.4,UPI,Delivered,3.3
ORD006075,,CUST01669,Kolkata,46.0,Saree,Fashion,2,2223.78,6.5,UPI,Delivered,4.3
ORD006076,2026-04-01,CUST01150,,27.0,Power Bank 20000mAh,Electronics,2,1656.98,6.9,Credit Card,Delivered,3.6
ORD006077,,CUST00407,Chennai,23.0,Python Programming,Books,2,717.28,4.3,Net Banking,Pending,
ORD006078,2025-08-10,CUST00690,Mangaluru,37.0,Cotton T-Shirt,Fashion,1,681.97,10.6,Wallet,Delivered,4.9
ORD006080,,CUST00933,Delhi,36.0,Yoga Mat,Sports & Fitness,2,781.03,16.7,Credit Card,Delivered,3.3
ORD006081,2026-10-02,CUST01083,Delhi,24.0,Cotton T-Shirt,Fashion,2,723.11,15.0,UPI,Delivered,3.9
ORD006082,2026-10-06,CUST01551,Kochi,23.0,Atomic Habits,Books,2,574.87,8.1,UPI,Delivered,5.0
ORD006083,2026-08-07,CUST00507,Pune,24.0,USB-C Fast Charger,Electronics,2,1017.2,12.0,Cash on Delivery,Delivered,3.1
ORD006084,,CUST01719,Pune,29.0,USB-C Fast Charger,Electronics,2,1034.76,11.6,UPI,Delivered,3.7
ORD006085,2026-05-01,CUST00241,Mysuru,29.0,Sunscreen SPF 50,Beauty,2,663.03,11.4,Net Banking,Delivered,4.2
ORD006086,2026-03-03,CUST00823,Bengaluru,27.0,USB-C Fast Charger,Electronics,1,1081.79,0.4,UPI,Delivered,5.0
ORD006087,2026-02-05,CUST00506,Jaipur,21.0,Coffee 500g,Grocery,1,431.32,6.0,UPI,Delivered,
ORD006088,,CUST01123,Bengaluru,24.0,Men's Casual Shirt,Fashion,2,1257.93,8.5,Debit Card,Delivered,4.3
ORD006089,,CUST02023,Jaipur,28.0,Almonds 500g,Grocery,1,476.75,7.7,Cash on Delivery,Delivered,
ORD006090,,CUST01734,Surat,22.0,Data Structures,Books,3,763.7,7.0,Net Banking,Delivered,3.5
ORD006091,2026-11-04,CUST00935,Lucknow,31.0,Mechanical Keyboard,Electronics,1,2841.31,0.9,Credit Card,Delivered,4.9
ORD006092,2026-07-04,CUST00837,Ahmedabad,27.0,Gym Gloves,Sports & Fitness,3,526.08,12.5,Credit Card,Delivered,4.3
ORD006093,2025-02-10,CUST01072,Hyderabad,38.0,Bluetooth Speaker,Electronics,1,1855.02,10.3,UPI,Delivered,
ORD006094,2026-08-03,CUST00292, Ahmedabad ,37.0,Resistance Bands,Sports & Fitness,2,586.51,11.1,Debit Card,Delivered,4.3
ORD006095,,CUST00280,Pune,27.0,Gym Gloves,Sports & Fitness,1,514.3,13.2,UPI,Delivered,4.5
ORD006096,,CUST01315,Kolkata,35.0,Almonds 500g,Grocery,1,517.21,4.7,Cash on Delivery,Delivered,3.4
ORD006097,,CUST01052,Mysuru,31.0,Dry Fruits Mix 500g,Grocery,1,597.33,10.7,UPI,Delivered,
ORD006098,,CUST00316,Chandigarh,18.0,Cooking Oil 5L,Grocery,1,767.89,10.1,UPI,Delivered,4.4
ORD006099,,CUST00179,Bengaluru,23.0,Bedsheet Set,Home & Kitchen,1,1766.36,4.8,UPI,Returned,
ORD006100,,CUST01184,Chennai,28.0,Women's Kurti,Fashion,3,979.72,9.0,UPI,Delivered,3.1
ORD006101,,CUST00794,Surat,37.0,Mechanical Keyboard,Electronics,2,2890.25,0.4,UPI,Delivered,4.1
ORD006102,,CUST00226,,29.0,Smartwatch,Electronics,2,3351.4,9.0,UPI,Delivered,5.0
ORD006103,2026-07-05,CUST00916,Chennai,53.0,Non-Stick Fry Pan,Home & Kitchen,3,1277.87,13.4,UPI,Delivered,3.7
ORD006104,,CUST01034,Ahmedabad,34.0,Coffee 500g,Grocery,1,419.6,3.2,UPI,Cancelled,
ORD006105,2026-05-03,CUST01627,Kochi,,Body Lotion,Beauty,1,401.18,7.7,Wallet,Delivered,5.0
ORD006106,,CUST01994,Hyderabad,31.0,Men's Casual Shirt,Fashion,2,1268.38,7.2,Wallet,Delivered,3.6
ORD006107,2025-01-11,CUST01812,Chennai,35.0,Laptop Backpack,Electronics,1,1788.78,13.6,UPI,Delivered,4.3
ORD006108,,CUST01152,Surat,42.0,Wireless Earbuds,Electronics,1,2449.1,15.9,Credit Card,Delivered,5.0
ORD006109,,CUST01119,Delhi,41.0,Cricket Bat,Sports & Fitness,2,2620.86,7.1,Credit Card,Delivered,3.8
ORD006110,2026-06-05,CUST01963,Chennai,29.0,Indian History,Books,1,551.85,8.7,Net Banking,Delivered,3.1
ORD006111,,CUST01214,Mumbai,32.0,Face Wash,Beauty,1,415.61,11.9,Credit Card,Delivered,2.5
ORD006112,,CUST01276,Pune,18.0,USB-C Fast Charger,Electronics,2,1033.2,9.1,Cash on Delivery,Delivered,4.6
ORD006113,,CUST01790,Kolkata,34.0,Green Tea 100 Bags,Grocery,1,332.34,9.4,Credit Card,Delivered,3.8
ORD006114,2025-11-12,CUST01358,Delhi,29.0,Atomic Habits,Books,1,631.36,10.9,Debit Card,Delivered,3.1
ORD006115,,CUST00898,Surat,28.0,Hair Serum,Beauty,2,497.46,3.4,Wallet,Delivered,3.4
ORD006116,2026-09-07,CUST00929,Surat,33.0,1080p Webcam,Electronics,1,2304.02,14.7,Debit Card,Delivered,3.7
ORD006117,2026-04-02,CUST01451,Pune,26.0,Bluetooth Speaker,Electronics,1,1857.19,8.9,Credit Card,Delivered,4.0
ORD006118,2026-07-03,CUST01275,Mangaluru,42.0,Coffee 500g,Grocery,1,411.69,12.2,Net Banking,Delivered,2.4
ORD006119,,CUST00791,Mumbai,42.0,Non-Stick Fry Pan,Home & Kitchen,1,1361.05,10.8,UPI,Delivered,3.8
ORD006120,,CUST01026,Kochi,50.0,Sunscreen SPF 50,Beauty,2,650.62,19.4,Debit Card,Delivered,4.3
ORD006121,,CUST01184,Chennai,28.0,Cooking Oil 5L,Grocery,1,786.7,0.0,UPI,Delivered,3.1
ORD006122,2026-11-08,CUST00588,Jaipur,37.0,USB-C Fast Charger,Electronics,1,942.17,11.6,Cash on Delivery,Delivered,4.1
ORD006123,,CUST00886,Delhi,18.0,Face Wash,Beauty,1,394.7,12.6,UPI,Delivered,4.9
ORD006124,,CUST00641,Delhi,25.0,Wireless Earbuds,Electronics,2,2676.62,12.5,Debit Card,Delivered,3.3
ORD006125,2026-12-03,CUST01471,Kochi,31.0,Laptop Backpack,Electronics,2,1871.86,10.6,UPI,Delivered,4.6
ORD006126,2025-05-09,CUST00795,Mysuru,41.0,Mixer Grinder,Home & Kitchen,3,3315.18,7.9,Credit Card,Delivered,4.4
ORD006127,2026-08-07,CUST01466,Pune,27.0,Skipping Rope,Sports & Fitness,2,295.95,11.4,UPI,Delivered,3.3
ORD006128,2026-03-01,CUST01175,Mumbai,22.0,Sports Track Pants,Fashion,2,1366.52,13.3,Wallet,Delivered,4.2
ORD006129,,CUST01433,Delhi,22.0,Face Wash,Beauty,1,429.29,7.5,UPI,Delivered,4.0
ORD006130,,CUST00777,Bengaluru,23.0,Coffee 500g,Grocery,2,439.09,7.9,Net Banking,Delivered,3.4
ORD006131,2026-04-05,CUST01422,Chennai,23.0,Cotton T-Shirt,Fashion,1,687.5,13.2,UPI,Delivered,3.7
ORD006132,,CUST00168,Delhi,24.0,Women's Kurti,Fashion,1,1042.41,5.8,UPI,Delivered,2.9
ORD006133,,CUST01629,Kolkata,41.0,Atomic Habits,Books,3,591.51,11.3,UPI,Cancelled,
ORD006134,,CUST00414,Bengaluru,30.0,1080p Webcam,Electronics,2,2382.21,16.0,UPI,Pending,
ORD006135,,CUST00682,Delhi,28.0,Almonds 500g,Grocery,2,483.7,9.4,Net Banking,Delivered,3.6
ORD006136,2025-09-09,CUST01446,Unknown,25.0,Cotton T-Shirt,Fashion,1,714.18,10.7,UPI,Delivered,3.8
ORD006137,,CUST00706,Ahmedabad,30.0,Saree,Fashion,3,2328.07,7.7,Cash on Delivery,Delivered,3.7
ORD006138,,CUST01744,Kochi,28.0,Machine Learning Basics,Books,2,834.47,13.8,Net Banking,Delivered,3.6
ORD006139,,CUST00364,Bengaluru,42.0,Sunscreen SPF 50,Beauty,2,700.87,8.6,Wallet,Delivered,3.7
ORD006140,,CUST01717,Kolkata,41.0,Indian History,Books,1,543.56,15.0,UPI,Delivered,4.8
ORD006141,2025-02-12,CUST01451,Pune,26.0,Electric Kettle,Home & Kitchen,3,1678.72,7.5,Net Banking,Returned,3.5
ORD006142,2025-03-12,CUST01801,Delhi,39.0,Women's Kurti,Fashion,2,1010.01,14.4,UPI,Delivered,3.3
ORD006143,2025-12-10,CUST00502,Mumbai,36.0,Football,Sports & Fitness,3,939.33,19.6,Credit Card,Delivered,2.6
ORD006144,,CUST00837,Ahmedabad,27.0,Rich Dad Poor Dad,Books,1,478.55,8.5,UPI,Delivered,4.0
ORD006145,,CUST00786,Chennai,39.0,Cushion Set,Home & Kitchen,2,803.75,13.8,Credit Card,Delivered,4.9
ORD006146,,CUST00046,Surat,30.0,Cooking Oil 5L,Grocery,2,798.12,11.8,UPI,Delivered,4.1
ORD006147,,CUST00673,Chennai,27.0,Storage Container Set,Home & Kitchen,1,952.86,3.8,Cash on Delivery,Delivered,4.6
ORD006148,,CUST00349,Delhi,18.0,Basmati Rice 5kg,Grocery,2,673.49,13.0,UPI,Delivered,3.7
ORD006149,,CUST02036,Mysuru,32.0,Basmati Rice 5kg,Grocery,1,723.96,11.8,Credit Card,Cancelled,
ORD006150,,CUST00391,Chennai,18.0,Bluetooth Speaker,Electronics,1,1859.63,7.5,Credit Card,Delivered,3.7
ORD006151,,CUST00690,Mangaluru,37.0,Face Wash,Beauty,1,386.76,19.4,Net Banking,Delivered,3.9
ORD006152,2026-02-06,CUST00509,Kochi,27.0,Running Shoes,Fashion,2,2555.91,9.0,UPI,Delivered,3.8
ORD006153,2025-02-12,CUST01253,Pune,35.0,Atomic Habits,Books,2,603.9,9.4,Credit Card,Delivered,
ORD006154,2026-05-02,CUST00216,Hyderabad,35.0,Men's Casual Shirt,Fashion,3,1233.56,10.7,credit card,Delivered,
ORD006155,2026-11-02,CUST00584,Jaipur,20.0,SQL for Beginners,Books,2,671.13,17.0,UPI,Returned,
ORD006156,2026-11-01,CUST00872,Hyderabad,46.0,Hair Serum,Beauty,3,456.52,11.3,UPI,Delivered,3.9
ORD006157,,CUST00820,Pune,18.0,Men's Casual Shirt,Fashion,2,1174.64,14.4,Credit Card,Delivered,4.0
ORD006158,,CUST01475,Pune,26.0,Backpack,Fashion,3,1310.44,11.4,Net Banking,Delivered,2.9
ORD006159,,CUST00519,Ahmedabad,26.0,Saree,Fashion,3,2063.97,9.0,Cash on Delivery,Cancelled,
ORD006160,2026-08-04,CUST01702,,36.0,Dry Fruits Mix 500g,Grocery,2,576.81,8.3,Credit Card,Pending,
ORD006161,,CUST01213,Hyderabad,21.0,Storage Container Set,Home & Kitchen,3,900.96,9.5,UPI,Delivered,3.7
ORD006162,,CUST00951,Bengaluru,37.0,Basmati Rice 5kg,Grocery,2,768.75,9.7,UPI,Delivered,
ORD006163,2025-04-10,CUST01296,Chandigarh,24.0,Bedsheet Set,Home & Kitchen,1,1551.86,4.1,Debit Card,Delivered,3.5
ORD006164,,CUST01348,Kochi,29.0,Cooking Oil 5L,Grocery,3,788.05,3.5,Wallet,Delivered,3.5
ORD006165,,CUST01668,Bengaluru,25.0,Bluetooth Speaker,Electronics,1,1763.32,4.6,Credit Card,Pending,
ORD006166,,CUST00704,Mysuru,28.0,Basmati Rice 5kg,Grocery,1,732.73,4.9,UPI,Delivered,4.3
ORD006167,,CUST01076,Ahmedabad,32.0,Skipping Rope,Sports & Fitness,2,298.92,6.3,UPI,Delivered,3.4
ORD006168,,CUST01355,Delhi,24.0,USB-C Fast Charger,Electronics,2,1013.97,10.9,Wallet,Delivered,4.4
ORD006169,,CUST01193,Kochi,30.0,Machine Learning Basics,Books,1,918.58,6.6,UPI,Delivered,
ORD006170,,CUST01306,Ahmedabad,28.0,Saree,Fashion,1,2101.05,7.5,Credit Card,Delivered,4.3
ORD006171,,CUST00292,Ahmedabad,37.0,Resistance Bands,Sports & Fitness,2,639.73,4.2,UPI,Delivered,4.2
ORD006172,,CUST01053,Delhi,30.0,Lipstick,Beauty,1,591.96,14.3,Credit Card,Delivered,3.8
ORD006173,,CUST00882,Ahmedabad,39.0,Coffee 500g,Grocery,2,424.4,13.5,Credit Card,Delivered,
ORD006174,2026-09-03,CUST01777,Kochi,24.0,Atomic Habits,Books,2,623.33,12.8,Credit Card,Delivered,3.0
ORD006175,,CUST00441,Ahmedabad,31.0,Protein Oats 1kg,Grocery,3,423.22,15.8,UPI,Delivered,3.5
ORD006176,,CUST01799,Delhi,23.0,1080p Webcam,Electronics,2,2290.52,12.0,UPI,Delivered,3.0
ORD006177,,CUST01697,Jaipur,32.0,Non-Stick Fry Pan,Home & Kitchen,3,1265.02,11.7,UPI,Delivered,4.6
ORD006178,,CUST00194,Ahmedabad,22.0,Running Shoes,Fashion,3,2348.99,14.1,Wallet,Delivered,3.7
ORD006179,,CUST00042,Lucknow,29.0,Bluetooth Speaker,Electronics,2,1923.0,0.0,UPI,Delivered,3.8
ORD006180,,CUST00283,Delhi,18.0,Resistance Bands,Sports & Fitness,2,577.1,7.6,Credit Card,Delivered,5.0
ORD006181,,CUST00113,Ahmedabad,28.0,Gym Gloves,Sports & Fitness,1,482.85,11.7,Cash on Delivery,Delivered,3.9
ORD006182,,CUST00837,Ahmedabad,27.0,Protein Oats 1kg,Grocery,2,393.66,11.8,Credit Card,Delivered,4.1
ORD006183,,CUST01859,Surat,42.0,Saree,Fashion,3,2098.99,11.4,Wallet,Delivered,4.5
ORD006184,2026-01-08,CUST00387,Lucknow,41.0,Hair Serum,Beauty,2,484.66,9.3,Debit Card,Delivered,4.5
ORD006185,2026-08-02,CUST00219,Hyderabad,28.0,Atomic Habits,Books,1,603.73,7.7,Net Banking,Delivered,4.0
ORD006186,2026-03-08,CUST01159,Bengaluru,37.0,Machine Learning Basics,Books,1,982.3,11.0,UPI,Delivered,3.5
ORD006187,2025-04-11,CUST00697,Chandigarh,30.0,Backpack,Fashion,2,1246.06,12.8,Debit Card,Delivered,3.3
ORD006188,2026-08-01,CUST01210,Chandigarh,31.0,Cooking Oil 5L,Grocery,1,824.84,5.8,Credit Card,Delivered,4.2
ORD006189,,CUST01119,Delhi,41.0,Cushion Set,Home & Kitchen,2,828.02,8.1,Credit Card,Delivered,5.0
ORD006190,2026-06-07,CUST01849,Bengaluru,26.0,Shampoo,Beauty,1,548.6,11.2,Wallet,Delivered,3.5
ORD006191,,CUST01497,Hyderabad,18.0,Competitive Aptitude,Books,2,475.27,,Cash on Delivery,Delivered,4.2
ORD006192,,CUST00979,Ahmedabad,33.0,Running Shoes,Fashion,3,2451.04,18.4,Wallet,Delivered,5.0
ORD006193,,CUST01236,Chennai,41.0,Power Bank 20000mAh,Electronics,2,1441.44,10.0,Credit Card,Delivered,4.6
ORD006194,,CUST00930,Surat,30.0,Protein Oats 1kg,Grocery,1,401.43,11.3,Debit Card,Delivered,3.2
ORD006195,2026-06-04,CUST01056,Kolkata,32.0,Hair Serum,Beauty,1,461.91,11.0,Credit Card,Delivered,4.8
ORD006196,,CUST01219,Jaipur,33.0,Coffee 500g,Grocery,1,439.85,13.6,Credit Card,Delivered,4.3
ORD006197,,CUST01027,Lucknow,37.0,Protein Oats 1kg,Grocery,3,384.92,4.3,UPI,Delivered,3.0
ORD006198,,CUST00011,Chandigarh,26.0,Cotton T-Shirt,Fashion,1,691.25,11.6,UPI,Delivered,
ORD006199,2025-01-09,CUST01968,Mumbai,33.0,Power Bank 20000mAh,Electronics,2,1534.05,4.3,Net Banking,Cancelled,
ORD006200,2026-12-01,CUST00941,Chandigarh,42.0,Gym Gloves,Sports & Fitness,1,472.8,11.6,Wallet,Pending,
